{
  "type": "FeatureCollection",
  "generator": "overpass-turbo",
  "copyright": "The data included in this document is from www.openstreetmap.org. The data is made available under ODbL.",
  "timestamp": "2026-07-04T02:53:14Z",
  "features": [
    {
      "type": "Feature",
      "properties": {
        "@id": "way/27555333",
        "highway": "motorway",
        "lanes": "2",
        "layer": "-1",
        "maxspeed": "80",
        "name": "名神高速道路",
        "name:en": "Meishin Expressway",
        "name:ja": "名神高速道路",
        "name:ko": "메이신고속도로",
        "name:ru": "Автомагистраль Мэйсин",
        "oneway": "yes",
        "ref": "E1",
        "smoothness": "excellent",
        "surface": "paved",
        "toll": "yes",
        "tunnel": "yes"
      },
      "geometry": {
        "type": "LineString",
        "coordinates": [
          [
            135.5074966,
            34.7719297
          ],
          [
            135.5079966,
            34.7719544
          ],
          [
            135.5090407,
            34.7719985
          ],
          [
            135.5097508,
            34.7720555
          ],
          [
            135.5103007,
            34.7721189
          ],
          [
            135.5109708,
            34.7722044
          ],
          [
            135.511641,
            34.7723081
          ],
          [
            135.5122331,
            34.7724272
          ],
          [
            135.512959,
            34.7726099
          ]
        ]
      },
      "id": "way/27555333"
    },
    {
      "type": "Feature",
      "properties": {
        "@id": "way/27555334",
        "highway": "motorway",
        "lanes": "2",
        "maxspeed": "80",
        "name": "名神高速道路",
        "name:en": "Meishin Expressway",
        "name:ja": "名神高速道路",
        "name:ko": "메이신고속도로",
        "name:ru": "Автомагистраль Мэйсин",
        "oneway": "yes",
        "ref": "E1",
        "smoothness": "excellent",
        "source": "Bing 2010",
        "surface": "paved",
        "toll": "yes"
      },
      "geometry": {
        "type": "LineString",
        "coordinates": [
          [
            135.512959,
            34.7726099
          ],
          [
            135.5134225,
            34.7727323
          ],
          [
            135.5140213,
            34.7729083
          ],
          [
            135.5148018,
            34.773163
          ],
          [
            135.5153846,
            34.773397
          ],
          [
            135.5159991,
            34.7736632
          ],
          [
            135.5167774,
            34.7740302
          ],
          [
            135.5175323,
            34.7744307
          ],
          [
            135.517994,
            34.7747091
          ],
          [
            135.51861,
            34.7751105
          ],
          [
            135.5188841,
            34.775299
          ],
          [
            135.5192088,
            34.7755339
          ],
          [
            135.5195679,
            34.7757988
          ],
          [
            135.519842,
            34.7760229
          ],
          [
            135.5201523,
            34.7762874
          ],
          [
            135.5204532,
            34.7765498
          ],
          [
            135.5207627,
            34.776833
          ],
          [
            135.5209297,
            34.7769879
          ],
          [
            135.5213178,
            34.7773625
          ],
          [
            135.5215946,
            34.7776358
          ],
          [
            135.5238819,
            34.7799278
          ],
          [
            135.5261091,
            34.7821411
          ],
          [
            135.5276596,
            34.7837455
          ],
          [
            135.528019,
            34.7841173
          ],
          [
            135.5291497,
            34.785215
          ]
        ]
      },
      "id": "way/27555334"
    },
    {
      "type": "Feature",
      "properties": {
        "@id": "way/27555336",
        "highway": "motorway",
        "lanes": "3",
        "maxspeed": "80",
        "name": "名神高速道路",
        "name:en": "Meishin Expressway",
        "name:ja": "名神高速道路",
        "name:ko": "메이신고속도로",
        "name:ru": "Автомагистраль Мэйсин",
        "oneway": "yes",
        "ref": "E1",
        "smoothness": "excellent",
        "source": "Bing 2010",
        "surface": "asphalt",
        "toll": "yes"
      },
      "geometry": {
        "type": "LineString",
        "coordinates": [
          [
            135.5050608,
            34.7714942
          ],
          [
            135.5046653,
            34.7713965
          ],
          [
            135.5041103,
            34.771236
          ],
          [
            135.50354,
            34.7710415
          ],
          [
            135.5030093,
            34.770837
          ],
          [
            135.502609,
            34.770657
          ],
          [
            135.502396,
            34.770554
          ],
          [
            135.502182,
            34.770451
          ],
          [
            135.5019764,
            34.7703325
          ],
          [
            135.5017651,
            34.7702092
          ],
          [
            135.5015639,
            34.7700972
          ],
          [
            135.5013727,
            34.7699811
          ],
          [
            135.5011549,
            34.7698407
          ],
          [
            135.5009537,
            34.7696949
          ],
          [
            135.5007467,
            34.7695522
          ],
          [
            135.5005721,
            34.7694165
          ],
          [
            135.5003687,
            34.7692612
          ],
          [
            135.5002079,
            34.7691333
          ],
          [
            135.5000138,
            34.7689644
          ],
          [
            135.4998357,
            34.7688003
          ],
          [
            135.4996496,
            34.7686243
          ],
          [
            135.4991408,
            34.7681075
          ],
          [
            135.4981504,
            34.7670884
          ],
          [
            135.4975396,
            34.7664657
          ]
        ]
      },
      "id": "way/27555336"
    },
    {
      "type": "Feature",
      "properties": {
        "@id": "way/27555339",
        "highway": "motorway",
        "lanes": "3",
        "layer": "-1",
        "maxspeed": "80",
        "name": "名神高速道路",
        "name:en": "Meishin Expressway",
        "name:ja": "名神高速道路",
        "name:ko": "메이신고속도로",
        "name:ru": "Автомагистраль Мэйсин",
        "oneway": "yes",
        "ref": "E1",
        "smoothness": "excellent",
        "surface": "paved",
        "toll": "yes",
        "tunnel": "yes"
      },
      "geometry": {
        "type": "LineString",
        "coordinates": [
          [
            135.5129909,
            34.7725057
          ],
          [
            135.5122631,
            34.7723172
          ],
          [
            135.5116685,
            34.7721897
          ],
          [
            135.5110034,
            34.7720823
          ],
          [
            135.5103172,
            34.7719914
          ],
          [
            135.5097638,
            34.7719387
          ],
          [
            135.5090434,
            34.7718867
          ],
          [
            135.5080022,
            34.7718414
          ],
          [
            135.5075097,
            34.7718175
          ]
        ]
      },
      "id": "way/27555339"
    },
    {
      "type": "Feature",
      "properties": {
        "@id": "way/30178581",
        "highway": "primary",
        "lanes": "3",
        "maxspeed": "60",
        "name": "大阪中央環状線",
        "name:en": "Osaka Central Outer Ring Road",
        "name:ja": "大阪中央環状線",
        "name:ja-Hira": "おおさかちゅうおうかんじょうせん",
        "name:ja-Latn": "Ōsaka Chūō Kanjō-sen",
        "oneway": "yes",
        "ref": "2",
        "surface": "asphalt",
        "wikidata": "Q11441371",
        "wikipedia": "ja:大阪府道2号大阪中央環状線"
      },
      "geometry": {
        "type": "LineString",
        "coordinates": [
          [
            135.4491956,
            34.8006415
          ],
          [
            135.4501895,
            34.80081
          ],
          [
            135.4506193,
            34.8009254
          ]
        ]
      },
      "id": "way/30178581"
    },
    {
      "type": "Feature",
      "properties": {
        "@id": "way/30409871",
        "highway": "trunk",
        "lanes": "4",
        "layer": "1",
        "maxspeed": "60",
        "name": "国道176号",
        "name:en": "National Highway Route 176",
        "name:ja": "国道176号",
        "oneway": "yes",
        "ref": "176",
        "source": "Bing 2012;GSImaps/std",
        "surface": "asphalt"
      },
      "geometry": {
        "type": "LineString",
        "coordinates": [
          [
            135.4372605,
            34.8012992
          ],
          [
            135.4367513,
            34.8015143
          ],
          [
            135.4362617,
            34.8017557
          ]
        ]
      },
      "id": "way/30409871"
    },
    {
      "type": "Feature",
      "properties": {
        "@id": "way/35096157",
        "highway": "primary",
        "lanes": "1",
        "layer": "-3",
        "maxspeed": "40",
        "name": "伊丹豊中線",
        "name:en": "Itami-Toyonaka Line",
        "name:ja": "伊丹豊中線",
        "name:ja-Hira": "いたみとよなかせん",
        "name:ja_rm": "Itami Toyonaka-sen",
        "oneway": "yes",
        "ref": "99",
        "surface": "asphalt",
        "tunnel": "yes",
        "wikidata": "Q11393639",
        "wikipedia": "ja:兵庫県道・大阪府道99号伊丹豊中線"
      },
      "geometry": {
        "type": "LineString",
        "coordinates": [
          [
            135.445511,
            34.7822592
          ],
          [
            135.4369525,
            34.7825031
          ]
        ]
      },
      "id": "way/35096157"
    },
    {
      "type": "Feature",
      "properties": {
        "@id": "way/35134745",
        "highway": "primary",
        "lanes": "2",
        "maxspeed": "50",
        "name": "伊丹豊中線",
        "name:en": "Itami-Toyonaka Line",
        "name:ja": "伊丹豊中線",
        "name:ja-Hira": "いたみとよなかせん",
        "name:ja_rm": "Itami Toyonaka-sen",
        "oneway": "yes",
        "ref": "99",
        "surface": "asphalt",
        "wikidata": "Q11393639",
        "wikipedia": "ja:兵庫県道・大阪府道99号伊丹豊中線"
      },
      "geometry": {
        "type": "LineString",
        "coordinates": [
          [
            135.4201432,
            34.7832063
          ],
          [
            135.4190969,
            34.7830455
          ],
          [
            135.4188364,
            34.783008
          ],
          [
            135.4185127,
            34.7829627
          ],
          [
            135.4181935,
            34.7829174
          ],
          [
            135.4181416,
            34.7829085
          ],
          [
            135.4177427,
            34.7828402
          ],
          [
            135.4177395,
            34.7828397
          ],
          [
            135.4175876,
            34.7828163
          ],
          [
            135.4174869,
            34.7828289
          ]
        ]
      },
      "id": "way/35134745"
    },
    {
      "type": "Feature",
      "properties": {
        "@id": "way/37706182",
        "bicycle": "no",
        "bridge": "yes",
        "foot": "no",
        "highway": "motorway",
        "lanes": "2",
        "layer": "1",
        "maxspeed": "50",
        "motorcar": "designated",
        "motorcycle": "designated",
        "name": "阪神高速11号池田線",
        "name:en": "Hanshin Expressway Route 11 Ikeda Line",
        "name:ja": "阪神高速11号池田線",
        "oneway": "yes",
        "ref": "11",
        "smoothness": "excellent",
        "source": "Bing 2010",
        "surface": "paved",
        "toll": "yes"
      },
      "geometry": {
        "type": "LineString",
        "coordinates": [
          [
            135.4459873,
            34.7910291
          ],
          [
            135.4453434,
            34.7916926
          ],
          [
            135.4451453,
            34.791928
          ],
          [
            135.4450046,
            34.7920781
          ],
          [
            135.4448928,
            34.7921743
          ],
          [
            135.4447887,
            34.7922512
          ],
          [
            135.4446865,
            34.7923104
          ],
          [
            135.4445691,
            34.7923654
          ],
          [
            135.4444524,
            34.7924031
          ],
          [
            135.4443234,
            34.7924304
          ],
          [
            135.4442027,
            34.7924436
          ],
          [
            135.4440863,
            34.7924476
          ],
          [
            135.443964,
            34.7924401
          ],
          [
            135.4438031,
            34.7924212
          ],
          [
            135.4434585,
            34.7923661
          ],
          [
            135.4433059,
            34.7923499
          ],
          [
            135.4431506,
            34.7923489
          ],
          [
            135.4430217,
            34.7923597
          ],
          [
            135.4429125,
            34.792378
          ],
          [
            135.4427678,
            34.7924191
          ],
          [
            135.442652,
            34.7924677
          ],
          [
            135.4425034,
            34.792552
          ],
          [
            135.4423863,
            34.7926416
          ],
          [
            135.4422205,
            34.7928015
          ],
          [
            135.4419246,
            34.7931191
          ],
          [
            135.4417496,
            34.7932931
          ],
          [
            135.4414786,
            34.7935307
          ],
          [
            135.4412247,
            34.7937187
          ],
          [
            135.4410418,
            34.7938343
          ],
          [
            135.440317,
            34.794247
          ],
          [
            135.4400723,
            34.7944047
          ],
          [
            135.4398026,
            34.7945949
          ],
          [
            135.4394869,
            34.7948498
          ],
          [
            135.4393237,
            34.7949761
          ],
          [
            135.4388785,
            34.7953329
          ],
          [
            135.4381591,
            34.7959262
          ],
          [
            135.4379504,
            34.7960961
          ],
          [
            135.4372718,
            34.7966578
          ],
          [
            135.4369446,
            34.7969265
          ],
          [
            135.4362917,
            34.79747
          ],
          [
            135.4361131,
            34.7976066
          ],
          [
            135.4359251,
            34.7977416
          ],
          [
            135.4357357,
            34.7978651
          ],
          [
            135.435601,
            34.7979441
          ],
          [
            135.4354493,
            34.7980272
          ],
          [
            135.4352991,
            34.798096
          ],
          [
            135.4351588,
            34.798154
          ],
          [
            135.4350067,
            34.798207
          ],
          [
            135.4348737,
            34.798246
          ],
          [
            135.434738,
            34.7982801
          ],
          [
            135.4346047,
            34.7983073
          ],
          [
            135.4344477,
            34.7983309
          ],
          [
            135.4342685,
            34.7983463
          ],
          [
            135.4340703,
            34.798353
          ],
          [
            135.4338864,
            34.798351
          ],
          [
            135.4336992,
            34.7983372
          ],
          [
            135.4334986,
            34.7983105
          ],
          [
            135.4332311,
            34.7982524
          ],
          [
            135.4329715,
            34.7981706
          ],
          [
            135.4327054,
            34.7980641
          ],
          [
            135.4324787,
            34.7979497
          ],
          [
            135.4320958,
            34.7977497
          ],
          [
            135.4316902,
            34.797511
          ],
          [
            135.4314736,
            34.7974081
          ],
          [
            135.4312395,
            34.7973141
          ],
          [
            135.431007,
            34.797238
          ],
          [
            135.4307466,
            34.7971669
          ]
        ]
      },
      "id": "way/37706182"
    },
    {
      "type": "Feature",
      "properties": {
        "@id": "way/44134309",
        "highway": "primary",
        "lanes": "1",
        "name": "大阪池田線",
        "name:en": "Osaka Ikeda Line",
        "name:ja": "大阪池田線",
        "name:ja-Hira": "おおさかいけだせん",
        "name:ja-Latn": "Ōsaka Ikeda-sen",
        "oneway": "yes",
        "oneway:bicycle": "no",
        "ref": "10",
        "source": "GSImaps/std",
        "surface": "asphalt",
        "wikidata": "Q11441238",
        "wikipedia": "ja:大阪府道10号・兵庫県道100号大阪池田線"
      },
      "geometry": {
        "type": "LineString",
        "coordinates": [
          [
            135.4372605,
            34.8012992
          ],
          [
            135.4370668,
            34.8012854
          ],
          [
            135.436952,
            34.8013141
          ],
          [
            135.4366703,
            34.8014452
          ],
          [
            135.4361963,
            34.8016837
          ],
          [
            135.4361612,
            34.8017014
          ],
          [
            135.4358323,
            34.8018867
          ],
          [
            135.4355297,
            34.802072
          ],
          [
            135.4351405,
            34.8023301
          ],
          [
            135.4350456,
            34.8023931
          ]
        ]
      },
      "id": "way/44134309"
    },
    {
      "type": "Feature",
      "properties": {
        "@id": "way/60008521",
        "highway": "primary",
        "lanes": "2",
        "name": "大阪池田線",
        "name:en": "Osaka Ikeda Line",
        "name:ja": "大阪池田線",
        "name:ja-Hira": "おおさかいけだせん",
        "name:ja-Latn": "Ōsaka Ikeda-sen",
        "ref": "10",
        "source": "GSImaps/std",
        "surface": "asphalt",
        "wikidata": "Q11441238",
        "wikipedia": "ja:大阪府道10号・兵庫県道100号大阪池田線"
      },
      "geometry": {
        "type": "LineString",
        "coordinates": [
          [
            135.4350456,
            34.8023931
          ],
          [
            135.4356749,
            34.8026366
          ],
          [
            135.4358532,
            34.8027035
          ],
          [
            135.4360931,
            34.8028043
          ],
          [
            135.4362059,
            34.8028569
          ],
          [
            135.4363103,
            34.8029056
          ],
          [
            135.4368568,
            34.8031647
          ],
          [
            135.4369889,
            34.8032274
          ],
          [
            135.437062,
            34.8032614
          ],
          [
            135.437097,
            34.8032783
          ],
          [
            135.4371392,
            34.8032982
          ],
          [
            135.4375324,
            34.8034894
          ],
          [
            135.4376419,
            34.8035394
          ],
          [
            135.437952,
            34.8036865
          ],
          [
            135.4380521,
            34.8037314
          ],
          [
            135.4381169,
            34.8037626
          ],
          [
            135.4382424,
            34.8038266
          ],
          [
            135.4386074,
            34.803999
          ],
          [
            135.4389168,
            34.8041456
          ],
          [
            135.4389596,
            34.8041659
          ],
          [
            135.4390668,
            34.8042167
          ],
          [
            135.4392563,
            34.8043065
          ],
          [
            135.4399215,
            34.8046217
          ],
          [
            135.4400592,
            34.8046869
          ],
          [
            135.4402159,
            34.804765
          ],
          [
            135.4403686,
            34.8048418
          ]
        ]
      },
      "id": "way/60008521"
    },
    {
      "type": "Feature",
      "properties": {
        "@id": "way/70127868",
        "highway": "primary",
        "lanes": "2",
        "maxspeed": "40",
        "name": "大阪池田線",
        "name:en": "Osaka Ikeda Line",
        "name:ja": "大阪池田線",
        "name:ja-Hira": "おおさかいけだせん",
        "name:ja-Latn": "Ōsaka Ikeda-sen",
        "oneway": "yes",
        "ref": "10",
        "surface": "asphalt",
        "wikidata": "Q11441238",
        "wikipedia": "ja:大阪府道10号・兵庫県道100号大阪池田線"
      },
      "geometry": {
        "type": "LineString",
        "coordinates": [
          [
            135.4371854,
            34.8017056
          ],
          [
            135.4374616,
            34.8015564
          ],
          [
            135.4378113,
            34.8013797
          ],
          [
            135.4379663,
            34.8012967
          ],
          [
            135.4381131,
            34.801198
          ],
          [
            135.4381898,
            34.8011445
          ],
          [
            135.4382345,
            34.8010928
          ],
          [
            135.4383262,
            34.8009826
          ],
          [
            135.4384015,
            34.8008727
          ],
          [
            135.4385892,
            34.8005928
          ],
          [
            135.4386941,
            34.8004419
          ],
          [
            135.4387919,
            34.8003142
          ],
          [
            135.4388402,
            34.8002514
          ],
          [
            135.4388731,
            34.8002118
          ],
          [
            135.4389019,
            34.8001765
          ],
          [
            135.4389334,
            34.800143
          ],
          [
            135.4389776,
            34.8000924
          ],
          [
            135.4391064,
            34.7999557
          ],
          [
            135.4392479,
            34.7998169
          ],
          [
            135.4395188,
            34.7995676
          ],
          [
            135.4400517,
            34.7990433
          ],
          [
            135.440125,
            34.7989641
          ],
          [
            135.440809,
            34.7983132
          ],
          [
            135.4412301,
            34.7978848
          ],
          [
            135.4413693,
            34.7977327
          ],
          [
            135.4415637,
            34.7975947
          ]
        ]
      },
      "id": "way/70127868"
    },
    {
      "type": "Feature",
      "properties": {
        "@id": "way/80718998",
        "bicycle": "no",
        "foot": "no",
        "highway": "trunk",
        "lanes": "2",
        "maxspeed": "40",
        "motorroad": "no",
        "name": "国道176号",
        "name:en": "National Highway Route 176",
        "name:ja": "国道176号",
        "ref": "176;423;477",
        "source": "GSImaps/std",
        "surface": "asphalt"
      },
      "geometry": {
        "type": "LineString",
        "coordinates": [
          [
            135.4471361,
            34.8080646
          ],
          [
            135.4472168,
            34.8073707
          ],
          [
            135.4472387,
            34.8071601
          ]
        ]
      },
      "id": "way/80718998"
    },
    {
      "type": "Feature",
      "properties": {
        "@id": "way/83614669",
        "bicycle": "no",
        "foot": "no",
        "highway": "motorway",
        "lanes": "2",
        "maxspeed": "100",
        "motorcar": "designated",
        "motorcycle": "designated",
        "name": "中国自動車道",
        "name:en": "Chugoku Expressway",
        "name:es": "Autopista Chugoku",
        "name:ja": "中国自動車道",
        "name:ko": "주코쿠자동차도",
        "name:ru": "Автомагистраль Тюгоку",
        "oneway": "yes",
        "ref": "E2A",
        "smoothness": "excellent",
        "source": "Bing 2010",
        "surface": "paved",
        "toll": "yes"
      },
      "geometry": {
        "type": "LineString",
        "coordinates": [
          [
            135.4904498,
            34.8065511
          ],
          [
            135.4908992,
            34.8065894
          ],
          [
            135.491553,
            34.8066433
          ],
          [
            135.4927653,
            34.8067448
          ]
        ]
      },
      "id": "way/83614669"
    },
    {
      "type": "Feature",
      "properties": {
        "@id": "way/83614670",
        "bicycle": "no",
        "bridge": "yes",
        "foot": "no",
        "highway": "motorway",
        "lanes": "3",
        "layer": "1",
        "maxspeed": "100",
        "motorcar": "designated",
        "motorcycle": "designated",
        "name": "中国自動車道",
        "name:en": "Chugoku Expressway",
        "name:es": "Autopista Chugoku",
        "name:ja": "中国自動車道",
        "name:ko": "주코쿠자동차도",
        "name:ru": "Автомагистраль Тюгоку",
        "oneway": "yes",
        "ref": "E2A",
        "smoothness": "excellent",
        "source": "Bing 2010",
        "surface": "asphalt",
        "toll": "yes"
      },
      "geometry": {
        "type": "LineString",
        "coordinates": [
          [
            135.4308855,
            34.8064602
          ],
          [
            135.4303881,
            34.8069195
          ],
          [
            135.4300707,
            34.8071986
          ],
          [
            135.4296816,
            34.8075116
          ],
          [
            135.42926,
            34.8078344
          ],
          [
            135.4287712,
            34.8081714
          ],
          [
            135.4284509,
            34.8083776
          ],
          [
            135.4281023,
            34.8085873
          ],
          [
            135.4277444,
            34.8087857
          ],
          [
            135.4273539,
            34.8089804
          ],
          [
            135.4269684,
            34.8091559
          ],
          [
            135.4265534,
            34.809332
          ],
          [
            135.4260618,
            34.8095123
          ],
          [
            135.4255812,
            34.8096645
          ],
          [
            135.42509,
            34.8098026
          ],
          [
            135.4245736,
            34.8099255
          ],
          [
            135.4240503,
            34.8100312
          ],
          [
            135.4235411,
            34.8101146
          ],
          [
            135.4230112,
            34.8101946
          ],
          [
            135.422459,
            34.810269
          ],
          [
            135.4219259,
            34.8103342
          ],
          [
            135.4213287,
            34.8103977
          ],
          [
            135.4204647,
            34.8104811
          ],
          [
            135.4186822,
            34.810632
          ],
          [
            135.4169748,
            34.8107538
          ],
          [
            135.4157431,
            34.8108329
          ],
          [
            135.4144338,
            34.8108967
          ],
          [
            135.4136149,
            34.8109324
          ],
          [
            135.4114868,
            34.8110166
          ],
          [
            135.4102153,
            34.8110596
          ]
        ]
      },
      "id": "way/83614670"
    },
    {
      "type": "Feature",
      "properties": {
        "@id": "way/83614674",
        "bicycle": "no",
        "foot": "no",
        "highway": "motorway",
        "lanes": "2",
        "maxspeed": "100",
        "motorcar": "designated",
        "motorcycle": "designated",
        "name": "中国自動車道",
        "name:en": "Chūgoku Expressway",
        "name:es": "Autopista Chūgoku",
        "name:fr": "Autoroute Chūgoku",
        "name:ja": "中国自動車道",
        "name:ja-Hira": "ちゅうごくじどうしゃどう",
        "name:ja-Latn": "Chūgoku jidōsha-dō",
        "name:ko": "주코쿠자동차도",
        "name:ru": "Автомагистраль Тюгоку",
        "oneway": "yes",
        "ref": "E2A",
        "smoothness": "excellent",
        "source": "Bing 2010",
        "surface": "paved",
        "toll": "yes",
        "wikidata": "Q1091207"
      },
      "geometry": {
        "type": "LineString",
        "coordinates": [
          [
            135.508583,
            34.8066524
          ],
          [
            135.5111624,
            34.8063695
          ],
          [
            135.5123791,
            34.8062379
          ],
          [
            135.5131897,
            34.8061528
          ],
          [
            135.5137219,
            34.8060941
          ],
          [
            135.5142627,
            34.8060491
          ],
          [
            135.5148006,
            34.8060101
          ],
          [
            135.5153911,
            34.8059853
          ],
          [
            135.516165,
            34.8059749
          ],
          [
            135.5164607,
            34.8059887
          ],
          [
            135.516724,
            34.8060001
          ],
          [
            135.5171451,
            34.8060362
          ],
          [
            135.5174465,
            34.8060666
          ],
          [
            135.5178112,
            34.806116
          ],
          [
            135.5181687,
            34.806172
          ],
          [
            135.5185987,
            34.8062547
          ],
          [
            135.5189009,
            34.806321
          ]
        ]
      },
      "id": "way/83614674"
    },
    {
      "type": "Feature",
      "properties": {
        "@id": "way/83614676",
        "bicycle": "no",
        "bridge": "yes",
        "foot": "no",
        "highway": "motorway",
        "lanes": "2",
        "layer": "1",
        "maxspeed": "100",
        "motorcar": "designated",
        "motorcycle": "designated",
        "name": "中国自動車道",
        "name:en": "Chugoku Expressway",
        "name:es": "Autopista Chugoku",
        "name:ja": "中国自動車道",
        "name:ko": "주코쿠자동차도",
        "name:ru": "Автомагистраль Тюгоку",
        "oneway": "yes",
        "ref": "E2A",
        "smoothness": "excellent",
        "source": "Bing 2010",
        "surface": "paved",
        "toll": "yes"
      },
      "geometry": {
        "type": "LineString",
        "coordinates": [
          [
            135.490464,
            34.8064424
          ],
          [
            135.490226,
            34.8064232
          ]
        ]
      },
      "id": "way/83614676"
    },
    {
      "type": "Feature",
      "properties": {
        "@id": "way/83614677",
        "highway": "primary",
        "lanes": "3",
        "maxspeed": "60",
        "name": "大阪中央環状線",
        "name:en": "Osaka Central Outer Ring Road",
        "name:ja": "大阪中央環状線",
        "name:ja-Hira": "おおさかちゅうおうかんじょうせん",
        "name:ja-Latn": "Ōsaka Chūō Kanjō-sen",
        "oneway": "yes",
        "ref": "2",
        "surface": "asphalt",
        "wikidata": "Q11441371",
        "wikipedia": "ja:大阪府道2号大阪中央環状線"
      },
      "geometry": {
        "type": "LineString",
        "coordinates": [
          [
            135.4872864,
            34.8060546
          ],
          [
            135.4850785,
            34.8058658
          ]
        ]
      },
      "id": "way/83614677"
    },
    {
      "type": "Feature",
      "properties": {
        "@id": "way/85270792",
        "highway": "primary",
        "lanes": "2",
        "name": "豊中亀岡線",
        "name:en": "Toyonaka Kameoka Line",
        "name:ja": "豊中亀岡線",
        "name:ja-Hira": "とよなかかめおかせん",
        "name:ja-Latn": "Toyonaka Kameoka-sen",
        "ref": "43",
        "source": "Bing,2007-09",
        "surface": "asphalt",
        "wikidata": "Q11441392",
        "wikipedia": "ja:大阪府道・京都府道43号豊中亀岡線"
      },
      "geometry": {
        "type": "LineString",
        "coordinates": [
          [
            135.4632189,
            34.7871141
          ],
          [
            135.4632651,
            34.787166
          ],
          [
            135.4632799,
            34.7871976
          ],
          [
            135.463287,
            34.7872367
          ],
          [
            135.4633043,
            34.7876251
          ],
          [
            135.4633114,
            34.7876886
          ],
          [
            135.4633341,
            34.7877636
          ],
          [
            135.4635626,
            34.7885002
          ],
          [
            135.4635937,
            34.788605
          ],
          [
            135.4636033,
            34.7886475
          ],
          [
            135.4636041,
            34.788725
          ],
          [
            135.4635964,
            34.7887633
          ],
          [
            135.4635874,
            34.7887977
          ]
        ]
      },
      "id": "way/85270792"
    },
    {
      "type": "Feature",
      "properties": {
        "@id": "way/86093186",
        "cycleway": "shared_lane",
        "cycleway:lane": "pictogram",
        "highway": "primary",
        "lanes": "2",
        "name": "豊中亀岡線",
        "name:en": "Toyonaka Kameoka Line",
        "name:ja": "豊中亀岡線",
        "name:ja-Hira": "とよなかかめおかせん",
        "name:ja-Latn": "Toyonaka Kameoka-sen",
        "ref": "43",
        "surface": "asphalt",
        "wikidata": "Q11441392",
        "wikipedia": "ja:大阪府道・京都府道43号豊中亀岡線"
      },
      "geometry": {
        "type": "LineString",
        "coordinates": [
          [
            135.4714162,
            34.802398
          ],
          [
            135.4714092,
            34.8024428
          ],
          [
            135.4714008,
            34.8024912
          ],
          [
            135.471383,
            34.8026113
          ],
          [
            135.4713728,
            34.8026769
          ],
          [
            135.4713092,
            34.8029286
          ],
          [
            135.4711558,
            34.8039764
          ],
          [
            135.4711479,
            34.804205
          ],
          [
            135.4711624,
            34.8044657
          ],
          [
            135.4711732,
            34.804588
          ],
          [
            135.4712033,
            34.8047775
          ],
          [
            135.471246,
            34.8049736
          ],
          [
            135.4713302,
            34.8052126
          ],
          [
            135.4714236,
            34.8054434
          ],
          [
            135.4715441,
            34.8057565
          ],
          [
            135.4718186,
            34.806439
          ],
          [
            135.4718415,
            34.8064959
          ],
          [
            135.4719854,
            34.8068708
          ],
          [
            135.4720564,
            34.8070557
          ],
          [
            135.4721388,
            34.8072701
          ],
          [
            135.4721506,
            34.807301
          ],
          [
            135.472185,
            34.8073906
          ],
          [
            135.4723537,
            34.8077976
          ],
          [
            135.4723825,
            34.8078679
          ],
          [
            135.4725119,
            34.8081837
          ],
          [
            135.4728235,
            34.8089663
          ],
          [
            135.4729358,
            34.8092532
          ],
          [
            135.4730509,
            34.8095314
          ],
          [
            135.4731382,
            34.8097617
          ],
          [
            135.4734275,
            34.810466
          ],
          [
            135.4735482,
            34.8107635
          ],
          [
            135.4736893,
            34.8111395
          ],
          [
            135.4737181,
            34.8112164
          ],
          [
            135.4737992,
            34.8114384
          ],
          [
            135.4738561,
            34.8115721
          ]
        ]
      },
      "id": "way/86093186"
    },
    {
      "type": "Feature",
      "properties": {
        "@id": "way/86093433",
        "highway": "primary",
        "name": "旧大阪中央環状線",
        "name:en": "Old Osaka Central Outer Ring Road",
        "name:ja": "旧大阪中央環状線",
        "name:ja-Hira": "きゅうおおさかちゅうおうかんじょうせん",
        "name:ja-Latn": "Kyū Ōsaka Chūō Kanjō-sen",
        "ref": "2",
        "source": "YahooJapan/ALPSMAP",
        "surface": "asphalt",
        "wikidata": "Q11441371",
        "wikipedia": "ja:大阪府道2号大阪中央環状線"
      },
      "geometry": {
        "type": "LineString",
        "coordinates": [
          [
            135.468694,
            34.7825719
          ],
          [
            135.4688028,
            34.7825893
          ],
          [
            135.468813,
            34.7825932
          ],
          [
            135.4693588,
            34.7828043
          ],
          [
            135.4696037,
            34.7828979
          ],
          [
            135.4697565,
            34.7829604
          ],
          [
            135.4707232,
            34.7833224
          ],
          [
            135.4710675,
            34.7834633
          ],
          [
            135.4713832,
            34.7835882
          ],
          [
            135.4716694,
            34.7837038
          ],
          [
            135.472309,
            34.7839621
          ],
          [
            135.4733724,
            34.7843993
          ]
        ]
      },
      "id": "way/86093433"
    },
    {
      "type": "Feature",
      "properties": {
        "@id": "way/97374091",
        "highway": "primary",
        "name": "旧大阪中央環状線",
        "name:en": "Old Osaka Central Outer Ring Road",
        "name:ja": "旧大阪中央環状線",
        "name:ja-Hira": "きゅうおおさかちゅうおうかんじょうせん",
        "name:ja-Latn": "Kyū Ōsaka Chūō Kanjō-sen",
        "ref": "2",
        "surface": "asphalt",
        "wikidata": "Q11441371",
        "wikipedia": "ja:大阪府道2号大阪中央環状線"
      },
      "geometry": {
        "type": "LineString",
        "coordinates": [
          [
            135.5148244,
            34.8055613
          ],
          [
            135.514721,
            34.8055661
          ],
          [
            135.5146506,
            34.8055912
          ],
          [
            135.5129612,
            34.8057561
          ],
          [
            135.5125074,
            34.8058015
          ],
          [
            135.5118562,
            34.8058596
          ],
          [
            135.5116786,
            34.8058801
          ],
          [
            135.5114651,
            34.8058986
          ],
          [
            135.5091936,
            34.8061303
          ]
        ]
      },
      "id": "way/97374091"
    },
    {
      "type": "Feature",
      "properties": {
        "@id": "way/111102122",
        "bicycle": "no",
        "bridge": "viaduct",
        "foot": "no",
        "highway": "trunk",
        "lanes": "2",
        "layer": "1",
        "maxspeed": "40",
        "maxweight": "16",
        "name": "国道176号",
        "name:en": "National Highway Route 176",
        "name:ja": "国道176号",
        "ref": "176;423;477",
        "source": "GSImaps/std",
        "surface": "asphalt"
      },
      "geometry": {
        "type": "LineString",
        "coordinates": [
          [
            135.4458876,
            34.8093996
          ],
          [
            135.4463806,
            34.808986
          ],
          [
            135.4468339,
            34.8086017
          ],
          [
            135.4469124,
            34.8085271
          ],
          [
            135.4469663,
            34.8084634
          ],
          [
            135.4470185,
            34.8083846
          ],
          [
            135.4470708,
            34.8082872
          ],
          [
            135.4471121,
            34.8081781
          ],
          [
            135.4471361,
            34.8080646
          ]
        ]
      },
      "id": "way/111102122"
    },
    {
      "type": "Feature",
      "properties": {
        "@id": "way/111261982",
        "bicycle": "no",
        "foot": "no",
        "highway": "primary",
        "lanes": "2",
        "name": "大阪池田線",
        "name:en": "Osaka Ikeda Line",
        "name:ja": "大阪池田線",
        "name:ja-Hira": "おおさかいけだせん",
        "name:ja-Latn": "Ōsaka Ikeda-sen",
        "ref": "10",
        "source": "GSImaps/std",
        "surface": "asphalt",
        "wikidata": "Q11441238",
        "wikipedia": "ja:大阪府道10号・兵庫県道100号大阪池田線"
      },
      "geometry": {
        "type": "LineString",
        "coordinates": [
          [
            135.4464413,
            34.8069237
          ],
          [
            135.4471471,
            34.8069283
          ]
        ]
      },
      "id": "way/111261982"
    },
    {
      "type": "Feature",
      "properties": {
        "@id": "way/111261985",
        "bicycle": "no",
        "bridge": "viaduct",
        "foot": "no",
        "highway": "primary",
        "lanes": "2",
        "layer": "1",
        "name": "大阪池田線",
        "name:en": "Osaka Ikeda Line",
        "name:ja": "大阪池田線",
        "name:ja-Hira": "おおさかいけだせん",
        "name:ja-Latn": "Ōsaka Ikeda-sen",
        "ref": "10",
        "source": "GSImaps/std",
        "surface": "asphalt",
        "wikidata": "Q11441238",
        "wikipedia": "ja:大阪府道10号・兵庫県道100号大阪池田線"
      },
      "geometry": {
        "type": "LineString",
        "coordinates": [
          [
            135.4443497,
            34.8067232
          ],
          [
            135.4444353,
            34.8067564
          ],
          [
            135.4445259,
            34.806789
          ],
          [
            135.4446284,
            34.8068212
          ],
          [
            135.4447615,
            34.8068523
          ],
          [
            135.4448726,
            34.8068754
          ],
          [
            135.4450154,
            34.8068955
          ],
          [
            135.4451325,
            34.8069057
          ],
          [
            135.4452273,
            34.8069099
          ],
          [
            135.4453664,
            34.8069149
          ],
          [
            135.4464413,
            34.8069237
          ]
        ]
      },
      "id": "way/111261985"
    },
    {
      "type": "Feature",
      "properties": {
        "@id": "way/124696953",
        "bicycle": "no",
        "bridge": "yes",
        "foot": "no",
        "highway": "trunk",
        "lanes": "2",
        "layer": "1",
        "maxspeed": "60",
        "name": "新御堂筋",
        "name:en": "shin-midousuji",
        "name:ja": "新御堂筋",
        "name:ja-Hira": "しんみどうすじ",
        "name:ja-Latn": "shin-midousuji",
        "official_name": "国道423号",
        "official_name:en": "National Route 423",
        "oneway": "yes",
        "ref": "423",
        "source": "GSImaps/std",
        "surface": "paved"
      },
      "geometry": {
        "type": "LineString",
        "coordinates": [
          [
            135.4934596,
            34.8114729
          ],
          [
            135.4934634,
            34.8116226
          ],
          [
            135.4934627,
            34.8117581
          ],
          [
            135.4934597,
            34.8119397
          ],
          [
            135.4934551,
            34.812072
          ],
          [
            135.4934483,
            34.8122075
          ],
          [
            135.4934406,
            34.8123411
          ],
          [
            135.4934292,
            34.8124779
          ],
          [
            135.4934169,
            34.8126107
          ],
          [
            135.4933957,
            34.8127947
          ],
          [
            135.4933783,
            34.8129277
          ],
          [
            135.4933656,
            34.8130185
          ],
          [
            135.493337,
            34.8131961
          ],
          [
            135.4933062,
            34.8133684
          ],
          [
            135.4932821,
            34.8134918
          ]
        ]
      },
      "id": "way/124696953"
    },
    {
      "type": "Feature",
      "properties": {
        "@id": "way/124696958",
        "bicycle": "no",
        "foot": "no",
        "highway": "trunk",
        "lanes": "1",
        "maxspeed": "60",
        "name": "新御堂筋",
        "name:en": "shin-midousuji",
        "name:ja": "新御堂筋",
        "name:ja-Hira": "しんみどうすじ",
        "name:ja-Latn": "shin-midousuji",
        "official_name": "国道423号",
        "official_name:en": "National Route 423",
        "oneway": "yes",
        "ref": "423",
        "source": "GSImaps/std",
        "surface": "paved"
      },
      "geometry": {
        "type": "LineString",
        "coordinates": [
          [
            135.4931565,
            34.8074394
          ],
          [
            135.4931047,
            34.806961
          ],
          [
            135.4930452,
            34.8064613
          ],
          [
            135.4929502,
            34.8056998
          ],
          [
            135.4929147,
            34.8052857
          ],
          [
            135.4929062,
            34.8051244
          ],
          [
            135.4929009,
            34.804974
          ],
          [
            135.4928993,
            34.8048464
          ],
          [
            135.4929003,
            34.8047053
          ],
          [
            135.4929043,
            34.8045836
          ],
          [
            135.4929072,
            34.8045211
          ],
          [
            135.4929085,
            34.8044165
          ],
          [
            135.4929106,
            34.8043656
          ],
          [
            135.4929373,
            34.8042836
          ]
        ]
      },
      "id": "way/124696958"
    },
    {
      "type": "Feature",
      "properties": {
        "@id": "way/124696960",
        "bicycle": "no",
        "foot": "no",
        "highway": "trunk",
        "lanes": "2",
        "maxspeed": "60",
        "name": "新御堂筋",
        "name:en": "shin-midousuji",
        "name:ja": "新御堂筋",
        "name:ja-Hira": "しんみどうすじ",
        "name:ja-Latn": "shin-midousuji",
        "official_name": "国道423号",
        "official_name:en": "National Route 423",
        "oneway": "yes",
        "ref": "423",
        "source": "GSImaps/std",
        "surface": "paved"
      },
      "geometry": {
        "type": "LineString",
        "coordinates": [
          [
            135.4921688,
            34.8169714
          ],
          [
            135.4922665,
            34.8167205
          ],
          [
            135.4923738,
            34.816464
          ],
          [
            135.4924449,
            34.8162834
          ],
          [
            135.4925119,
            34.8161139
          ],
          [
            135.4925609,
            34.8159928
          ],
          [
            135.4926608,
            34.8157302
          ],
          [
            135.4927845,
            34.8154324
          ],
          [
            135.4928941,
            34.8151253
          ]
        ]
      },
      "id": "way/124696960"
    },
    {
      "type": "Feature",
      "properties": {
        "@id": "way/126739848",
        "bicycle": "no",
        "foot": "no",
        "highway": "trunk",
        "lanes": "2",
        "name": "国道171号",
        "name:en": "National Highway Route 171",
        "name:ja": "国道171号",
        "oneway": "yes",
        "oneway:bicycle": "yes",
        "ref": "171",
        "source": "GSImaps/std",
        "surface": "asphalt"
      },
      "geometry": {
        "type": "LineString",
        "coordinates": [
          [
            135.4434068,
            34.8107981
          ],
          [
            135.442311,
            34.810826
          ],
          [
            135.4412166,
            34.8108457
          ]
        ]
      },
      "id": "way/126739848"
    },
    {
      "type": "Feature",
      "properties": {
        "@id": "way/126739850",
        "bicycle": "no",
        "bridge": "viaduct",
        "foot": "no",
        "highway": "trunk",
        "lanes": "2",
        "layer": "2",
        "name": "国道171号",
        "name:en": "National Highway Route 171",
        "name:ja": "国道171号",
        "oneway": "yes",
        "ref": "171",
        "source": "GSImaps/std",
        "surface": "asphalt"
      },
      "geometry": {
        "type": "LineString",
        "coordinates": [
          [
            135.4434083,
            34.8108652
          ],
          [
            135.4491551,
            34.8106953
          ],
          [
            135.4497498,
            34.8106959
          ],
          [
            135.4501313,
            34.8107245
          ]
        ]
      },
      "id": "way/126739850"
    },
    {
      "type": "Feature",
      "properties": {
        "@id": "way/126739851",
        "highway": "trunk",
        "lanes": "2",
        "maxspeed": "50",
        "name": "国道176号",
        "name:en": "National Highway Route 176",
        "name:ja": "国道176号",
        "oneway": "yes",
        "ref": "176",
        "source": "Bing 2012;GSImaps/std",
        "surface": "asphalt"
      },
      "geometry": {
        "type": "LineString",
        "coordinates": [
          [
            135.406921,
            34.810864
          ],
          [
            135.405578,
            34.8108376
          ],
          [
            135.404062,
            34.8108324
          ]
        ]
      },
      "id": "way/126739851"
    },
    {
      "type": "Feature",
      "properties": {
        "@id": "way/126739860",
        "bicycle": "no",
        "bridge": "viaduct",
        "foot": "no",
        "highway": "trunk",
        "lanes": "2",
        "layer": "2",
        "name": "国道171号",
        "name:en": "National Highway Route 171",
        "name:ja": "国道171号",
        "oneway": "yes",
        "ref": "171",
        "source": "GSImaps/std",
        "surface": "asphalt"
      },
      "geometry": {
        "type": "LineString",
        "coordinates": [
          [
            135.4501384,
            34.8106543
          ],
          [
            135.4497404,
            34.810622
          ],
          [
            135.4491423,
            34.810626
          ],
          [
            135.4434068,
            34.8107981
          ]
        ]
      },
      "id": "way/126739860"
    },
    {
      "type": "Feature",
      "properties": {
        "@id": "way/126739867",
        "highway": "trunk",
        "lanes": "2",
        "maxspeed": "50",
        "name": "国道176号",
        "name:en": "National Highway Route 176",
        "name:ja": "国道176号",
        "oneway": "yes",
        "oneway:bicycle": "yes",
        "ref": "176",
        "source": "GSImaps/std;Bing 2012",
        "surface": "asphalt"
      },
      "geometry": {
        "type": "LineString",
        "coordinates": [
          [
            135.4069196,
            34.8114309
          ],
          [
            135.4083207,
            34.8113819
          ],
          [
            135.410226,
            34.8113263
          ]
        ]
      },
      "id": "way/126739867"
    },
    {
      "type": "Feature",
      "properties": {
        "@id": "way/126739868",
        "highway": "primary",
        "lanes": "1",
        "name": "大阪池田線",
        "name:en": "Osaka Ikeda Line",
        "name:ja": "大阪池田線",
        "name:ja-Hira": "おおさかいけだせん",
        "name:ja-Latn": "Ōsaka Ikeda-sen",
        "oneway": "yes",
        "oneway:bicycle": "no",
        "ref": "10",
        "source": "GSImaps/std",
        "surface": "asphalt",
        "wikidata": "Q11441238",
        "wikipedia": "ja:大阪府道10号・兵庫県道100号大阪池田線"
      },
      "geometry": {
        "type": "LineString",
        "coordinates": [
          [
            135.4356749,
            34.8026366
          ],
          [
            135.4357699,
            34.8025732
          ],
          [
            135.4359855,
            34.8024395
          ],
          [
            135.4363359,
            34.802233
          ],
          [
            135.4368254,
            34.8019703
          ],
          [
            135.4368517,
            34.8019579
          ],
          [
            135.4371133,
            34.8018348
          ],
          [
            135.4371854,
            34.8017056
          ]
        ]
      },
      "id": "way/126739868"
    },
    {
      "type": "Feature",
      "properties": {
        "@id": "way/126739870",
        "bicycle": "no",
        "foot": "no",
        "hgv:lanes": "yes|no|no",
        "highway": "motorway",
        "lanes": "3",
        "maxspeed": "100",
        "motorcar": "designated",
        "motorcycle": "designated",
        "name": "中国自動車道",
        "name:en": "Chugoku Expressway",
        "name:es": "Autopista Chugoku",
        "name:ja": "中国自動車道",
        "name:ko": "주코쿠자동차도",
        "name:ru": "Автомагистраль Тюгоку",
        "oneway": "yes",
        "ref": "E2A",
        "smoothness": "excellent",
        "source": "Bing 2010",
        "surface": "asphalt",
        "toll": "yes"
      },
      "geometry": {
        "type": "LineString",
        "coordinates": [
          [
            135.3964669,
            34.8108166
          ],
          [
            135.3979998,
            34.8109255
          ],
          [
            135.3996247,
            34.8110265
          ],
          [
            135.4009737,
            34.8110933
          ],
          [
            135.4030057,
            34.8111635
          ],
          [
            135.4034358,
            34.8111743
          ],
          [
            135.4060183,
            34.8112061
          ],
          [
            135.4085684,
            34.8112039
          ],
          [
            135.4102215,
            34.811186
          ]
        ]
      },
      "id": "way/126739870"
    },
    {
      "type": "Feature",
      "properties": {
        "@id": "way/126739874",
        "bicycle": "no",
        "foot": "no",
        "highway": "motorway",
        "lanes": "3",
        "maxspeed": "100",
        "motorcar": "designated",
        "motorcycle": "designated",
        "name": "中国自動車道",
        "name:en": "Chugoku Expressway",
        "name:es": "Autopista Chugoku",
        "name:ja": "中国自動車道",
        "name:ko": "주코쿠자동차도",
        "name:ru": "Автомагистраль Тюгоку",
        "oneway": "yes",
        "ref": "E2A",
        "smoothness": "excellent",
        "source": "Bing 2010",
        "surface": "asphalt",
        "toll": "yes"
      },
      "geometry": {
        "type": "LineString",
        "coordinates": [
          [
            135.4102153,
            34.8110596
          ],
          [
            135.4085828,
            34.8110711
          ],
          [
            135.4060114,
            34.8110731
          ],
          [
            135.4036443,
            34.8110285
          ],
          [
            135.4013774,
            34.8109574
          ],
          [
            135.3996305,
            34.810881
          ],
          [
            135.3979945,
            34.8107849
          ],
          [
            135.3964944,
            34.8106941
          ]
        ]
      },
      "id": "way/126739874"
    },
    {
      "type": "Feature",
      "properties": {
        "@id": "way/126746152",
        "bicycle": "no",
        "foot": "no",
        "highway": "motorway",
        "lanes": "2",
        "layer": "-2",
        "maxspeed": "50",
        "motorcar": "designated",
        "motorcycle": "designated",
        "name": "伊丹トンネル",
        "name:en": "Itami Tunnel",
        "name:es": "Túnel Itami",
        "name:ja": "伊丹トンネル",
        "oneway": "yes",
        "ref": "11",
        "smoothness": "excellent",
        "surface": "paved",
        "toll": "yes",
        "tunnel": "yes"
      },
      "geometry": {
        "type": "LineString",
        "coordinates": [
          [
            135.4307466,
            34.7971669
          ],
          [
            135.4305103,
            34.7971281
          ],
          [
            135.4302436,
            34.797101
          ],
          [
            135.4299857,
            34.7970949
          ],
          [
            135.4297357,
            34.797107
          ],
          [
            135.4294641,
            34.7971275
          ],
          [
            135.4291654,
            34.7971689
          ],
          [
            135.4288057,
            34.7972237
          ],
          [
            135.4283895,
            34.7972958
          ],
          [
            135.4280769,
            34.7973617
          ],
          [
            135.4277956,
            34.7974299
          ],
          [
            135.4275282,
            34.797505
          ],
          [
            135.4272714,
            34.7975934
          ],
          [
            135.4270794,
            34.7976777
          ],
          [
            135.4268546,
            34.7977926
          ],
          [
            135.4267062,
            34.7978835
          ],
          [
            135.4265464,
            34.7979974
          ],
          [
            135.4263845,
            34.7981334
          ],
          [
            135.4262625,
            34.798258
          ],
          [
            135.4261808,
            34.7983514
          ],
          [
            135.4259923,
            34.7986119
          ],
          [
            135.4259408,
            34.7987061
          ]
        ]
      },
      "id": "way/126746152"
    },
    {
      "type": "Feature",
      "properties": {
        "@id": "way/126746153",
        "bicycle": "no",
        "bridge": "yes",
        "foot": "no",
        "highway": "motorway",
        "lanes": "2",
        "layer": "1",
        "maxspeed": "50",
        "motorcar": "designated",
        "motorcycle": "designated",
        "name": "阪神高速11号池田線",
        "name:en": "Hanshin Expressway Route 11 Ikeda Line",
        "name:ja": "阪神高速11号池田線",
        "oneway": "yes",
        "ref": "11",
        "smoothness": "excellent",
        "source": "Bing 2010",
        "surface": "paved",
        "toll": "yes"
      },
      "geometry": {
        "type": "LineString",
        "coordinates": [
          [
            135.4251787,
            34.8021408
          ],
          [
            135.4248693,
            34.8030582
          ],
          [
            135.4245256,
            34.803982
          ],
          [
            135.4243761,
            34.8043422
          ],
          [
            135.4242123,
            34.8047257
          ],
          [
            135.4240378,
            34.8051086
          ],
          [
            135.4238221,
            34.8055465
          ],
          [
            135.4235254,
            34.8061218
          ],
          [
            135.4231865,
            34.8067414
          ],
          [
            135.4228071,
            34.8073699
          ],
          [
            135.422394,
            34.8080085
          ],
          [
            135.4220084,
            34.8085731
          ],
          [
            135.4213926,
            34.8094365
          ]
        ]
      },
      "id": "way/126746153"
    },
    {
      "type": "Feature",
      "properties": {
        "@id": "way/126746155",
        "bridge": "yes",
        "highway": "trunk",
        "lanes": "2",
        "layer": "1",
        "maxspeed": "50",
        "name": "国道171号",
        "name:en": "National Highway Route 171",
        "name:ja": "国道171号",
        "oneway": "yes",
        "ref": "171",
        "source": "GSImaps/std",
        "surface": "asphalt"
      },
      "geometry": {
        "type": "LineString",
        "coordinates": [
          [
            135.4111488,
            34.7944413
          ],
          [
            135.4113225,
            34.7946881
          ],
          [
            135.4116549,
            34.7950277
          ],
          [
            135.4135511,
            34.7969926
          ],
          [
            135.4139169,
            34.7973169
          ],
          [
            135.414322,
            34.7976
          ],
          [
            135.4144775,
            34.7977022
          ],
          [
            135.4146683,
            34.7977927
          ],
          [
            135.4149122,
            34.7978889
          ],
          [
            135.4154385,
            34.7980421
          ],
          [
            135.4186846,
            34.798679
          ],
          [
            135.4196687,
            34.79884
          ],
          [
            135.4200882,
            34.7989007
          ],
          [
            135.4206142,
            34.7989703
          ],
          [
            135.4219057,
            34.7991228
          ],
          [
            135.4220366,
            34.7991442
          ]
        ]
      },
      "id": "way/126746155"
    },
    {
      "type": "Feature",
      "properties": {
        "@id": "way/126746156",
        "bicycle": "no",
        "bridge": "yes",
        "foot": "no",
        "highway": "motorway",
        "lanes": "2",
        "layer": "1",
        "maxspeed": "50",
        "motorcar": "designated",
        "motorcycle": "designated",
        "name": "阪神高速11号池田線",
        "name:en": "Hanshin Expressway Route 11 Ikeda Line",
        "name:ja": "阪神高速11号池田線",
        "oneway": "yes",
        "ref": "11",
        "smoothness": "excellent",
        "source": "Bing 2010",
        "surface": "paved",
        "toll": "yes"
      },
      "geometry": {
        "type": "LineString",
        "coordinates": [
          [
            135.430726,
            34.7972598
          ],
          [
            135.4309673,
            34.7973164
          ],
          [
            135.4311997,
            34.7973933
          ],
          [
            135.4314286,
            34.7974839
          ],
          [
            135.4316285,
            34.7975814
          ],
          [
            135.4322958,
            34.7979484
          ],
          [
            135.4326222,
            34.7981148
          ],
          [
            135.432932,
            34.7982425
          ],
          [
            135.4332146,
            34.7983281
          ],
          [
            135.4334805,
            34.7983874
          ],
          [
            135.4336845,
            34.7984162
          ],
          [
            135.4338811,
            34.7984311
          ],
          [
            135.4340752,
            34.7984335
          ],
          [
            135.4342769,
            34.7984246
          ],
          [
            135.434458,
            34.7984055
          ],
          [
            135.434624,
            34.7983797
          ],
          [
            135.4347599,
            34.7983537
          ],
          [
            135.4349022,
            34.798318
          ],
          [
            135.4350441,
            34.7982767
          ],
          [
            135.4351968,
            34.7982232
          ],
          [
            135.4353358,
            34.7981677
          ],
          [
            135.4354998,
            34.7980925
          ],
          [
            135.4356597,
            34.7980082
          ],
          [
            135.4357974,
            34.7979235
          ],
          [
            135.4359847,
            34.7977998
          ],
          [
            135.4361722,
            34.797665
          ],
          [
            135.436352,
            34.7975266
          ],
          [
            135.4385593,
            34.7957018
          ],
          [
            135.43938,
            34.7950422
          ],
          [
            135.4395322,
            34.7949183
          ],
          [
            135.4398454,
            34.7946754
          ],
          [
            135.4401362,
            34.7944599
          ],
          [
            135.4403454,
            34.7943303
          ],
          [
            135.4410992,
            34.7939014
          ],
          [
            135.4412833,
            34.7937772
          ],
          [
            135.4414438,
            34.7936659
          ],
          [
            135.4416056,
            34.7935352
          ],
          [
            135.4417556,
            34.7934077
          ],
          [
            135.4418977,
            34.7932672
          ],
          [
            135.4422858,
            34.7928578
          ]
        ]
      },
      "id": "way/126746156"
    },
    {
      "type": "Feature",
      "properties": {
        "@id": "way/126746159",
        "highway": "trunk",
        "lanes": "2",
        "name": "国道171号",
        "name:en": "National Highway Route 171",
        "name:ja": "国道171号",
        "oneway": "yes",
        "ref": "171",
        "source": "GSImaps/std",
        "surface": "asphalt"
      },
      "geometry": {
        "type": "LineString",
        "coordinates": [
          [
            135.4259448,
            34.7995436
          ],
          [
            135.4258815,
            34.7995339
          ],
          [
            135.4257638,
            34.7995087
          ],
          [
            135.4256326,
            34.7994821
          ],
          [
            135.4254587,
            34.7994591
          ],
          [
            135.42529,
            34.7994436
          ]
        ]
      },
      "id": "way/126746159"
    },
    {
      "type": "Feature",
      "properties": {
        "@id": "way/126756994",
        "highway": "trunk",
        "lanes": "2",
        "maxspeed": "50",
        "name": "国道176号",
        "name:en": "National Highway Route 176",
        "name:ja": "国道176号",
        "oneway": "yes",
        "ref": "176",
        "source": "Bing 2012;GSImaps/std",
        "surface": "asphalt"
      },
      "geometry": {
        "type": "LineString",
        "coordinates": [
          [
            135.3868738,
            34.8097814
          ],
          [
            135.3874431,
            34.8099103
          ],
          [
            135.3879088,
            34.8099971
          ],
          [
            135.3886448,
            34.8101197
          ],
          [
            135.3890316,
            34.810181
          ],
          [
            135.3893461,
            34.8102193
          ],
          [
            135.3893922,
            34.8102251
          ],
          [
            135.3898843,
            34.8102867
          ],
          [
            135.3909243,
            34.8104033
          ],
          [
            135.3915602,
            34.81047
          ],
          [
            135.3928113,
            34.8106012
          ],
          [
            135.3935153,
            34.810675
          ],
          [
            135.3948544,
            34.8108086
          ],
          [
            135.3980486,
            34.8110556
          ],
          [
            135.3989466,
            34.8111114
          ],
          [
            135.3995955,
            34.811148
          ],
          [
            135.3999768,
            34.8111747
          ],
          [
            135.4008188,
            34.81123
          ],
          [
            135.4015358,
            34.8112748
          ],
          [
            135.4017,
            34.8112881
          ]
        ]
      },
      "id": "way/126756994"
    },
    {
      "type": "Feature",
      "properties": {
        "@id": "way/127315589",
        "bridge": "yes",
        "highway": "primary",
        "lanes": "3",
        "layer": "1",
        "maxspeed": "60",
        "name": "大阪中央環状線",
        "name:en": "Osaka Central Outer Ring Road",
        "name:ja": "大阪中央環状線",
        "name:ja-Hira": "おおさかちゅうおうかんじょうせん",
        "name:ja-Latn": "Ōsaka Chūō Kanjō-sen",
        "oneway": "yes",
        "ref": "2",
        "surface": "asphalt",
        "wikidata": "Q11441371",
        "wikipedia": "ja:大阪府道2号大阪中央環状線"
      },
      "geometry": {
        "type": "LineString",
        "coordinates": [
          [
            135.4492692,
            34.8003367
          ],
          [
            135.4484519,
            34.8002279
          ],
          [
            135.447767,
            34.800146
          ],
          [
            135.4470755,
            34.8000844
          ],
          [
            135.4466978,
            34.8000565
          ],
          [
            135.4462064,
            34.8000306
          ]
        ]
      },
      "id": "way/127315589"
    },
    {
      "type": "Feature",
      "properties": {
        "@id": "way/127317904",
        "bicycle": "no",
        "foot": "no",
        "highway": "trunk",
        "lanes": "1",
        "maxspeed": "60",
        "name": "新御堂筋",
        "name:en": "shin-midousuji",
        "name:ja": "新御堂筋",
        "name:ja-Hira": "しんみどうすじ",
        "name:ja-Latn": "shin-midousuji",
        "official_name": "国道423号",
        "official_name:en": "National Route 423",
        "oneway": "yes",
        "ref": "423",
        "source": "GSImaps/std",
        "surface": "paved"
      },
      "geometry": {
        "type": "LineString",
        "coordinates": [
          [
            135.4932005,
            34.8022504
          ],
          [
            135.4931134,
            34.8024759
          ],
          [
            135.4930357,
            34.802705
          ],
          [
            135.4929981,
            34.8028299
          ],
          [
            135.4929632,
            34.8029508
          ],
          [
            135.492932,
            34.8030673
          ],
          [
            135.4929013,
            34.8031879
          ],
          [
            135.4928599,
            34.8033888
          ],
          [
            135.4928231,
            34.8035793
          ],
          [
            135.4927943,
            34.8037811
          ],
          [
            135.4927826,
            34.8038908
          ],
          [
            135.4927678,
            34.8040347
          ],
          [
            135.492762,
            34.8041228
          ],
          [
            135.4927576,
            34.8042098
          ],
          [
            135.4927553,
            34.8042885
          ],
          [
            135.4927567,
            34.8043788
          ],
          [
            135.4927574,
            34.8044802
          ],
          [
            135.4927634,
            34.8045633
          ],
          [
            135.4927725,
            34.8046722
          ],
          [
            135.4928022,
            34.804979
          ],
          [
            135.4928365,
            34.8052997
          ],
          [
            135.4928823,
            34.8057101
          ],
          [
            135.4929649,
            34.8064669
          ],
          [
            135.493,
            34.8069447
          ],
          [
            135.4932126,
            34.8089486
          ],
          [
            135.4932837,
            34.8094496
          ],
          [
            135.4933394,
            34.8099484
          ],
          [
            135.4933843,
            34.8103734
          ],
          [
            135.4934272,
            34.8107985
          ],
          [
            135.4934262,
            34.8109445
          ]
        ]
      },
      "id": "way/127317904"
    },
    {
      "type": "Feature",
      "properties": {
        "@id": "way/127317905",
        "bicycle": "no",
        "foot": "no",
        "highway": "trunk",
        "lanes": "1",
        "maxspeed": "60",
        "name": "新御堂筋",
        "name:en": "shin-midousuji",
        "name:ja": "新御堂筋",
        "name:ja-Hira": "しんみどうすじ",
        "name:ja-Latn": "shin-midousuji",
        "official_name": "国道423号",
        "official_name:en": "National Route 423",
        "oneway": "yes",
        "ref": "423",
        "source": "GSImaps/std",
        "surface": "paved"
      },
      "geometry": {
        "type": "LineString",
        "coordinates": [
          [
            135.4944759,
            34.7995347
          ],
          [
            135.4944478,
            34.7996121
          ],
          [
            135.494417,
            34.7996892
          ],
          [
            135.4943874,
            34.799751
          ],
          [
            135.4942547,
            34.8000279
          ],
          [
            135.494193,
            34.8001567
          ],
          [
            135.4940398,
            34.8004703
          ],
          [
            135.4939825,
            34.8006022
          ],
          [
            135.4938396,
            34.8008956
          ],
          [
            135.4936968,
            34.8011875
          ],
          [
            135.4936056,
            34.8013791
          ],
          [
            135.4933977,
            34.801813
          ],
          [
            135.4933387,
            34.8019396
          ],
          [
            135.4932837,
            34.8020563
          ],
          [
            135.4932005,
            34.8022504
          ]
        ]
      },
      "id": "way/127317905"
    },
    {
      "type": "Feature",
      "properties": {
        "@id": "way/127319345",
        "bicycle": "no",
        "foot": "no",
        "highway": "trunk",
        "lanes": "2",
        "maxspeed": "60",
        "name": "新御堂筋",
        "name:en": "shin-midousuji",
        "name:ja": "新御堂筋",
        "name:ja-Hira": "しんみどうすじ",
        "name:ja-Latn": "shin-midousuji",
        "official_name": "国道423号",
        "official_name:en": "National Route 423",
        "oneway": "yes",
        "ref": "423",
        "source": "GSImaps/std",
        "surface": "paved"
      },
      "geometry": {
        "type": "LineString",
        "coordinates": [
          [
            135.4959149,
            34.7970052
          ],
          [
            135.4963489,
            34.7961258
          ],
          [
            135.4963844,
            34.7960595
          ],
          [
            135.4966086,
            34.795586
          ],
          [
            135.4967169,
            34.795348
          ]
        ]
      },
      "id": "way/127319345"
    },
    {
      "type": "Feature",
      "properties": {
        "@id": "way/127319352",
        "highway": "trunk",
        "lanes": "1",
        "maxspeed": "40",
        "name": "国道423号",
        "oneway": "yes",
        "ref": "423",
        "source": "GSImaps/std",
        "surface": "paved"
      },
      "geometry": {
        "type": "LineString",
        "coordinates": [
          [
            135.4926992,
            34.8035718
          ],
          [
            135.4926741,
            34.8038838
          ],
          [
            135.4926621,
            34.8040407
          ],
          [
            135.4926494,
            34.8042098
          ],
          [
            135.492648,
            34.8042813
          ],
          [
            135.492646,
            34.8043601
          ],
          [
            135.4926447,
            34.8044455
          ],
          [
            135.49264,
            34.8046618
          ],
          [
            135.4926393,
            34.8047664
          ],
          [
            135.492644,
            34.8048793
          ],
          [
            135.492644,
            34.8049855
          ],
          [
            135.492664,
            34.8053293
          ],
          [
            135.4927096,
            34.8057213
          ],
          [
            135.4927988,
            34.8064476
          ],
          [
            135.492845,
            34.8069287
          ],
          [
            135.4929183,
            34.807429
          ],
          [
            135.4929572,
            34.8078533
          ]
        ]
      },
      "id": "way/127319352"
    },
    {
      "type": "Feature",
      "properties": {
        "@id": "way/127322634",
        "bicycle": "no",
        "foot": "no",
        "highway": "trunk",
        "lanes": "2",
        "maxheight:signed": "no",
        "maxspeed": "60",
        "name": "新御堂筋",
        "name:en": "shin-midousuji",
        "name:ja": "新御堂筋",
        "name:ja-Hira": "しんみどうすじ",
        "name:ja-Latn": "shin-midousuji",
        "official_name": "国道423号",
        "official_name:en": "National Route 423",
        "oneway": "yes",
        "ref": "423",
        "source": "GSImaps/std",
        "surface": "paved"
      },
      "geometry": {
        "type": "LineString",
        "coordinates": [
          [
            135.4933563,
            34.8023486
          ],
          [
            135.4934527,
            34.8021158
          ],
          [
            135.4937678,
            34.8014578
          ],
          [
            135.4938269,
            34.8013301
          ],
          [
            135.493965,
            34.8010101
          ],
          [
            135.494081,
            34.8007657
          ],
          [
            135.4942989,
            34.800318
          ],
          [
            135.4943798,
            34.8001915
          ],
          [
            135.4945294,
            34.7998749
          ]
        ]
      },
      "id": "way/127322634"
    },
    {
      "type": "Feature",
      "properties": {
        "@id": "way/127322637",
        "cutting": "yes",
        "highway": "trunk",
        "lanes": "2",
        "maxspeed": "60",
        "name": "新御堂筋",
        "name:en": "shin-midousuji",
        "name:ja": "新御堂筋",
        "name:ja-Hira": "しんみどうすじ",
        "name:ja-Latn": "shin-midousuji",
        "official_name": "国道423号",
        "official_name:en": "National Route 423",
        "oneway": "yes",
        "ref": "423",
        "source": "GSImaps/std",
        "surface": "asphalt"
      },
      "geometry": {
        "type": "LineString",
        "coordinates": [
          [
            135.4974084,
            34.7656109
          ],
          [
            135.4968618,
            34.7683103
          ],
          [
            135.4967858,
            34.768631
          ],
          [
            135.4966863,
            34.7689977
          ],
          [
            135.4965721,
            34.7693073
          ],
          [
            135.496375,
            34.7697502
          ],
          [
            135.495925,
            34.7706452
          ],
          [
            135.4956749,
            34.7712286
          ],
          [
            135.4955582,
            34.7715469
          ],
          [
            135.4954738,
            34.7718141
          ]
        ]
      },
      "id": "way/127322637"
    },
    {
      "type": "Feature",
      "properties": {
        "@id": "way/127322648",
        "highway": "trunk",
        "lanes": "1",
        "maxspeed": "40",
        "name": "国道423号",
        "oneway": "yes",
        "ref": "423",
        "source": "GSImaps/std",
        "surface": "paved"
      },
      "geometry": {
        "type": "LineString",
        "coordinates": [
          [
            135.4958311,
            34.7974047
          ],
          [
            135.4966998,
            34.7956148
          ],
          [
            135.4969891,
            34.7949827
          ],
          [
            135.4971622,
            34.7945391
          ],
          [
            135.4973283,
            34.794041
          ],
          [
            135.4973982,
            34.7938306
          ],
          [
            135.4974232,
            34.7937483
          ],
          [
            135.4974567,
            34.7936209
          ],
          [
            135.4975098,
            34.7933957
          ],
          [
            135.4975535,
            34.7931844
          ],
          [
            135.4975902,
            34.7929808
          ],
          [
            135.4976021,
            34.7929024
          ],
          [
            135.4976087,
            34.7928596
          ],
          [
            135.4976203,
            34.7927831
          ],
          [
            135.4976276,
            34.7927352
          ],
          [
            135.4976459,
            34.7926066
          ],
          [
            135.4976613,
            34.7924774
          ],
          [
            135.4976764,
            34.7923251
          ],
          [
            135.4976836,
            34.7922326
          ],
          [
            135.4976923,
            34.7921014
          ],
          [
            135.497699,
            34.7919786
          ],
          [
            135.4977024,
            34.7918986
          ],
          [
            135.4977068,
            34.7917081
          ],
          [
            135.4977077,
            34.7914383
          ],
          [
            135.4977071,
            34.7913868
          ],
          [
            135.4977045,
            34.7913285
          ],
          [
            135.4977005,
            34.7912333
          ],
          [
            135.4976772,
            34.7905555
          ],
          [
            135.4976612,
            34.7903439
          ],
          [
            135.497653,
            34.7900788
          ],
          [
            135.4976379,
            34.7896564
          ],
          [
            135.4975899,
            34.7885269
          ],
          [
            135.4975039,
            34.7862715
          ],
          [
            135.4974987,
            34.7861433
          ],
          [
            135.4974975,
            34.7860536
          ],
          [
            135.4974916,
            34.7859369
          ],
          [
            135.4974801,
            34.7856212
          ],
          [
            135.4974798,
            34.7854884
          ],
          [
            135.4974732,
            34.7852268
          ],
          [
            135.4974275,
            34.7840473
          ],
          [
            135.4974026,
            34.7834677
          ],
          [
            135.4974009,
            34.7834194
          ],
          [
            135.4973868,
            34.783009
          ],
          [
            135.4973767,
            34.7827558
          ]
        ]
      },
      "id": "way/127322648"
    },
    {
      "type": "Feature",
      "properties": {
        "@id": "way/128961116",
        "highway": "trunk",
        "lanes": "1",
        "maxspeed": "40",
        "name": "国道423号",
        "oneway": "yes",
        "ref": "423",
        "source": "GSImaps/std",
        "surface": "asphalt"
      },
      "geometry": {
        "type": "LineString",
        "coordinates": [
          [
            135.4973398,
            34.7818164
          ],
          [
            135.4973135,
            34.7814518
          ],
          [
            135.4972765,
            34.7811447
          ],
          [
            135.4972357,
            34.7807982
          ],
          [
            135.4971874,
            34.7804445
          ],
          [
            135.4971542,
            34.7802581
          ],
          [
            135.4971146,
            34.7800632
          ],
          [
            135.497091,
            34.7799519
          ],
          [
            135.4969724,
            34.7794887
          ],
          [
            135.4968235,
            34.7789864
          ],
          [
            135.4967767,
            34.7788268
          ],
          [
            135.496736,
            34.7786972
          ],
          [
            135.4965833,
            34.7783154
          ],
          [
            135.4965322,
            34.7781831
          ],
          [
            135.4959203,
            34.7766132
          ],
          [
            135.4956882,
            34.77591
          ],
          [
            135.4956292,
            34.7756518
          ],
          [
            135.4955929,
            34.7754576
          ],
          [
            135.4955486,
            34.7752207
          ],
          [
            135.4955002,
            34.7748091
          ],
          [
            135.4954487,
            34.7743718
          ],
          [
            135.4954525,
            34.7736706
          ],
          [
            135.4954914,
            34.7731553
          ],
          [
            135.4955914,
            34.7725375
          ],
          [
            135.4957106,
            34.7720496
          ],
          [
            135.4959394,
            34.7713716
          ],
          [
            135.4960155,
            34.7711806
          ],
          [
            135.4962293,
            34.7707235
          ],
          [
            135.4966031,
            34.7699632
          ],
          [
            135.4966275,
            34.7699039
          ],
          [
            135.4966515,
            34.7698465
          ],
          [
            135.4968916,
            34.7692228
          ],
          [
            135.4970167,
            34.7688311
          ],
          [
            135.4971174,
            34.7683552
          ],
          [
            135.4973809,
            34.767042
          ],
          [
            135.4974099,
            34.766887
          ],
          [
            135.4975416,
            34.7661941
          ],
          [
            135.4975658,
            34.7660661
          ],
          [
            135.4975885,
            34.7659398
          ],
          [
            135.4977148,
            34.7652944
          ],
          [
            135.4977371,
            34.7649955
          ],
          [
            135.4977412,
            34.7648806
          ],
          [
            135.4977451,
            34.7647758
          ],
          [
            135.4977421,
            34.7645003
          ],
          [
            135.4977308,
            34.7643064
          ],
          [
            135.4977259,
            34.7642475
          ]
        ]
      },
      "id": "way/128961116"
    },
    {
      "type": "Feature",
      "properties": {
        "@id": "way/135979402",
        "highway": "primary",
        "lanes": "2",
        "maxspeed": "50",
        "name": "尼崎池田線",
        "name:en": "Amagasaki Ikeda Line",
        "name:ja": "尼崎池田線",
        "name:ja-Hira": "あまがさきいけだせん",
        "name:ja_rm": "Amagasaki Ikeda-sen",
        "oneway": "yes",
        "ref": "13",
        "source": "Bing,2006-06",
        "surface": "asphalt",
        "wikidata": "Q11393188",
        "wikipedia": "ja:兵庫県道13号尼崎池田線"
      },
      "geometry": {
        "type": "LineString",
        "coordinates": [
          [
            135.4112961,
            34.8108193
          ],
          [
            135.4113299,
            34.8105275
          ],
          [
            135.4114374,
            34.8091117
          ],
          [
            135.4114455,
            34.8089925
          ],
          [
            135.4115254,
            34.8083121
          ],
          [
            135.4116713,
            34.8068542
          ],
          [
            135.4117232,
            34.8063759
          ],
          [
            135.4117794,
            34.8058791
          ],
          [
            135.4118214,
            34.8053827
          ],
          [
            135.4118666,
            34.8048491
          ],
          [
            135.4119411,
            34.8042201
          ],
          [
            135.4120151,
            34.8038317
          ],
          [
            135.4121604,
            34.8034013
          ],
          [
            135.4122618,
            34.803119
          ],
          [
            135.4123226,
            34.8029075
          ],
          [
            135.412685,
            34.8020207
          ],
          [
            135.4127088,
            34.8019626
          ],
          [
            135.4128321,
            34.8016645
          ],
          [
            135.4128853,
            34.801536
          ],
          [
            135.4130441,
            34.8011521
          ],
          [
            135.4132252,
            34.8007067
          ],
          [
            135.413275,
            34.8005841
          ],
          [
            135.4133168,
            34.8004812
          ],
          [
            135.4134652,
            34.8001161
          ],
          [
            135.4135342,
            34.7999506
          ],
          [
            135.4137098,
            34.7995295
          ],
          [
            135.4139104,
            34.7990487
          ],
          [
            135.4139408,
            34.7989693
          ],
          [
            135.4139901,
            34.7988345
          ],
          [
            135.414294,
            34.7981426
          ]
        ]
      },
      "id": "way/135979402"
    },
    {
      "type": "Feature",
      "properties": {
        "@id": "way/135979407",
        "highway": "primary",
        "lanes": "2",
        "maxspeed": "50",
        "name": "尼崎池田線",
        "name:en": "Amagasaki Ikeda Line",
        "name:ja": "尼崎池田線",
        "name:ja-Hira": "あまがさきいけだせん",
        "name:ja_rm": "Amagasaki Ikeda-sen",
        "oneway": "yes",
        "ref": "13",
        "source": "Bing,2006-06",
        "surface": "asphalt",
        "wikidata": "Q11393188",
        "wikipedia": "ja:兵庫県道13号尼崎池田線"
      },
      "geometry": {
        "type": "LineString",
        "coordinates": [
          [
            135.4167573,
            34.7915499
          ],
          [
            135.4167218,
            34.7916947
          ],
          [
            135.4166845,
            34.7918243
          ],
          [
            135.4166034,
            34.7921118
          ],
          [
            135.4164383,
            34.7925287
          ],
          [
            135.4161278,
            34.7932891
          ],
          [
            135.4160456,
            34.7934949
          ],
          [
            135.4158561,
            34.7939696
          ],
          [
            135.4157878,
            34.7941391
          ],
          [
            135.4155413,
            34.7947639
          ],
          [
            135.4154492,
            34.7949973
          ],
          [
            135.4154034,
            34.7951052
          ],
          [
            135.4150493,
            34.7959932
          ],
          [
            135.4150151,
            34.7960789
          ],
          [
            135.4149449,
            34.7962389
          ],
          [
            135.4144334,
            34.7974878
          ],
          [
            135.4143399,
            34.7977328
          ],
          [
            135.4142978,
            34.7978314
          ],
          [
            135.414176,
            34.7981162
          ],
          [
            135.4139,
            34.7988107
          ],
          [
            135.4138004,
            34.7990289
          ],
          [
            135.4136239,
            34.7994638
          ],
          [
            135.4132881,
            34.8002909
          ],
          [
            135.4132199,
            34.8004542
          ],
          [
            135.4131844,
            34.8005393
          ],
          [
            135.413126,
            34.8006802
          ],
          [
            135.4127893,
            34.8014935
          ],
          [
            135.4127672,
            34.8015485
          ],
          [
            135.4127321,
            34.8016366
          ],
          [
            135.4126629,
            34.801808
          ],
          [
            135.4123313,
            34.8026094
          ],
          [
            135.4121337,
            34.8031058
          ],
          [
            135.4120302,
            34.8033898
          ],
          [
            135.4120063,
            34.8034808
          ],
          [
            135.4118558,
            34.804054
          ],
          [
            135.411762,
            34.8048676
          ],
          [
            135.4116846,
            34.805628
          ],
          [
            135.4116091,
            34.8065955
          ],
          [
            135.4115726,
            34.8068657
          ],
          [
            135.4114749,
            34.8076967
          ],
          [
            135.4114624,
            34.8078251
          ],
          [
            135.4114535,
            34.8080755
          ],
          [
            135.4114245,
            34.8083175
          ],
          [
            135.4113784,
            34.8085829
          ],
          [
            135.4113278,
            34.8091397
          ],
          [
            135.4112738,
            34.8097347
          ],
          [
            135.4111772,
            34.8105266
          ],
          [
            135.4111482,
            34.8108217
          ]
        ]
      },
      "id": "way/135979407"
    },
    {
      "type": "Feature",
      "properties": {
        "@id": "way/135979409",
        "highway": "primary",
        "lanes": "3",
        "maxspeed": "50",
        "name": "尼崎池田線",
        "name:en": "Amagasaki Ikeda Line",
        "name:ja": "尼崎池田線",
        "name:ja-Hira": "あまがさきいけだせん",
        "name:ja_rm": "Amagasaki Ikeda-sen",
        "oneway": "yes",
        "ref": "13",
        "source": "Bing,2006-06",
        "surface": "asphalt"
      },
      "geometry": {
        "type": "LineString",
        "coordinates": [
          [
            135.414294,
            34.7981426
          ],
          [
            135.4143944,
            34.7978885
          ],
          [
            135.4144357,
            34.7977839
          ]
        ]
      },
      "id": "way/135979409"
    },
    {
      "type": "Feature",
      "properties": {
        "@id": "way/135979410",
        "highway": "primary",
        "lanes": "2",
        "maxspeed": "50",
        "name": "尼崎池田線",
        "name:en": "Amagasaki Ikeda Line",
        "name:ja": "尼崎池田線",
        "name:ja-Hira": "あまがさきいけだせん",
        "name:ja_rm": "Amagasaki Ikeda-sen",
        "oneway": "yes",
        "ref": "13",
        "source": "Bing,2006-06",
        "surface": "asphalt"
      },
      "geometry": {
        "type": "LineString",
        "coordinates": [
          [
            135.4144357,
            34.7977839
          ],
          [
            135.41453,
            34.7975396
          ],
          [
            135.4147151,
            34.7971139
          ]
        ]
      },
      "id": "way/135979410"
    },
    {
      "type": "Feature",
      "properties": {
        "@id": "way/136822311",
        "highway": "trunk",
        "lanes": "1",
        "maxspeed": "40",
        "name": "国道423号",
        "oneway": "yes",
        "ref": "423",
        "source": "GSImaps/std",
        "surface": "paved"
      },
      "geometry": {
        "type": "LineString",
        "coordinates": [
          [
            135.4934659,
            34.80887
          ],
          [
            135.4934379,
            34.8087416
          ],
          [
            135.4933414,
            34.8077104
          ],
          [
            135.4932605,
            34.8069683
          ],
          [
            135.4932042,
            34.8064765
          ],
          [
            135.4931039,
            34.805688
          ],
          [
            135.4930886,
            34.805567
          ],
          [
            135.4930812,
            34.8054772
          ],
          [
            135.4930725,
            34.8053946
          ],
          [
            135.4930621,
            34.8052984
          ],
          [
            135.4930522,
            34.8052303
          ],
          [
            135.4930358,
            34.8048185
          ],
          [
            135.4930259,
            34.8046822
          ],
          [
            135.4930148,
            34.8045556
          ],
          [
            135.4930134,
            34.8044891
          ],
          [
            135.4930182,
            34.8043124
          ],
          [
            135.4930305,
            34.8041314
          ],
          [
            135.4930439,
            34.8039637
          ],
          [
            135.4930725,
            34.8038566
          ]
        ]
      },
      "id": "way/136822311"
    },
    {
      "type": "Feature",
      "properties": {
        "@id": "way/138044858",
        "bicycle": "no",
        "foot": "no",
        "highway": "motorway",
        "lanes": "2",
        "maxspeed": "100",
        "motorcar": "designated",
        "motorcycle": "designated",
        "name": "中国自動車道",
        "name:en": "Chugoku Expressway",
        "name:es": "Autopista Chugoku",
        "name:ja": "中国自動車道",
        "name:ko": "주코쿠자동차도",
        "name:ru": "Автомагистраль Тюгоку",
        "oneway": "yes",
        "ref": "E2A",
        "smoothness": "excellent",
        "source": "Bing 2010",
        "surface": "paved",
        "toll": "yes"
      },
      "geometry": {
        "type": "LineString",
        "coordinates": [
          [
            135.4965908,
            34.8070953
          ],
          [
            135.4982969,
            34.807232
          ]
        ]
      },
      "id": "way/138044858"
    },
    {
      "type": "Feature",
      "properties": {
        "@id": "way/138044860",
        "bicycle": "no",
        "foot": "no",
        "highway": "motorway",
        "lanes": "2",
        "maxspeed": "100",
        "motorcar": "designated",
        "motorcycle": "designated",
        "name": "中国自動車道",
        "name:en": "Chugoku Expressway",
        "name:es": "Autopista Chugoku",
        "name:ja": "中国自動車道",
        "name:ko": "주코쿠자동차도",
        "name:ru": "Автомагистраль Тюгоку",
        "oneway": "yes",
        "ref": "E2A",
        "smoothness": "excellent",
        "source": "Bing 2010",
        "surface": "paved",
        "toll": "yes"
      },
      "geometry": {
        "type": "LineString",
        "coordinates": [
          [
            135.4964283,
            34.8069297
          ],
          [
            135.4932895,
            34.8066809
          ]
        ]
      },
      "id": "way/138044860"
    },
    {
      "type": "Feature",
      "properties": {
        "@id": "way/145002240",
        "bicycle": "no",
        "foot": "no",
        "highway": "motorway",
        "lanes": "2",
        "maxspeed": "100",
        "motorcar": "designated",
        "motorcycle": "designated",
        "name": "中国自動車道",
        "name:en": "Chugoku Expressway",
        "name:es": "Autopista Chugoku",
        "name:ja": "中国自動車道",
        "name:ko": "주코쿠자동차도",
        "name:ru": "Автомагистраль Тюгоку",
        "oneway": "yes",
        "ref": "E2A",
        "smoothness": "excellent",
        "source": "Bing 2010",
        "surface": "paved",
        "toll": "yes"
      },
      "geometry": {
        "type": "LineString",
        "coordinates": [
          [
            135.5084301,
            34.8065509
          ],
          [
            135.5023786,
            34.8072197
          ],
          [
            135.501939,
            34.8072542
          ],
          [
            135.5015464,
            34.8072742
          ],
          [
            135.501173,
            34.8072781
          ],
          [
            135.5008162,
            34.8072728
          ],
          [
            135.5001749,
            34.8072451
          ],
          [
            135.4964283,
            34.8069297
          ]
        ]
      },
      "id": "way/145002240"
    },
    {
      "type": "Feature",
      "properties": {
        "@id": "way/145002246",
        "highway": "primary",
        "lanes": "3",
        "maxspeed": "60",
        "name": "大阪中央環状線",
        "name:en": "Osaka Central Outer Ring Road",
        "name:fr": "Route circulaire centrale d'Osaka",
        "name:ja": "大阪中央環状線",
        "name:ja-Hira": "おおさかちゅうおうかんじょうせん",
        "name:ja-Latn": "Ōsaka Chūō Kanjō-sen",
        "oneway": "yes",
        "ref": "2",
        "surface": "asphalt",
        "wikidata": "Q11441371",
        "wikipedia": "ja:大阪府道2号大阪中央環状線"
      },
      "geometry": {
        "type": "LineString",
        "coordinates": [
          [
            135.5192189,
            34.8061397
          ],
          [
            135.5186857,
            34.8060236
          ],
          [
            135.518239,
            34.8059381
          ],
          [
            135.517856,
            34.8058777
          ],
          [
            135.5174841,
            34.805827
          ],
          [
            135.5171607,
            34.8057938
          ],
          [
            135.5167651,
            34.8057619
          ],
          [
            135.5164929,
            34.8057476
          ],
          [
            135.5162565,
            34.8057387
          ],
          [
            135.5161395,
            34.8057388
          ],
          [
            135.5153894,
            34.8057497
          ],
          [
            135.5147531,
            34.8057734
          ],
          [
            135.5142492,
            34.8058158
          ],
          [
            135.5136825,
            34.8058496
          ],
          [
            135.5131385,
            34.8059079
          ],
          [
            135.5118398,
            34.8060452
          ],
          [
            135.5107437,
            34.8061669
          ],
          [
            135.5085611,
            34.806402
          ]
        ]
      },
      "id": "way/145002246"
    },
    {
      "type": "Feature",
      "properties": {
        "@id": "way/152794467",
        "highway": "motorway",
        "lanes": "3",
        "maxspeed": "80",
        "name": "名神高速道路",
        "name:en": "Meishin Expressway",
        "name:ja": "名神高速道路",
        "name:ko": "메이신고속도로",
        "name:ru": "Автомагистраль Мэйсин",
        "oneway": "yes",
        "ref": "E1",
        "smoothness": "excellent",
        "source": "Bing 2010",
        "surface": "asphalt",
        "toll": "yes"
      },
      "geometry": {
        "type": "LineString",
        "coordinates": [
          [
            135.4975021,
            34.7665775
          ],
          [
            135.49806,
            34.7671593
          ],
          [
            135.4990305,
            34.7681783
          ],
          [
            135.4995384,
            34.768692
          ],
          [
            135.4997275,
            34.7688746
          ],
          [
            135.5000864,
            34.7691771
          ],
          [
            135.5005485,
            34.7695494
          ],
          [
            135.5008575,
            34.7697704
          ],
          [
            135.5013721,
            34.7701106
          ],
          [
            135.5016838,
            34.7702983
          ],
          [
            135.5019224,
            34.770429
          ],
          [
            135.502327,
            34.770636
          ],
          [
            135.502557,
            34.7707498
          ],
          [
            135.5029554,
            34.7709256
          ],
          [
            135.5034934,
            34.7711361
          ],
          [
            135.5040674,
            34.7713316
          ],
          [
            135.5046347,
            34.771498
          ],
          [
            135.5050364,
            34.7715991
          ]
        ]
      },
      "id": "way/152794467"
    },
    {
      "type": "Feature",
      "properties": {
        "@id": "way/152794491",
        "cutting": "yes",
        "highway": "trunk",
        "lanes": "2",
        "maxspeed": "60",
        "name": "新御堂筋",
        "name:en": "shin-midousuji",
        "name:ja": "新御堂筋",
        "name:ja-Hira": "しんみどうすじ",
        "name:ja-Latn": "shin-midousuji",
        "official_name": "国道423号",
        "official_name:en": "National Route 423",
        "oneway": "yes",
        "ref": "423",
        "source": "GSImaps/std",
        "surface": "asphalt"
      },
      "geometry": {
        "type": "LineString",
        "coordinates": [
          [
            135.4955757,
            34.7721674
          ],
          [
            135.4956601,
            34.7718488
          ],
          [
            135.495746,
            34.7715811
          ],
          [
            135.4958616,
            34.7712798
          ],
          [
            135.496118,
            34.7707013
          ],
          [
            135.4965547,
            34.7698151
          ],
          [
            135.4967542,
            34.7693502
          ],
          [
            135.4968671,
            34.7690109
          ],
          [
            135.4969664,
            34.7686518
          ],
          [
            135.4970375,
            34.7683488
          ],
          [
            135.4975166,
            34.7659312
          ],
          [
            135.4975677,
            34.7656213
          ]
        ]
      },
      "id": "way/152794491"
    },
    {
      "type": "Feature",
      "properties": {
        "@id": "way/153150746",
        "highway": "primary",
        "lanes": "1",
        "name": "大阪国際空港線",
        "name:en": "Osaka International Airport Line",
        "name:ja": "大阪国際空港線",
        "name:ja-Hira": "おおさかこくさいくうこうせん",
        "name:ja-Latn": "Ōsakakokusaikūkō-sen",
        "oneway": "yes",
        "oneway:bicycle": "yes",
        "ref": "11",
        "surface": "asphalt",
        "wikidata": "Q11441244",
        "wikipedia": "ja:大阪府道11号大阪国際空港線"
      },
      "geometry": {
        "type": "LineString",
        "coordinates": [
          [
            135.4503842,
            34.792378
          ],
          [
            135.4504177,
            34.7923568
          ],
          [
            135.4504405,
            34.7923221
          ],
          [
            135.4504769,
            34.7922648
          ],
          [
            135.4505112,
            34.7922131
          ],
          [
            135.4505836,
            34.7921305
          ],
          [
            135.4506678,
            34.7920338
          ],
          [
            135.4507132,
            34.7919715
          ],
          [
            135.450755,
            34.7918948
          ]
        ]
      },
      "id": "way/153150746"
    },
    {
      "type": "Feature",
      "properties": {
        "@id": "way/153150747",
        "highway": "primary",
        "lanes": "1",
        "maxspeed": "40",
        "name": "大阪国際空港線",
        "name:en": "Osaka International Airport Line",
        "name:ja": "大阪国際空港線",
        "name:ja-Hira": "おおさかこくさいくうこうせん",
        "name:ja-Latn": "Ōsakakokusaikūkō-sen",
        "oneway": "yes",
        "oneway:bicycle": "yes",
        "ref": "11",
        "surface": "asphalt",
        "wikidata": "Q11441244",
        "wikipedia": "ja:大阪府道11号大阪国際空港線"
      },
      "geometry": {
        "type": "LineString",
        "coordinates": [
          [
            135.4474716,
            34.789454
          ],
          [
            135.447601,
            34.7894313
          ],
          [
            135.4477223,
            34.7894115
          ],
          [
            135.4481732,
            34.789333
          ],
          [
            135.4483478,
            34.7893067
          ],
          [
            135.4484839,
            34.7892925
          ],
          [
            135.4485674,
            34.7892872
          ],
          [
            135.4486148,
            34.7892842
          ],
          [
            135.4487264,
            34.7892821
          ],
          [
            135.44885,
            34.7892927
          ],
          [
            135.4490859,
            34.7893352
          ],
          [
            135.4492514,
            34.7893839
          ],
          [
            135.4493912,
            34.7894408
          ],
          [
            135.449493,
            34.7894907
          ],
          [
            135.4495958,
            34.789551
          ],
          [
            135.4497288,
            34.7896581
          ],
          [
            135.4497702,
            34.7896964
          ],
          [
            135.4498586,
            34.7897833
          ],
          [
            135.4499917,
            34.7899451
          ],
          [
            135.4501167,
            34.790104
          ],
          [
            135.4503592,
            34.7904111
          ],
          [
            135.450402,
            34.7904653
          ],
          [
            135.4504784,
            34.7905631
          ],
          [
            135.4506189,
            34.7907532
          ],
          [
            135.4507078,
            34.7909063
          ],
          [
            135.45074,
            34.790972
          ],
          [
            135.4507658,
            34.7910432
          ],
          [
            135.4507783,
            34.7910843
          ],
          [
            135.4507856,
            34.7911045
          ],
          [
            135.4507901,
            34.7911305
          ]
        ]
      },
      "id": "way/153150747"
    },
    {
      "type": "Feature",
      "properties": {
        "@id": "way/153150749",
        "highway": "primary",
        "lanes": "3",
        "maxspeed": "60",
        "name": "大阪中央環状線",
        "name:en": "Osaka Central Outer Ring Road",
        "name:ja": "大阪中央環状線",
        "name:ja-Hira": "おおさかちゅうおうかんじょうせん",
        "name:ja-Latn": "Ōsaka Chūō Kanjō-sen",
        "oneway": "yes",
        "ref": "2",
        "surface": "asphalt",
        "wikidata": "Q11441371",
        "wikipedia": "ja:大阪府道2号大阪中央環状線"
      },
      "geometry": {
        "type": "LineString",
        "coordinates": [
          [
            135.4462064,
            34.8000306
          ],
          [
            135.4456048,
            34.8000103
          ],
          [
            135.445291,
            34.8000047
          ],
          [
            135.4449986,
            34.8000053
          ],
          [
            135.4446119,
            34.8000068
          ],
          [
            135.4443223,
            34.8000122
          ],
          [
            135.444257,
            34.8000143
          ],
          [
            135.4440884,
            34.8000196
          ],
          [
            135.4434357,
            34.8000491
          ],
          [
            135.4434003,
            34.8000519
          ]
        ]
      },
      "id": "way/153150749"
    },
    {
      "type": "Feature",
      "properties": {
        "@id": "way/156586990",
        "highway": "primary",
        "name": "大阪中央環状線",
        "name:en": "Osaka Central Outer Ring Road",
        "name:ja": "大阪中央環状線",
        "name:ja-Hira": "おおさかちゅうおうかんじょうせん",
        "name:ja-Latn": "Ōsaka Chūō Kanjō-sen",
        "oneway": "yes",
        "ref": "2",
        "source": "NRPB of MLIT Japan",
        "source:ja": "国土画像情報（オルソ化空中写真）国土交通省",
        "surface": "asphalt",
        "wikidata": "Q11441371",
        "wikipedia": "ja:大阪府道2号大阪中央環状線"
      },
      "geometry": {
        "type": "LineString",
        "coordinates": [
          [
            135.4351049,
            34.8003728
          ],
          [
            135.4350104,
            34.8003998
          ],
          [
            135.4343797,
            34.8005206
          ],
          [
            135.4339178,
            34.8005693
          ],
          [
            135.4339091,
            34.8005702
          ],
          [
            135.4331074,
            34.8006027
          ],
          [
            135.4329931,
            34.8005992
          ],
          [
            135.4322815,
            34.8005781
          ]
        ]
      },
      "id": "way/156586990"
    },
    {
      "type": "Feature",
      "properties": {
        "@id": "way/156586994",
        "highway": "primary",
        "name": "大阪中央環状線",
        "name:en": "Osaka Central Outer Ring Road",
        "name:ja": "大阪中央環状線",
        "name:ja-Hira": "おおさかちゅうおうかんじょうせん",
        "name:ja-Latn": "Ōsaka Chūō Kanjō-sen",
        "oneway": "yes",
        "ref": "2",
        "source": "Bing 2012",
        "surface": "asphalt",
        "wikidata": "Q11441371",
        "wikipedia": "ja:大阪府道2号大阪中央環状線"
      },
      "geometry": {
        "type": "LineString",
        "coordinates": [
          [
            135.4322775,
            34.8006554
          ],
          [
            135.4329882,
            34.8006732
          ],
          [
            135.4331132,
            34.8006655
          ],
          [
            135.4335726,
            34.8006669
          ],
          [
            135.4339389,
            34.800641
          ],
          [
            135.4342083,
            34.8006115
          ],
          [
            135.434693,
            34.8005383
          ],
          [
            135.4349476,
            34.8004838
          ],
          [
            135.4350967,
            34.8004519
          ],
          [
            135.4354224,
            34.8003883
          ],
          [
            135.4369396,
            34.7999369
          ]
        ]
      },
      "id": "way/156586994"
    },
    {
      "type": "Feature",
      "properties": {
        "@id": "way/156586995",
        "bridge": "yes",
        "highway": "primary",
        "layer": "1",
        "name": "大阪中央環状線",
        "name:en": "Osaka Central Outer Ring Road",
        "name:ja": "大阪中央環状線",
        "name:ja-Hira": "おおさかちゅうおうかんじょうせん",
        "name:ja-Latn": "Ōsaka Chūō Kanjō-sen",
        "oneway": "yes",
        "ref": "2",
        "source": "Bing 2012",
        "surface": "asphalt",
        "wikidata": "Q11441371",
        "wikipedia": "ja:大阪府道2号大阪中央環状線"
      },
      "geometry": {
        "type": "LineString",
        "coordinates": [
          [
            135.4288979,
            34.8002016
          ],
          [
            135.4298356,
            34.8004014
          ],
          [
            135.4308575,
            34.8005545
          ],
          [
            135.4318259,
            34.8006373
          ],
          [
            135.4322775,
            34.8006554
          ]
        ]
      },
      "id": "way/156586995"
    },
    {
      "type": "Feature",
      "properties": {
        "@id": "way/156587000",
        "bicycle": "no",
        "bridge": "yes",
        "foot": "no",
        "highway": "motorway",
        "lanes": "2",
        "layer": "2",
        "maxspeed": "50",
        "motorcar": "designated",
        "motorcycle": "designated",
        "name": "阪神高速11号池田線",
        "name:en": "Hanshin Expressway Route 11 Ikeda Line",
        "name:ja": "阪神高速11号池田線",
        "oneway": "yes",
        "ref": "11",
        "smoothness": "excellent",
        "source": "Bing 2010",
        "surface": "paved",
        "toll": "yes"
      },
      "geometry": {
        "type": "LineString",
        "coordinates": [
          [
            135.4252606,
            34.8346907
          ],
          [
            135.4249553,
            34.833982
          ],
          [
            135.4246897,
            34.8333448
          ],
          [
            135.4231856,
            34.8297986
          ],
          [
            135.4229003,
            34.8291586
          ],
          [
            135.4227251,
            34.8287992
          ],
          [
            135.4225133,
            34.8284096
          ],
          [
            135.422288,
            34.8280273
          ],
          [
            135.4220232,
            34.827629
          ],
          [
            135.4217546,
            34.8272672
          ],
          [
            135.4214481,
            34.8269011
          ],
          [
            135.4210926,
            34.8265094
          ],
          [
            135.4207827,
            34.8261983
          ],
          [
            135.4203712,
            34.8258307
          ],
          [
            135.4199925,
            34.8255142
          ],
          [
            135.4196266,
            34.8252346
          ],
          [
            135.4183215,
            34.8241557
          ],
          [
            135.4177799,
            34.8236758
          ],
          [
            135.4169838,
            34.8229619
          ],
          [
            135.4168344,
            34.8228197
          ],
          [
            135.4166893,
            34.8226775
          ],
          [
            135.4165299,
            34.8225005
          ],
          [
            135.4164121,
            34.8223398
          ],
          [
            135.4163139,
            34.8221644
          ],
          [
            135.4162376,
            34.8219818
          ],
          [
            135.416186,
            34.8217841
          ],
          [
            135.4161622,
            34.821594
          ],
          [
            135.4161647,
            34.8213877
          ],
          [
            135.4161887,
            34.8211949
          ],
          [
            135.4162214,
            34.8210166
          ],
          [
            135.4162737,
            34.8208255
          ],
          [
            135.4165787,
            34.8198991
          ],
          [
            135.4169536,
            34.8187673
          ],
          [
            135.4171323,
            34.818267
          ],
          [
            135.4172979,
            34.8178316
          ],
          [
            135.4174669,
            34.8173949
          ],
          [
            135.4176314,
            34.8169942
          ],
          [
            135.417856,
            34.8164845
          ],
          [
            135.4180117,
            34.8161603
          ],
          [
            135.4184107,
            34.8153418
          ],
          [
            135.4186182,
            34.8149
          ],
          [
            135.4188851,
            34.8142926
          ],
          [
            135.4190929,
            34.813798
          ],
          [
            135.4194129,
            34.8130582
          ],
          [
            135.4196528,
            34.8125545
          ],
          [
            135.4199082,
            34.8120749
          ],
          [
            135.4201832,
            34.8115848
          ]
        ]
      },
      "id": "way/156587000"
    },
    {
      "type": "Feature",
      "properties": {
        "@id": "way/156587008",
        "bicycle": "no",
        "foot": "no",
        "highway": "motorway",
        "lanes": "2",
        "layer": "-2",
        "maxspeed": "50",
        "motorcar": "designated",
        "motorcycle": "designated",
        "name": "伊丹トンネル",
        "name:es": "Túnel Itami",
        "name:ja": "伊丹トンネル",
        "oneway": "yes",
        "ref": "11",
        "smoothness": "excellent",
        "surface": "paved",
        "toll": "yes",
        "tunnel": "yes"
      },
      "geometry": {
        "type": "LineString",
        "coordinates": [
          [
            135.4260323,
            34.7988112
          ],
          [
            135.426111,
            34.7986667
          ],
          [
            135.4262881,
            34.7984203
          ],
          [
            135.4263665,
            34.7983253
          ],
          [
            135.4264837,
            34.7982066
          ],
          [
            135.4266295,
            34.7980799
          ],
          [
            135.4267882,
            34.7979657
          ],
          [
            135.4269349,
            34.7978766
          ],
          [
            135.4271479,
            34.7977652
          ],
          [
            135.427333,
            34.7976849
          ],
          [
            135.4275789,
            34.7975982
          ],
          [
            135.4278392,
            34.7975269
          ],
          [
            135.4280995,
            34.7974627
          ],
          [
            135.4284174,
            34.7973951
          ],
          [
            135.4288179,
            34.7973233
          ],
          [
            135.4291404,
            34.7972733
          ],
          [
            135.429455,
            34.7972362
          ],
          [
            135.4297404,
            34.7972115
          ],
          [
            135.4299864,
            34.7971998
          ],
          [
            135.4302326,
            34.7972023
          ],
          [
            135.4304793,
            34.7972229
          ],
          [
            135.430726,
            34.7972598
          ]
        ]
      },
      "id": "way/156587008"
    },
    {
      "type": "Feature",
      "properties": {
        "@id": "way/156603023",
        "highway": "primary",
        "lanes": "2",
        "name": "大阪中央環状線",
        "name:ja": "大阪中央環状線",
        "oneway": "yes",
        "ref": "2",
        "surface": "asphalt"
      },
      "geometry": {
        "type": "LineString",
        "coordinates": [
          [
            135.4371854,
            34.8017056
          ],
          [
            135.4374804,
            34.8015916
          ],
          [
            135.4377323,
            34.8014748
          ],
          [
            135.4379638,
            34.8013675
          ],
          [
            135.4382368,
            34.8012556
          ],
          [
            135.4385415,
            34.801157
          ],
          [
            135.439264,
            34.800963
          ],
          [
            135.439955,
            34.8007972
          ],
          [
            135.4403945,
            34.8007211
          ],
          [
            135.4407728,
            34.80066
          ],
          [
            135.4409726,
            34.8006259
          ],
          [
            135.4411503,
            34.8006084
          ]
        ]
      },
      "id": "way/156603023"
    },
    {
      "type": "Feature",
      "properties": {
        "@id": "way/156603024",
        "highway": "primary",
        "lanes": "2",
        "name": "大阪池田線",
        "name:en": "Osaka Ikeda Line",
        "name:ja": "大阪池田線",
        "name:ja-Hira": "おおさかいけだせん",
        "name:ja-Latn": "Ōsaka Ikeda-sen",
        "oneway": "yes",
        "ref": "10",
        "surface": "asphalt",
        "wikidata": "Q11441238",
        "wikipedia": "ja:大阪府道10号・兵庫県道100号大阪池田線"
      },
      "geometry": {
        "type": "LineString",
        "coordinates": [
          [
            135.4387038,
            34.8002218
          ],
          [
            135.4386069,
            34.8003153
          ],
          [
            135.4385192,
            34.8003968
          ],
          [
            135.4381602,
            34.8007281
          ],
          [
            135.4379849,
            34.8009072
          ],
          [
            135.4379155,
            34.8009683
          ],
          [
            135.4378544,
            34.8010154
          ],
          [
            135.4377013,
            34.8010992
          ],
          [
            135.4375379,
            34.8011851
          ],
          [
            135.4372605,
            34.8012992
          ]
        ]
      },
      "id": "way/156603024"
    },
    {
      "type": "Feature",
      "properties": {
        "@id": "way/157653876",
        "highway": "primary",
        "lanes": "2",
        "maxspeed": "50",
        "name": "伊丹豊中線",
        "name:en": "Itami-Toyonaka Line",
        "name:ja": "伊丹豊中線",
        "name:ja-Hira": "いたみとよなかせん",
        "name:ja_rm": "Itami Toyonaka-sen",
        "oneway": "yes",
        "ref": "99",
        "surface": "asphalt",
        "wikidata": "Q11393639",
        "wikipedia": "ja:兵庫県道・大阪府道99号伊丹豊中線"
      },
      "geometry": {
        "type": "LineString",
        "coordinates": [
          [
            135.4350349,
            34.7825345
          ],
          [
            135.4348649,
            34.7825422
          ],
          [
            135.4343164,
            34.7825593
          ],
          [
            135.4335905,
            34.7825821
          ],
          [
            135.4328299,
            34.7825984
          ]
        ]
      },
      "id": "way/157653876"
    },
    {
      "type": "Feature",
      "properties": {
        "@id": "way/157653877",
        "bicycle": "no",
        "highway": "primary",
        "lanes": "2",
        "maxspeed": "50",
        "name": "伊丹豊中線",
        "name:en": "Itami-Toyonaka Line",
        "name:ja": "伊丹豊中線",
        "name:ja-Hira": "いたみとよなかせん",
        "name:ja_rm": "Itami Toyonaka-sen",
        "oneway": "yes",
        "ref": "99",
        "surface": "asphalt",
        "wikidata": "Q11393639",
        "wikipedia": "ja:兵庫県道・大阪府道99号伊丹豊中線"
      },
      "geometry": {
        "type": "LineString",
        "coordinates": [
          [
            135.4304871,
            34.7827579
          ],
          [
            135.430291,
            34.7827679
          ],
          [
            135.4299486,
            34.7827849
          ],
          [
            135.4291685,
            34.7828236
          ],
          [
            135.4289973,
            34.7828283
          ],
          [
            135.4287027,
            34.7828365
          ],
          [
            135.4275135,
            34.7828569
          ]
        ]
      },
      "id": "way/157653877"
    },
    {
      "type": "Feature",
      "properties": {
        "@id": "way/158207569",
        "bicycle": "no",
        "foot": "no",
        "highway": "trunk",
        "lanes": "2",
        "maxspeed": "40",
        "name": "国道176号",
        "name:en": "National Highway Route 176",
        "name:ja": "国道176号",
        "ref": "176;423;477",
        "source": "Bing,2009-11;GSImaps/std",
        "surface": "asphalt"
      },
      "geometry": {
        "type": "LineString",
        "coordinates": [
          [
            135.4458876,
            34.8093996
          ],
          [
            135.4457731,
            34.8094947
          ],
          [
            135.4456429,
            34.8095903
          ],
          [
            135.4452707,
            34.8098576
          ],
          [
            135.4449605,
            34.8100722
          ]
        ]
      },
      "id": "way/158207569"
    },
    {
      "type": "Feature",
      "properties": {
        "@id": "way/164977611",
        "bicycle": "no",
        "foot": "no",
        "highway": "trunk",
        "lanes": "2",
        "name": "国道171号",
        "name:en": "National Highway Route 171",
        "name:ja": "国道171号",
        "oneway": "yes",
        "ref": "171",
        "source": "GSImaps/std",
        "surface": "asphalt"
      },
      "geometry": {
        "type": "LineString",
        "coordinates": [
          [
            135.4501313,
            34.8107245
          ],
          [
            135.4504985,
            34.8107596
          ],
          [
            135.4509703,
            34.8108277
          ],
          [
            135.4512993,
            34.8108862
          ],
          [
            135.4516574,
            34.8109685
          ],
          [
            135.4523283,
            34.811158
          ],
          [
            135.4526547,
            34.8112852
          ]
        ]
      },
      "id": "way/164977611"
    },
    {
      "type": "Feature",
      "properties": {
        "@id": "way/172149592",
        "highway": "primary",
        "lanes": "2",
        "maxspeed": "60",
        "name": "大阪池田線",
        "name:en": "Osaka Ikeda Line",
        "name:ja": "大阪池田線",
        "name:ja-Hira": "おおさかいけだせん",
        "name:ja-Latn": "Ōsaka Ikeda-sen",
        "oneway": "yes",
        "ref": "10",
        "source": "NRPB of MLIT Japan",
        "source:ja": "国土画像情報（オルソ化空中写真）国土交通省",
        "surface": "asphalt",
        "wikidata": "Q11441238",
        "wikipedia": "ja:大阪府道10号・兵庫県道100号大阪池田線"
      },
      "geometry": {
        "type": "LineString",
        "coordinates": [
          [
            135.4628219,
            34.7488999
          ],
          [
            135.4627373,
            34.7489453
          ],
          [
            135.4626446,
            34.7489984
          ],
          [
            135.4625769,
            34.7490468
          ],
          [
            135.4625199,
            34.7490922
          ],
          [
            135.4624387,
            34.7491608
          ],
          [
            135.4623408,
            34.7492516
          ],
          [
            135.4622703,
            34.7493211
          ],
          [
            135.4622053,
            34.7493918
          ],
          [
            135.4621504,
            34.7494594
          ],
          [
            135.4621093,
            34.749519
          ],
          [
            135.4620697,
            34.7495873
          ],
          [
            135.4620359,
            34.7496561
          ],
          [
            135.4620131,
            34.7497176
          ],
          [
            135.4619961,
            34.7497808
          ],
          [
            135.4619871,
            34.7498461
          ],
          [
            135.4619852,
            34.7499194
          ],
          [
            135.4619887,
            34.7499837
          ],
          [
            135.4620003,
            34.7500536
          ],
          [
            135.46202,
            34.7501279
          ],
          [
            135.4620491,
            34.7501967
          ],
          [
            135.4620857,
            34.7502638
          ],
          [
            135.4621327,
            34.7503265
          ],
          [
            135.4621904,
            34.7503891
          ],
          [
            135.4622665,
            34.7504625
          ],
          [
            135.4623655,
            34.750558
          ],
          [
            135.4624774,
            34.7506658
          ],
          [
            135.4625705,
            34.7507626
          ],
          [
            135.4626386,
            34.7508404
          ],
          [
            135.4627039,
            34.7509259
          ],
          [
            135.4627568,
            34.7510009
          ],
          [
            135.4628044,
            34.7510836
          ],
          [
            135.4628458,
            34.7511653
          ],
          [
            135.4628793,
            34.751248
          ],
          [
            135.462906,
            34.7513262
          ],
          [
            135.4629245,
            34.7514055
          ],
          [
            135.4629357,
            34.7514891
          ],
          [
            135.4629429,
            34.7515848
          ],
          [
            135.4629438,
            34.751686
          ],
          [
            135.4629403,
            34.7517758
          ],
          [
            135.4629337,
            34.7518739
          ],
          [
            135.4629249,
            34.7519922
          ],
          [
            135.4628942,
            34.7521844
          ],
          [
            135.4628381,
            34.7525159
          ],
          [
            135.4627537,
            34.7530067
          ],
          [
            135.4625834,
            34.7539737
          ],
          [
            135.4623845,
            34.7551987
          ],
          [
            135.4622696,
            34.7558597
          ],
          [
            135.4620807,
            34.7568282
          ],
          [
            135.4619929,
            34.7573108
          ],
          [
            135.4618881,
            34.7578862
          ],
          [
            135.4618719,
            34.7579834
          ],
          [
            135.4618186,
            34.7582945
          ],
          [
            135.4617161,
            34.7587917
          ],
          [
            135.4615651,
            34.7596998
          ],
          [
            135.4613741,
            34.7608702
          ],
          [
            135.4613344,
            34.7614135
          ],
          [
            135.4612895,
            34.7617753
          ],
          [
            135.461136,
            34.7626606
          ],
          [
            135.4609624,
            34.7636621
          ],
          [
            135.4608947,
            34.7640612
          ],
          [
            135.4608095,
            34.7644333
          ],
          [
            135.4604842,
            34.7656634
          ],
          [
            135.4599461,
            34.7675977
          ],
          [
            135.459688,
            34.7685175
          ],
          [
            135.4594132,
            34.7695168
          ],
          [
            135.4591602,
            34.7704497
          ],
          [
            135.4589019,
            34.7713855
          ],
          [
            135.4586415,
            34.7723208
          ],
          [
            135.4584036,
            34.773145
          ],
          [
            135.4583795,
            34.7732335
          ],
          [
            135.4583611,
            34.7732956
          ],
          [
            135.4578962,
            34.7751145
          ],
          [
            135.4578824,
            34.7751701
          ],
          [
            135.4576304,
            34.7760595
          ],
          [
            135.4576001,
            34.7761642
          ],
          [
            135.4575652,
            34.7762901
          ],
          [
            135.4574647,
            34.7766282
          ],
          [
            135.4573478,
            34.776937
          ],
          [
            135.4572103,
            34.7772228
          ],
          [
            135.4570362,
            34.7775104
          ],
          [
            135.4568901,
            34.7777155
          ],
          [
            135.4567569,
            34.7778852
          ],
          [
            135.4556318,
            34.7792365
          ],
          [
            135.4552931,
            34.779557
          ],
          [
            135.4551331,
            34.7797492
          ],
          [
            135.4547594,
            34.7801984
          ],
          [
            135.4539329,
            34.7812022
          ],
          [
            135.4533848,
            34.7818884
          ],
          [
            135.4531302,
            34.7822071
          ]
        ]
      },
      "id": "way/172149592"
    },
    {
      "type": "Feature",
      "properties": {
        "@id": "way/172170256",
        "bicycle": "no",
        "bridge": "yes",
        "foot": "no",
        "highway": "motorway",
        "lanes": "2",
        "layer": "1",
        "maxspeed": "60",
        "motorcar": "designated",
        "motorcycle": "designated",
        "name": "阪神高速11号池田線",
        "name:en": "Hanshin Expressway Route 11 Ikeda Line",
        "name:ja": "阪神高速11号池田線",
        "oneway": "yes",
        "ref": "11",
        "smoothness": "excellent",
        "source": "NRPB of MLIT Japan",
        "source:ja": "国土画像情報（オルソ化空中写真）国土交通省",
        "surface": "asphalt",
        "toll": "yes"
      },
      "geometry": {
        "type": "LineString",
        "coordinates": [
          [
            135.4625514,
            34.7548668
          ],
          [
            135.46206,
            34.7577731
          ],
          [
            135.4615411,
            34.7607195
          ],
          [
            135.4613423,
            34.7618624
          ],
          [
            135.4610413,
            34.7636154
          ],
          [
            135.4609621,
            34.7640628
          ],
          [
            135.4608678,
            34.7645031
          ],
          [
            135.4607559,
            34.7649325
          ],
          [
            135.4606212,
            34.7654406
          ],
          [
            135.4590796,
            34.7709987
          ],
          [
            135.4578246,
            34.7755597
          ],
          [
            135.4576465,
            34.7761985
          ],
          [
            135.4575204,
            34.7766363
          ],
          [
            135.4574029,
            34.7769549
          ],
          [
            135.4572667,
            34.7772431
          ],
          [
            135.4570996,
            34.7775278
          ],
          [
            135.4569088,
            34.7778009
          ],
          [
            135.4566483,
            34.7781341
          ],
          [
            135.4557587,
            34.7792058
          ],
          [
            135.4542399,
            34.7810622
          ],
          [
            135.4536294,
            34.7818047
          ],
          [
            135.4531521,
            34.7823705
          ],
          [
            135.4506797,
            34.7853675
          ],
          [
            135.4492763,
            34.7870601
          ],
          [
            135.4485335,
            34.7879562
          ],
          [
            135.447113,
            34.7896772
          ],
          [
            135.4459873,
            34.7910291
          ],
          [
            135.4450469,
            34.7921716
          ],
          [
            135.4445915,
            34.7927317
          ],
          [
            135.4443314,
            34.7930693
          ],
          [
            135.4440848,
            34.7934254
          ],
          [
            135.4438868,
            34.7937417
          ],
          [
            135.4436901,
            34.7940856
          ],
          [
            135.4433192,
            34.7947538
          ],
          [
            135.4429186,
            34.7954747
          ],
          [
            135.4426919,
            34.7958455
          ]
        ]
      },
      "id": "way/172170256"
    },
    {
      "type": "Feature",
      "properties": {
        "@id": "way/172170269",
        "bicycle": "no",
        "bridge": "yes",
        "foot": "no",
        "highway": "motorway",
        "lanes": "2",
        "layer": "2",
        "maxspeed": "60",
        "motorcar": "designated",
        "motorcycle": "designated",
        "name": "阪神高速11号池田線",
        "name:en": "Hanshin Expressway Route 11 Ikeda Line",
        "name:ja": "阪神高速11号池田線",
        "oneway": "yes",
        "ref": "11",
        "smoothness": "excellent",
        "source": "Bing",
        "surface": "asphalt",
        "toll": "yes"
      },
      "geometry": {
        "type": "LineString",
        "coordinates": [
          [
            135.4526767,
            34.7830967
          ],
          [
            135.4532316,
            34.782412
          ],
          [
            135.453711,
            34.7818371
          ],
          [
            135.4543292,
            34.7810913
          ],
          [
            135.4559914,
            34.7790673
          ],
          [
            135.4567411,
            34.7781645
          ],
          [
            135.4569963,
            34.7778452
          ],
          [
            135.457188,
            34.7775663
          ],
          [
            135.4573592,
            34.7772783
          ],
          [
            135.4574965,
            34.776988
          ],
          [
            135.4576143,
            34.7766612
          ],
          [
            135.4577496,
            34.7761969
          ],
          [
            135.4579219,
            34.7755783
          ],
          [
            135.4591775,
            34.7710183
          ],
          [
            135.460712,
            34.765457
          ],
          [
            135.4608424,
            34.764971
          ],
          [
            135.4609598,
            34.7645184
          ],
          [
            135.4610561,
            34.7640748
          ],
          [
            135.4611416,
            34.7636241
          ],
          [
            135.4614869,
            34.761613
          ],
          [
            135.4616377,
            34.7607337
          ],
          [
            135.4621481,
            34.757789
          ],
          [
            135.46265,
            34.7548746
          ]
        ]
      },
      "id": "way/172170269"
    },
    {
      "type": "Feature",
      "properties": {
        "@id": "way/172170276",
        "bicycle": "no",
        "bridge": "yes",
        "designated": "no",
        "foot": "no",
        "highway": "motorway",
        "lanes": "2",
        "layer": "1",
        "maxspeed": "60",
        "motorcar": "designated",
        "motorcycle": "designated",
        "name": "阪神高速11号池田線",
        "name:en": "Hanshin Expressway Route 11 Ikeda Line",
        "name:ja": "阪神高速11号池田線",
        "oneway": "yes",
        "ref": "11",
        "smoothness": "excellent",
        "source": "Bing",
        "surface": "paved",
        "toll": "yes"
      },
      "geometry": {
        "type": "LineString",
        "coordinates": [
          [
            135.4472142,
            34.7896965
          ],
          [
            135.4484956,
            34.78815
          ],
          [
            135.4493658,
            34.7870985
          ],
          [
            135.4507607,
            34.7854048
          ]
        ]
      },
      "id": "way/172170276"
    },
    {
      "type": "Feature",
      "properties": {
        "@id": "way/172349955",
        "highway": "trunk",
        "lanes": "1",
        "maxspeed": "40",
        "name": "国道423号",
        "oneway": "yes",
        "ref": "423",
        "source": "GSImaps/std",
        "surface": "asphalt"
      },
      "geometry": {
        "type": "LineString",
        "coordinates": [
          [
            135.496531,
            34.7535351
          ],
          [
            135.4965494,
            34.7540452
          ],
          [
            135.4965918,
            34.7546093
          ],
          [
            135.496599,
            34.7547075
          ],
          [
            135.4966953,
            34.756027
          ],
          [
            135.4967067,
            34.7561069
          ],
          [
            135.4967176,
            34.7561976
          ],
          [
            135.4967654,
            34.7571159
          ],
          [
            135.4967858,
            34.7574594
          ],
          [
            135.4967936,
            34.7575735
          ],
          [
            135.4968,
            34.7576734
          ],
          [
            135.4968689,
            34.7586008
          ],
          [
            135.4968865,
            34.7588689
          ],
          [
            135.4969577,
            34.7597679
          ],
          [
            135.4969649,
            34.7598385
          ],
          [
            135.4969744,
            34.7599248
          ],
          [
            135.4969835,
            34.7601589
          ],
          [
            135.4970842,
            34.7613751
          ],
          [
            135.4971339,
            34.7619759
          ],
          [
            135.4971394,
            34.762057
          ],
          [
            135.4972923,
            34.7641839
          ],
          [
            135.4972978,
            34.7642704
          ],
          [
            135.4973023,
            34.7643204
          ],
          [
            135.497338,
            34.7647312
          ],
          [
            135.4973465,
            34.7649198
          ],
          [
            135.497313,
            34.7655934
          ],
          [
            135.4972803,
            34.7658164
          ],
          [
            135.4971569,
            34.7664219
          ],
          [
            135.4971228,
            34.7665891
          ],
          [
            135.4969489,
            34.7674791
          ],
          [
            135.4968502,
            34.7679992
          ],
          [
            135.4967833,
            34.768317
          ],
          [
            135.4967066,
            34.7686162
          ],
          [
            135.4965828,
            34.7689889
          ],
          [
            135.4964689,
            34.769289
          ],
          [
            135.4962729,
            34.7697181
          ],
          [
            135.4962484,
            34.7697688
          ],
          [
            135.496218,
            34.7698303
          ],
          [
            135.4958658,
            34.7705079
          ],
          [
            135.4955641,
            34.7712187
          ],
          [
            135.4953311,
            34.7719387
          ],
          [
            135.4952011,
            34.7724859
          ],
          [
            135.4950995,
            34.7730746
          ],
          [
            135.4950593,
            34.7734505
          ],
          [
            135.4950454,
            34.7738035
          ],
          [
            135.4950592,
            34.774401
          ],
          [
            135.4951049,
            34.7749883
          ],
          [
            135.4951584,
            34.7753414
          ],
          [
            135.4952992,
            34.7759755
          ],
          [
            135.4955254,
            34.7767248
          ],
          [
            135.4957708,
            34.7773303
          ],
          [
            135.4958887,
            34.7776134
          ],
          [
            135.4959204,
            34.777691
          ],
          [
            135.4961072,
            34.7781662
          ],
          [
            135.4962016,
            34.7784001
          ],
          [
            135.4963567,
            34.7788148
          ],
          [
            135.4963949,
            34.7789469
          ],
          [
            135.4964417,
            34.7791032
          ],
          [
            135.4965215,
            34.7794029
          ],
          [
            135.4966471,
            34.779875
          ],
          [
            135.4967488,
            34.7803172
          ],
          [
            135.4968624,
            34.7810602
          ],
          [
            135.4968814,
            34.7811844
          ],
          [
            135.4969108,
            34.7815671
          ],
          [
            135.496928,
            34.7818323
          ]
        ]
      },
      "id": "way/172349955"
    },
    {
      "type": "Feature",
      "properties": {
        "@id": "way/182368802",
        "highway": "primary",
        "lanes": "1",
        "name": "大阪中央環状線",
        "name:en": "Osaka Central Outer Ring Road",
        "name:ja": "大阪中央環状線",
        "name:ja-Hira": "おおさかちゅうおうかんじょうせん",
        "name:ja-Latn": "Ōsaka Chūō Kanjō-sen",
        "oneway": "yes",
        "ref": "2",
        "surface": "asphalt",
        "wikidata": "Q11441371",
        "wikipedia": "ja:大阪府道2号大阪中央環状線"
      },
      "geometry": {
        "type": "LineString",
        "coordinates": [
          [
            135.4434003,
            34.8000519
          ],
          [
            135.4430117,
            34.800116
          ],
          [
            135.4429313,
            34.8001198
          ],
          [
            135.4428515,
            34.8001248
          ],
          [
            135.4427965,
            34.8001278
          ],
          [
            135.4427589,
            34.8001281
          ],
          [
            135.4427019,
            34.8001292
          ],
          [
            135.4426235,
            34.8001297
          ],
          [
            135.4425551,
            34.8001303
          ],
          [
            135.4424971,
            34.8001306
          ],
          [
            135.4421423,
            34.8001162
          ],
          [
            135.4418731,
            34.8000911
          ],
          [
            135.4416438,
            34.8000522
          ],
          [
            135.4414034,
            34.7999976
          ],
          [
            135.4409064,
            34.7998704
          ]
        ]
      },
      "id": "way/182368802"
    },
    {
      "type": "Feature",
      "properties": {
        "@id": "way/182368804",
        "highway": "primary",
        "name": "大阪中央環状線",
        "name:en": "Osaka Central Outer Ring Road",
        "name:ja": "大阪中央環状線",
        "name:ja-Hira": "おおさかちゅうおうかんじょうせん",
        "name:ja-Latn": "Ōsaka Chūō Kanjō-sen",
        "oneway": "yes",
        "ref": "2",
        "surface": "asphalt",
        "wikidata": "Q11441371",
        "wikipedia": "ja:大阪府道2号大阪中央環状線"
      },
      "geometry": {
        "type": "LineString",
        "coordinates": [
          [
            135.4409035,
            34.7999696
          ],
          [
            135.4415768,
            34.8001939
          ],
          [
            135.4418187,
            34.8002628
          ],
          [
            135.4421413,
            34.8003368
          ],
          [
            135.4423801,
            34.8003848
          ],
          [
            135.4426596,
            34.8004231
          ]
        ]
      },
      "id": "way/182368804"
    },
    {
      "type": "Feature",
      "properties": {
        "@id": "way/182368810",
        "bridge": "yes",
        "highway": "primary",
        "layer": "1",
        "name": "大阪中央環状線",
        "name:en": "Osaka Central Outer Ring Road",
        "name:ja": "大阪中央環状線",
        "name:ja-Hira": "おおさかちゅうおうかんじょうせん",
        "name:ja-Latn": "Ōsaka Chūō Kanjō-sen",
        "oneway": "yes",
        "ref": "2",
        "surface": "asphalt",
        "wikidata": "Q11441371",
        "wikipedia": "ja:大阪府道2号大阪中央環状線"
      },
      "geometry": {
        "type": "LineString",
        "coordinates": [
          [
            135.4385051,
            34.7997062
          ],
          [
            135.4395559,
            34.7997323
          ],
          [
            135.4398169,
            34.7997544
          ],
          [
            135.4401379,
            34.7997934
          ],
          [
            135.4403814,
            34.7998388
          ],
          [
            135.4406047,
            34.7998859
          ],
          [
            135.4409035,
            34.7999696
          ]
        ]
      },
      "id": "way/182368810"
    },
    {
      "type": "Feature",
      "properties": {
        "@id": "way/182376781",
        "bridge": "yes",
        "highway": "primary",
        "lanes": "2",
        "layer": "1",
        "name": "大阪中央環状線",
        "name:en": "Osaka Central Outer Ring Road",
        "name:ja": "大阪中央環状線",
        "name:ja-Hira": "おおさかちゅうおうかんじょうせん",
        "name:ja-Latn": "Ōsaka Chūō Kanjō-sen",
        "oneway": "yes",
        "ref": "2",
        "surface": "asphalt",
        "wikidata": "Q11441371",
        "wikipedia": "ja:大阪府道2号大阪中央環状線"
      },
      "geometry": {
        "type": "LineString",
        "coordinates": [
          [
            135.4409064,
            34.7998704
          ],
          [
            135.4404785,
            34.7997735
          ],
          [
            135.4401647,
            34.7997194
          ],
          [
            135.4398675,
            34.7996843
          ],
          [
            135.4396196,
            34.7996581
          ],
          [
            135.4392745,
            34.7996362
          ],
          [
            135.4387809,
            34.7996172
          ],
          [
            135.4385445,
            34.7996171
          ],
          [
            135.4382874,
            34.7996285
          ],
          [
            135.4380805,
            34.7996435
          ],
          [
            135.4378783,
            34.7996663
          ],
          [
            135.4376581,
            34.7996958
          ],
          [
            135.4374682,
            34.7997279
          ],
          [
            135.4369229,
            34.7998506
          ]
        ]
      },
      "id": "way/182376781"
    },
    {
      "type": "Feature",
      "properties": {
        "@id": "way/182376783",
        "highway": "primary",
        "name": "大阪中央環状線",
        "name:en": "Osaka Central Outer Ring Road",
        "name:ja": "大阪中央環状線",
        "name:ja-Hira": "おおさかちゅうおうかんじょうせん",
        "name:ja-Latn": "Ōsaka Chūō Kanjō-sen",
        "oneway": "yes",
        "ref": "2",
        "surface": "asphalt",
        "wikidata": "Q11441371",
        "wikipedia": "ja:大阪府道2号大阪中央環状線"
      },
      "geometry": {
        "type": "LineString",
        "coordinates": [
          [
            135.4369229,
            34.7998506
          ],
          [
            135.4361976,
            34.8000648
          ],
          [
            135.4359663,
            34.800138
          ],
          [
            135.4357758,
            34.8001925
          ],
          [
            135.4356062,
            34.8002426
          ],
          [
            135.4354183,
            34.800293
          ],
          [
            135.4351049,
            34.8003728
          ]
        ]
      },
      "id": "way/182376783"
    },
    {
      "type": "Feature",
      "properties": {
        "@id": "way/182376787",
        "bridge": "yes",
        "highway": "primary",
        "layer": "1",
        "name": "大阪中央環状線",
        "name:en": "Osaka Central Outer Ring Road",
        "name:ja": "大阪中央環状線",
        "name:ja-Hira": "おおさかちゅうおうかんじょうせん",
        "name:ja-Latn": "Ōsaka Chūō Kanjō-sen",
        "oneway": "yes",
        "ref": "2",
        "surface": "asphalt",
        "wikidata": "Q11441371",
        "wikipedia": "ja:大阪府道2号大阪中央環状線"
      },
      "geometry": {
        "type": "LineString",
        "coordinates": [
          [
            135.4369396,
            34.7999369
          ],
          [
            135.4369976,
            34.79992
          ],
          [
            135.4370505,
            34.7999067
          ],
          [
            135.4371028,
            34.7998924
          ],
          [
            135.4371558,
            34.7998792
          ],
          [
            135.4372068,
            34.7998665
          ],
          [
            135.4372597,
            34.7998533
          ],
          [
            135.43731,
            34.7998423
          ],
          [
            135.4373597,
            34.7998324
          ],
          [
            135.437414,
            34.7998219
          ],
          [
            135.4374723,
            34.7998109
          ],
          [
            135.4375239,
            34.7998015
          ],
          [
            135.4375803,
            34.7997917
          ],
          [
            135.4376319,
            34.7997823
          ],
          [
            135.4376815,
            34.7997746
          ],
          [
            135.4377385,
            34.7997652
          ],
          [
            135.4377902,
            34.7997586
          ],
          [
            135.4378973,
            34.7997471
          ],
          [
            135.4380041,
            34.7997349
          ],
          [
            135.4381167,
            34.7997261
          ],
          [
            135.438285,
            34.7997157
          ],
          [
            135.4383367,
            34.7997124
          ],
          [
            135.4383968,
            34.7997093
          ],
          [
            135.4384513,
            34.799708
          ],
          [
            135.4385051,
            34.7997062
          ]
        ]
      },
      "id": "way/182376787"
    },
    {
      "type": "Feature",
      "properties": {
        "@id": "way/182387684",
        "bridge": "yes",
        "highway": "primary",
        "lanes": "2",
        "layer": "1",
        "maxspeed": "60",
        "name": "大阪中央環状線",
        "name:en": "Osaka Central Outer Ring Road",
        "name:ja": "大阪中央環状線",
        "name:ja-Hira": "おおさかちゅうおうかんじょうせん",
        "name:ja-Latn": "Ōsaka Chūō Kanjō-sen",
        "oneway": "yes",
        "ref": "2",
        "surface": "asphalt",
        "wikidata": "Q11441371",
        "wikipedia": "ja:大阪府道2号大阪中央環状線"
      },
      "geometry": {
        "type": "LineString",
        "coordinates": [
          [
            135.4901964,
            34.8066706
          ],
          [
            135.4904315,
            34.8066906
          ]
        ]
      },
      "id": "way/182387684"
    },
    {
      "type": "Feature",
      "properties": {
        "@id": "way/182387685",
        "highway": "primary",
        "lanes": "3",
        "maxspeed": "60",
        "name": "大阪中央環状線",
        "name:en": "Osaka Central Outer Ring Road",
        "name:ja": "大阪中央環状線",
        "name:ja-Hira": "おおさかちゅうおうかんじょうせん",
        "name:ja-Latn": "Ōsaka Chūō Kanjō-sen",
        "oneway": "yes",
        "ref": "2",
        "surface": "asphalt",
        "wikidata": "Q11441371",
        "wikipedia": "ja:大阪府道2号大阪中央環状線"
      },
      "geometry": {
        "type": "LineString",
        "coordinates": [
          [
            135.4850785,
            34.8058658
          ],
          [
            135.483866,
            34.8057746
          ],
          [
            135.4828682,
            34.8056622
          ],
          [
            135.4827733,
            34.8056527
          ],
          [
            135.4826801,
            34.8056451
          ],
          [
            135.4825786,
            34.8056331
          ],
          [
            135.4825157,
            34.8056268
          ],
          [
            135.4815766,
            34.8055083
          ],
          [
            135.480984,
            34.8054238
          ],
          [
            135.4805875,
            34.8053627
          ],
          [
            135.4801969,
            34.8052953
          ],
          [
            135.4795774,
            34.8051741
          ],
          [
            135.4789703,
            34.8050382
          ],
          [
            135.4782468,
            34.8048473
          ],
          [
            135.4776565,
            34.8046747
          ],
          [
            135.4770773,
            34.804491
          ],
          [
            135.4764361,
            34.8042561
          ],
          [
            135.4758172,
            34.8040017
          ],
          [
            135.4754537,
            34.8038464
          ],
          [
            135.4752479,
            34.8037528
          ],
          [
            135.4750934,
            34.8036803
          ],
          [
            135.4746389,
            34.8034627
          ],
          [
            135.4743117,
            34.8033012
          ],
          [
            135.4741555,
            34.8032258
          ],
          [
            135.4738348,
            34.8030675
          ],
          [
            135.4715986,
            34.8019489
          ],
          [
            135.4705092,
            34.801404
          ],
          [
            135.4698852,
            34.8010992
          ],
          [
            135.4693687,
            34.8008531
          ],
          [
            135.4691472,
            34.8007588
          ]
        ]
      },
      "id": "way/182387685"
    },
    {
      "type": "Feature",
      "properties": {
        "@id": "way/182387688",
        "highway": "primary",
        "lanes": "3",
        "maxspeed": "60",
        "name": "大阪中央環状線",
        "name:en": "Osaka Central Outer Ring Road",
        "name:ja": "大阪中央環状線",
        "name:ja-Hira": "おおさかちゅうおうかんじょうせん",
        "name:ja-Latn": "Ōsaka Chūō Kanjō-sen",
        "oneway": "yes",
        "ref": "2",
        "surface": "asphalt",
        "wikidata": "Q11441371",
        "wikipedia": "ja:大阪府道2号大阪中央環状線"
      },
      "geometry": {
        "type": "LineString",
        "coordinates": [
          [
            135.4977699,
            34.8069292
          ],
          [
            135.4932746,
            34.8065543
          ]
        ]
      },
      "id": "way/182387688"
    },
    {
      "type": "Feature",
      "properties": {
        "@id": "way/182387689",
        "highway": "primary",
        "lanes": "3",
        "maxspeed": "60",
        "name": "大阪中央環状線",
        "name:en": "Osaka Central Outer Ring Road",
        "name:ja": "大阪中央環状線",
        "name:ja-Hira": "おおさかちゅうおうかんじょうせん",
        "name:ja-Latn": "Ōsaka Chūō Kanjō-sen",
        "oneway": "yes",
        "ref": "2",
        "surface": "asphalt",
        "wikidata": "Q11441371",
        "wikipedia": "ja:大阪府道2号大阪中央環状線"
      },
      "geometry": {
        "type": "LineString",
        "coordinates": [
          [
            135.495244,
            34.8070694
          ],
          [
            135.4969387,
            34.807212
          ],
          [
            135.4978059,
            34.8072991
          ],
          [
            135.4986703,
            34.8073652
          ],
          [
            135.4990592,
            34.8073965
          ],
          [
            135.4993788,
            34.8074305
          ]
        ]
      },
      "id": "way/182387689"
    },
    {
      "type": "Feature",
      "properties": {
        "@id": "way/183105012",
        "bridge": "yes",
        "bridge:name": "軍行橋",
        "bridge:name:en": "Gunkou Bridge",
        "highway": "trunk",
        "lanes": "2",
        "layer": "1",
        "name": "国道171号",
        "name:en": "National Highway Route 171",
        "name:ja": "国道171号",
        "oneway": "yes",
        "ref": "171",
        "source": "GSImaps/std",
        "surface": "asphalt"
      },
      "geometry": {
        "type": "LineString",
        "coordinates": [
          [
            135.4222951,
            34.7991925
          ],
          [
            135.4252617,
            34.7995591
          ]
        ]
      },
      "id": "way/183105012"
    },
    {
      "type": "Feature",
      "properties": {
        "@id": "way/183105014",
        "highway": "trunk",
        "lanes": "2",
        "name": "国道171号",
        "name:en": "National Highway Route 171",
        "name:ja": "国道171号",
        "oneway": "yes",
        "ref": "171",
        "source": "GSImaps/std",
        "surface": "asphalt"
      },
      "geometry": {
        "type": "LineString",
        "coordinates": [
          [
            135.4264354,
            34.7997282
          ],
          [
            135.4268703,
            34.7998479
          ]
        ]
      },
      "id": "way/183105014"
    },
    {
      "type": "Feature",
      "properties": {
        "@id": "way/183105153",
        "bicycle": "no",
        "bridge": "yes",
        "foot": "no",
        "highway": "motorway",
        "lanes": "2",
        "layer": "1",
        "maxspeed": "50",
        "motorcar": "designated",
        "motorcycle": "designated",
        "name": "阪神高速11号池田線",
        "name:en": "Hanshin Expressway Route 11 Ikeda Line",
        "name:ja": "阪神高速11号池田線",
        "oneway": "yes",
        "ref": "11",
        "smoothness": "excellent",
        "source": "Bing 2010",
        "surface": "paved",
        "toll": "yes"
      },
      "geometry": {
        "type": "LineString",
        "coordinates": [
          [
            135.4214778,
            34.8094809
          ],
          [
            135.4221061,
            34.8086071
          ],
          [
            135.4224796,
            34.8080576
          ],
          [
            135.4228967,
            34.8074077
          ],
          [
            135.4232786,
            34.8067696
          ],
          [
            135.4236156,
            34.8061621
          ],
          [
            135.4239135,
            34.8055769
          ],
          [
            135.4241378,
            34.8051038
          ],
          [
            135.4243073,
            34.8047538
          ],
          [
            135.4244673,
            34.8043756
          ],
          [
            135.4246274,
            34.8039881
          ],
          [
            135.424935,
            34.803154
          ],
          [
            135.425214,
            34.8023402
          ],
          [
            135.4252685,
            34.8021642
          ]
        ]
      },
      "id": "way/183105153"
    },
    {
      "type": "Feature",
      "properties": {
        "@id": "way/183105156",
        "bicycle": "no",
        "bridge": "yes",
        "foot": "no",
        "highway": "motorway",
        "lanes": "2",
        "layer": "1",
        "maxspeed": "50",
        "motorcar": "designated",
        "motorcycle": "designated",
        "name": "阪神高速11号池田線",
        "name:en": "Hanshin Expressway Route 11 Ikeda Line",
        "name:ja": "阪神高速11号池田線",
        "oneway": "yes",
        "ref": "11",
        "smoothness": "excellent",
        "source": "Bing 2010",
        "surface": "paved",
        "toll": "yes"
      },
      "geometry": {
        "type": "LineString",
        "coordinates": [
          [
            135.4200909,
            34.8115502
          ],
          [
            135.4198164,
            34.8120353
          ],
          [
            135.4195596,
            34.8125291
          ],
          [
            135.4193256,
            34.8130178
          ],
          [
            135.4190023,
            34.8137731
          ],
          [
            135.4187902,
            34.814282
          ],
          [
            135.4185237,
            34.8148831
          ],
          [
            135.4183231,
            34.8153138
          ],
          [
            135.4179862,
            34.8159785
          ],
          [
            135.4177525,
            34.8164564
          ],
          [
            135.4175446,
            34.8169402
          ],
          [
            135.4173791,
            34.8173474
          ],
          [
            135.4172032,
            34.8177929
          ],
          [
            135.4170352,
            34.8182453
          ],
          [
            135.4168539,
            34.8187554
          ],
          [
            135.4164988,
            34.8198237
          ],
          [
            135.4161834,
            34.82078
          ],
          [
            135.4161244,
            34.8209726
          ],
          [
            135.4160808,
            34.8211689
          ],
          [
            135.416059,
            34.8213783
          ],
          [
            135.4160569,
            34.8215857
          ],
          [
            135.4160789,
            34.8217938
          ],
          [
            135.4161272,
            34.8219785
          ],
          [
            135.4162089,
            34.8221791
          ],
          [
            135.416317,
            34.8223706
          ],
          [
            135.4164502,
            34.8225564
          ],
          [
            135.4166027,
            34.8227246
          ],
          [
            135.4167535,
            34.8228753
          ],
          [
            135.416911,
            34.8230206
          ],
          [
            135.4177011,
            34.8237307
          ],
          [
            135.4181713,
            34.8241325
          ],
          [
            135.4186052,
            34.8244976
          ],
          [
            135.4199295,
            34.8255796
          ],
          [
            135.4203073,
            34.8258867
          ],
          [
            135.4207056,
            34.8262467
          ],
          [
            135.4210188,
            34.8265518
          ],
          [
            135.421369,
            34.8269418
          ],
          [
            135.4216639,
            34.8272986
          ],
          [
            135.4219362,
            34.8276775
          ],
          [
            135.4221862,
            34.8280563
          ],
          [
            135.4224234,
            34.8284475
          ],
          [
            135.4226372,
            34.8288381
          ],
          [
            135.4228042,
            34.8291889
          ],
          [
            135.4230852,
            34.8298398
          ],
          [
            135.4245959,
            34.8333675
          ],
          [
            135.4248652,
            34.8340072
          ],
          [
            135.425163,
            34.8347157
          ],
          [
            135.4253207,
            34.8351337
          ],
          [
            135.4254696,
            34.8355695
          ],
          [
            135.4255884,
            34.8359505
          ],
          [
            135.4256971,
            34.8363424
          ]
        ]
      },
      "id": "way/183105156"
    },
    {
      "type": "Feature",
      "properties": {
        "@id": "way/183559640",
        "bicycle": "no",
        "bridge": "yes",
        "highway": "primary",
        "lanes": "2",
        "layer": "1",
        "maxspeed": "50",
        "name": "伊丹豊中線",
        "name:en": "Itami-Toyonaka Line",
        "name:ja": "伊丹豊中線",
        "name:ja-Hira": "いたみとよなかせん",
        "name:ja_rm": "Itami Toyonaka-sen",
        "oneway": "yes",
        "ref": "99",
        "surface": "asphalt",
        "wikidata": "Q11393639",
        "wikipedia": "ja:兵庫県道・大阪府道99号伊丹豊中線"
      },
      "geometry": {
        "type": "LineString",
        "coordinates": [
          [
            135.4201283,
            34.7832755
          ],
          [
            135.4206294,
            34.7833588
          ],
          [
            135.4209023,
            34.7833929
          ],
          [
            135.4211323,
            34.7834051
          ],
          [
            135.4214253,
            34.7834084
          ],
          [
            135.4216546,
            34.7834062
          ],
          [
            135.4218954,
            34.7833996
          ],
          [
            135.422118,
            34.7833819
          ],
          [
            135.4223353,
            34.7833495
          ],
          [
            135.4226015,
            34.7833076
          ],
          [
            135.4228818,
            34.7832542
          ],
          [
            135.4234548,
            34.7831297
          ]
        ]
      },
      "id": "way/183559640"
    },
    {
      "type": "Feature",
      "properties": {
        "@id": "way/183561233",
        "highway": "primary",
        "lanes": "2",
        "maxspeed": "50",
        "name": "伊丹豊中線",
        "name:en": "Itami-Toyonaka Line",
        "name:ja": "伊丹豊中線",
        "name:ja-Hira": "いたみとよなかせん",
        "name:ja_rm": "Itami Toyonaka-sen",
        "oneway": "yes",
        "ref": "99",
        "surface": "asphalt",
        "wikidata": "Q11393639",
        "wikipedia": "ja:兵庫県道・大阪府道99号伊丹豊中線"
      },
      "geometry": {
        "type": "LineString",
        "coordinates": [
          [
            135.4174869,
            34.7828289
          ],
          [
            135.4175733,
            34.7828899
          ],
          [
            135.4177223,
            34.7829143
          ],
          [
            135.4180142,
            34.7829519
          ],
          [
            135.4182079,
            34.7829832
          ],
          [
            135.4184627,
            34.7830197
          ],
          [
            135.4185277,
            34.78303
          ],
          [
            135.4187239,
            34.783061
          ],
          [
            135.4190874,
            34.7831155
          ],
          [
            135.4201283,
            34.7832755
          ]
        ]
      },
      "id": "way/183561233"
    },
    {
      "type": "Feature",
      "properties": {
        "@id": "way/184567328",
        "highway": "primary",
        "lanes": "2",
        "name": "大阪池田線",
        "name:en": "Osaka Ikeda Line",
        "name:ja": "大阪池田線",
        "name:ja-Hira": "おおさかいけだせん",
        "name:ja-Latn": "Ōsaka Ikeda-sen",
        "oneway": "yes",
        "ref": "10",
        "source": "NRPB of MLIT Japan",
        "source:ja": "国土画像情報（オルソ化空中写真）国土交通省",
        "surface": "asphalt",
        "wikidata": "Q11441238",
        "wikipedia": "ja:大阪府道10号・兵庫県道100号大阪池田線"
      },
      "geometry": {
        "type": "LineString",
        "coordinates": [
          [
            135.4415164,
            34.7973643
          ],
          [
            135.4414098,
            34.7975599
          ],
          [
            135.4413481,
            34.7976321
          ],
          [
            135.4412697,
            34.7977174
          ],
          [
            135.4411883,
            34.7978049
          ],
          [
            135.4405508,
            34.798458
          ],
          [
            135.4400537,
            34.7989245
          ],
          [
            135.4393492,
            34.7995956
          ],
          [
            135.4387038,
            34.8002218
          ]
        ]
      },
      "id": "way/184567328"
    },
    {
      "type": "Feature",
      "properties": {
        "@id": "way/184567329",
        "highway": "primary",
        "lanes": "4",
        "name": "大阪池田線",
        "name:en": "Osaka Ikeda Line",
        "name:ja": "大阪池田線",
        "name:ja-Hira": "おおさかいけだせん",
        "name:ja-Latn": "Ōsaka Ikeda-sen",
        "oneway": "yes",
        "ref": "10",
        "source": "NRPB of MLIT Japan",
        "source:ja": "国土画像情報（オルソ化空中写真）国土交通省",
        "surface": "asphalt",
        "wikidata": "Q11441238",
        "wikipedia": "ja:大阪府道10号・兵庫県道100号大阪池田線"
      },
      "geometry": {
        "type": "LineString",
        "coordinates": [
          [
            135.4418364,
            34.7969594
          ],
          [
            135.4417601,
            34.7970573
          ],
          [
            135.4415497,
            34.7973228
          ],
          [
            135.4415164,
            34.7973643
          ]
        ]
      },
      "id": "way/184567329"
    },
    {
      "type": "Feature",
      "properties": {
        "@id": "way/184582416",
        "highway": "primary",
        "lanes": "3",
        "name": "大阪中央環状線",
        "name:ja": "大阪中央環状線",
        "oneway": "yes",
        "ref": "2",
        "surface": "asphalt"
      },
      "geometry": {
        "type": "LineString",
        "coordinates": [
          [
            135.4411503,
            34.8006084
          ],
          [
            135.4416703,
            34.8005295
          ],
          [
            135.442271,
            34.8004601
          ],
          [
            135.4426596,
            34.8004231
          ]
        ]
      },
      "id": "way/184582416"
    },
    {
      "type": "Feature",
      "properties": {
        "@id": "way/194492259",
        "highway": "trunk",
        "lanes": "4",
        "maxspeed": "50",
        "name": "国道171号",
        "name:en": "National Highway Route 171",
        "name:ja": "国道171号",
        "ref": "171",
        "sidewalk": "both",
        "source": "GSImaps/std",
        "surface": "asphalt",
        "wikidata": "Q368453",
        "wikipedia": "ja:国道171号"
      },
      "geometry": {
        "type": "LineString",
        "coordinates": [
          [
            135.3922149,
            34.7784698
          ],
          [
            135.3924074,
            34.7786198
          ],
          [
            135.3927556,
            34.7789031
          ],
          [
            135.3930802,
            34.7791622
          ],
          [
            135.393421,
            34.7794342
          ],
          [
            135.3936277,
            34.7795992
          ],
          [
            135.3939031,
            34.7798191
          ],
          [
            135.3942686,
            34.7801109
          ],
          [
            135.3944329,
            34.780242
          ],
          [
            135.39455,
            34.7803355
          ],
          [
            135.3948468,
            34.7805724
          ],
          [
            135.3950491,
            34.7807329
          ],
          [
            135.3953935,
            34.7810063
          ],
          [
            135.3956145,
            34.7811817
          ],
          [
            135.3958424,
            34.7813627
          ],
          [
            135.3959252,
            34.7814375
          ],
          [
            135.3961861,
            34.7816533
          ],
          [
            135.396534,
            34.781941
          ],
          [
            135.3968534,
            34.7822051
          ]
        ]
      },
      "id": "way/194492259"
    },
    {
      "type": "Feature",
      "properties": {
        "@id": "way/195066124",
        "highway": "primary",
        "lanes": "2",
        "maxspeed": "30",
        "name": "豊中亀岡線",
        "name:en": "Toyonaka Kameoka Line",
        "name:ja": "豊中亀岡線",
        "name:ja-Hira": "とよなかかめおかせん",
        "name:ja-Latn": "Toyonaka Kameoka-sen",
        "ref": "43",
        "source": "Bing,2007-09",
        "surface": "asphalt",
        "wikidata": "Q11441392",
        "wikipedia": "ja:大阪府道・京都府道43号豊中亀岡線"
      },
      "geometry": {
        "type": "LineString",
        "coordinates": [
          [
            135.4635218,
            34.7996609
          ],
          [
            135.4634939,
            34.7998181
          ],
          [
            135.4634243,
            34.8001384
          ],
          [
            135.4633625,
            34.8004225
          ],
          [
            135.4632853,
            34.8007777
          ],
          [
            135.4632769,
            34.8008237
          ],
          [
            135.4632632,
            34.800934
          ],
          [
            135.4632506,
            34.8010344
          ],
          [
            135.4632502,
            34.8011579
          ],
          [
            135.4632596,
            34.8012284
          ],
          [
            135.4632669,
            34.8012618
          ],
          [
            135.4632744,
            34.801296
          ],
          [
            135.4633487,
            34.801582
          ],
          [
            135.4633779,
            34.8016941
          ],
          [
            135.4634299,
            34.8018746
          ],
          [
            135.4636327,
            34.8025396
          ],
          [
            135.4636389,
            34.8025598
          ],
          [
            135.4639345,
            34.8036998
          ],
          [
            135.4639764,
            34.8038106
          ],
          [
            135.4640252,
            34.8039702
          ],
          [
            135.4641301,
            34.8043677
          ],
          [
            135.4641661,
            34.8044888
          ],
          [
            135.4642004,
            34.8046044
          ],
          [
            135.4642257,
            34.8046895
          ],
          [
            135.4644391,
            34.8054078
          ],
          [
            135.4644477,
            34.8054374
          ],
          [
            135.4646389,
            34.8061188
          ],
          [
            135.4646826,
            34.8062602
          ],
          [
            135.4647418,
            34.8064569
          ],
          [
            135.4647531,
            34.8064982
          ],
          [
            135.4649254,
            34.8071025
          ],
          [
            135.4649766,
            34.8072821
          ],
          [
            135.4650397,
            34.8075165
          ],
          [
            135.4651182,
            34.8077981
          ],
          [
            135.4652637,
            34.8083085
          ],
          [
            135.4652932,
            34.8084121
          ],
          [
            135.46531,
            34.8084677
          ],
          [
            135.4653419,
            34.8085735
          ],
          [
            135.4654058,
            34.8087883
          ],
          [
            135.4654402,
            34.8088929
          ],
          [
            135.4654845,
            34.8089695
          ],
          [
            135.4657559,
            34.8093186
          ],
          [
            135.4659999,
            34.8096448
          ],
          [
            135.4661108,
            34.8097931
          ],
          [
            135.466242,
            34.8099631
          ],
          [
            135.4666587,
            34.810511
          ],
          [
            135.4666679,
            34.8105264
          ],
          [
            135.4668034,
            34.8107014
          ],
          [
            135.4668371,
            34.8107448
          ],
          [
            135.467078,
            34.8110555
          ],
          [
            135.4671565,
            34.8111436
          ],
          [
            135.4672559,
            34.8112551
          ],
          [
            135.4673863,
            34.8114013
          ],
          [
            135.4675202,
            34.8115555
          ],
          [
            135.4675926,
            34.8116331
          ],
          [
            135.4676572,
            34.8117023
          ],
          [
            135.467884,
            34.8119532
          ],
          [
            135.4683367,
            34.8124543
          ],
          [
            135.4686448,
            34.8128099
          ],
          [
            135.468732,
            34.812901
          ],
          [
            135.4694742,
            34.8137235
          ],
          [
            135.4696618,
            34.8139504
          ],
          [
            135.4699892,
            34.8143241
          ],
          [
            135.4702345,
            34.8145906
          ],
          [
            135.4704015,
            34.8147704
          ],
          [
            135.4704859,
            34.8148637
          ],
          [
            135.4705217,
            34.8149033
          ],
          [
            135.4705937,
            34.8149829
          ],
          [
            135.4708291,
            34.8152428
          ],
          [
            135.4709292,
            34.8153533
          ],
          [
            135.4710387,
            34.8154743
          ],
          [
            135.4712713,
            34.8157309
          ],
          [
            135.4715361,
            34.816023
          ],
          [
            135.4716769,
            34.8161867
          ],
          [
            135.4719437,
            34.8164903
          ],
          [
            135.4720281,
            34.8166248
          ],
          [
            135.4720684,
            34.816707
          ],
          [
            135.4724039,
            34.8173913
          ],
          [
            135.472488,
            34.817569
          ],
          [
            135.4726013,
            34.8178083
          ],
          [
            135.4727097,
            34.8180372
          ],
          [
            135.4727648,
            34.818121
          ],
          [
            135.4728454,
            34.8182362
          ],
          [
            135.473025,
            34.81841
          ],
          [
            135.4732219,
            34.8185712
          ],
          [
            135.4733602,
            34.8186934
          ],
          [
            135.4735319,
            34.8188438
          ],
          [
            135.473633,
            34.8189065
          ],
          [
            135.4737265,
            34.8189429
          ]
        ]
      },
      "id": "way/195066124"
    },
    {
      "type": "Feature",
      "properties": {
        "@id": "way/198248061",
        "bicycle": "no",
        "highway": "primary",
        "lanes": "2",
        "maxspeed": "50",
        "name": "伊丹豊中線",
        "name:en": "Itami-Toyonaka Line",
        "name:ja": "伊丹豊中線",
        "name:ja-Hira": "いたみとよなかせん",
        "name:ja_rm": "Itami Toyonaka-sen",
        "oneway": "yes",
        "ref": "99",
        "surface": "asphalt",
        "wikidata": "Q11393639",
        "wikipedia": "ja:兵庫県道・大阪府道99号伊丹豊中線"
      },
      "geometry": {
        "type": "LineString",
        "coordinates": [
          [
            135.4273468,
            34.7829741
          ],
          [
            135.4273649,
            34.7829738
          ],
          [
            135.4274114,
            34.7829742
          ],
          [
            135.4282495,
            34.7829391
          ],
          [
            135.428684,
            34.7829171
          ],
          [
            135.4289429,
            34.7828998
          ],
          [
            135.429172,
            34.7828855
          ],
          [
            135.4294235,
            34.7828726
          ],
          [
            135.4302969,
            34.782828
          ],
          [
            135.4304696,
            34.7828221
          ]
        ]
      },
      "id": "way/198248061"
    },
    {
      "type": "Feature",
      "properties": {
        "@id": "way/198248062",
        "highway": "primary",
        "lanes": "1",
        "layer": "-1",
        "maxspeed": "40",
        "name": "伊丹豊中線",
        "name:en": "Itami-Toyonaka Line",
        "name:ja": "伊丹豊中線",
        "name:ja-Hira": "いたみとよなかせん",
        "name:ja_rm": "Itami Toyonaka-sen",
        "oneway": "yes",
        "ref": "99",
        "surface": "asphalt",
        "tunnel": "yes",
        "wikidata": "Q11393639",
        "wikipedia": "ja:兵庫県道・大阪府道99号伊丹豊中線"
      },
      "geometry": {
        "type": "LineString",
        "coordinates": [
          [
            135.4369535,
            34.7825645
          ],
          [
            135.4455132,
            34.7823207
          ]
        ]
      },
      "id": "way/198248062"
    },
    {
      "type": "Feature",
      "properties": {
        "@id": "way/198248063",
        "highway": "primary",
        "lanes": "1",
        "maxspeed": "40",
        "name": "伊丹豊中線",
        "name:en": "Itami-Toyonaka Line",
        "name:ja": "伊丹豊中線",
        "name:ja-Hira": "いたみとよなかせん",
        "name:ja_rm": "Itami Toyonaka-sen",
        "oneway": "yes",
        "ref": "99",
        "surface": "asphalt",
        "wikidata": "Q11393639",
        "wikipedia": "ja:兵庫県道・大阪府道99号伊丹豊中線"
      },
      "geometry": {
        "type": "LineString",
        "coordinates": [
          [
            135.4455132,
            34.7823207
          ],
          [
            135.4467669,
            34.7822844
          ],
          [
            135.4470723,
            34.7822448
          ]
        ]
      },
      "id": "way/198248063"
    },
    {
      "type": "Feature",
      "properties": {
        "@id": "way/198248064",
        "highway": "primary",
        "lanes": "1",
        "maxspeed": "40",
        "name": "伊丹豊中線",
        "name:en": "Itami-Toyonaka Line",
        "name:ja": "伊丹豊中線",
        "name:ja-Hira": "いたみとよなかせん",
        "name:ja_rm": "Itami Toyonaka-sen",
        "oneway": "yes",
        "ref": "99",
        "surface": "asphalt",
        "wikidata": "Q11393639",
        "wikipedia": "ja:兵庫県道・大阪府道99号伊丹豊中線"
      },
      "geometry": {
        "type": "LineString",
        "coordinates": [
          [
            135.4470723,
            34.7822448
          ],
          [
            135.4467692,
            34.7822283
          ],
          [
            135.445511,
            34.7822592
          ]
        ]
      },
      "id": "way/198248064"
    },
    {
      "type": "Feature",
      "properties": {
        "@id": "way/198565711",
        "highway": "primary",
        "lanes": "2",
        "maxspeed": "40",
        "name": "伊丹豊中線",
        "name:en": "Itami-Toyonaka Line",
        "name:ja": "伊丹豊中線",
        "name:ja-Hira": "いたみとよなかせん",
        "name:ja_rm": "Itami Toyonaka-sen",
        "ref": "99",
        "surface": "asphalt",
        "wikidata": "Q11393639",
        "wikipedia": "ja:兵庫県道・大阪府道99号伊丹豊中線"
      },
      "geometry": {
        "type": "LineString",
        "coordinates": [
          [
            135.4517149,
            34.7821827
          ],
          [
            135.4516977,
            34.7821829
          ],
          [
            135.4509908,
            34.7821754
          ],
          [
            135.4507679,
            34.7821728
          ],
          [
            135.4498868,
            34.7821689
          ],
          [
            135.4493068,
            34.7821767
          ],
          [
            135.4486142,
            34.7821988
          ],
          [
            135.4470723,
            34.7822448
          ]
        ]
      },
      "id": "way/198565711"
    },
    {
      "type": "Feature",
      "properties": {
        "@id": "way/198723568",
        "bridge": "yes",
        "highway": "primary",
        "lanes": "3",
        "layer": "1",
        "maxspeed": "60",
        "name": "大阪中央環状線",
        "name:en": "Osaka Central Outer Ring Road",
        "name:ja": "大阪中央環状線",
        "name:ja-Hira": "おおさかちゅうおうかんじょうせん",
        "name:ja-Latn": "Ōsaka Chūō Kanjō-sen",
        "oneway": "yes",
        "ref": "2",
        "surface": "asphalt",
        "wikidata": "Q11441371",
        "wikipedia": "ja:大阪府道2号大阪中央環状線"
      },
      "geometry": {
        "type": "LineString",
        "coordinates": [
          [
            135.4461849,
            34.8003373
          ],
          [
            135.4464396,
            34.8003511
          ],
          [
            135.4466895,
            34.8003645
          ],
          [
            135.4473414,
            34.8004145
          ],
          [
            135.4477875,
            34.80046
          ],
          [
            135.4481979,
            34.8005034
          ],
          [
            135.4487503,
            34.8005768
          ],
          [
            135.4491956,
            34.8006415
          ]
        ]
      },
      "id": "way/198723568"
    },
    {
      "type": "Feature",
      "properties": {
        "@id": "way/199504398",
        "highway": "trunk",
        "lanes": "2",
        "maxspeed": "50",
        "name": "国道176号",
        "name:en": "National Highway Route 176",
        "name:ja": "国道176号",
        "oneway": "yes",
        "ref": "176",
        "source": "Bing 2012;GSImaps/std",
        "surface": "asphalt"
      },
      "geometry": {
        "type": "LineString",
        "coordinates": [
          [
            135.404062,
            34.8108324
          ],
          [
            135.402715,
            34.8108312
          ],
          [
            135.4015403,
            34.8108285
          ],
          [
            135.4001585,
            34.8107792
          ]
        ]
      },
      "id": "way/199504398"
    },
    {
      "type": "Feature",
      "properties": {
        "@id": "way/203684617",
        "highway": "primary",
        "lanes": "2",
        "name": "豊中亀岡線",
        "name:en": "Toyonaka Kameoka Line",
        "name:ja": "豊中亀岡線",
        "name:ja-Hira": "とよなかかめおかせん",
        "name:ja-Latn": "Toyonaka Kameoka-sen",
        "ref": "43",
        "source": "NRPB of MLIT Japan",
        "source:ja": "国土画像情報（オルソ化空中写真）国土交通省",
        "surface": "asphalt",
        "wikidata": "Q11441392",
        "wikipedia": "ja:大阪府道・京都府道43号豊中亀岡線"
      },
      "geometry": {
        "type": "LineString",
        "coordinates": [
          [
            135.4725548,
            34.7930351
          ],
          [
            135.4726332,
            34.7933369
          ],
          [
            135.4726494,
            34.7934032
          ],
          [
            135.4726669,
            34.7939
          ],
          [
            135.472681,
            34.7946193
          ],
          [
            135.4726969,
            34.7947814
          ],
          [
            135.4727195,
            34.7949188
          ],
          [
            135.4727286,
            34.7949923
          ]
        ]
      },
      "id": "way/203684617"
    },
    {
      "type": "Feature",
      "properties": {
        "@id": "way/205029791",
        "highway": "trunk",
        "lanes": "2",
        "maxspeed": "40",
        "motorroad": "no",
        "name": "国道176号",
        "name:en": "National Highway Route 176",
        "name:ja": "国道176号",
        "ref": "176",
        "source": "GSImaps/std",
        "source:ja": "国土画像情報（オルソ化空中写真）国土交通省",
        "surface": "asphalt"
      },
      "geometry": {
        "type": "LineString",
        "coordinates": [
          [
            135.4561012,
            34.7899185
          ],
          [
            135.4561301,
            34.7899071
          ],
          [
            135.4562171,
            34.789873
          ],
          [
            135.4563797,
            34.7898092
          ],
          [
            135.4570833,
            34.7895349
          ],
          [
            135.4575874,
            34.7893383
          ],
          [
            135.4584268,
            34.7890039
          ],
          [
            135.4594739,
            34.7885991
          ],
          [
            135.4597145,
            34.7885034
          ],
          [
            135.4599584,
            34.7884064
          ],
          [
            135.4609732,
            34.7879994
          ],
          [
            135.4610754,
            34.7879633
          ],
          [
            135.4616125,
            34.7877735
          ],
          [
            135.462213,
            34.7875614
          ],
          [
            135.4622658,
            34.7875427
          ],
          [
            135.4623669,
            34.7875069
          ],
          [
            135.4624443,
            34.7874796
          ],
          [
            135.4625116,
            34.7874553
          ]
        ]
      },
      "id": "way/205029791"
    },
    {
      "type": "Feature",
      "properties": {
        "@id": "way/220116020",
        "bridge": "yes",
        "highway": "trunk",
        "lanes": "4",
        "layer": "1",
        "maxspeed": "60",
        "name": "国道176号",
        "name:en": "National Highway Route 176",
        "name:ja": "国道176号",
        "oneway": "yes",
        "ref": "176",
        "source": "Bing 2012;GSImaps/std",
        "surface": "asphalt"
      },
      "geometry": {
        "type": "LineString",
        "coordinates": [
          [
            135.4349694,
            34.8029995
          ],
          [
            135.4353403,
            34.8027359
          ],
          [
            135.4357303,
            34.8024791
          ],
          [
            135.4360838,
            34.802263
          ],
          [
            135.4366371,
            34.8019692
          ]
        ]
      },
      "id": "way/220116020"
    },
    {
      "type": "Feature",
      "properties": {
        "@id": "way/238919568",
        "bridge": "yes",
        "highway": "primary",
        "layer": "1",
        "name": "旧大阪中央環状線",
        "name:en": "Old Osaka Central Outer Ring Road",
        "name:ja": "旧大阪中央環状線",
        "name:ja-Hira": "きゅうおおさかちゅうおうかんじょうせん",
        "name:ja-Latn": "Kyū Ōsaka Chūō Kanjō-sen",
        "ref": "2",
        "source": "YahooJapan/ALPSMAP",
        "surface": "asphalt",
        "wikidata": "Q11441371",
        "wikipedia": "ja:大阪府道2号大阪中央環状線"
      },
      "geometry": {
        "type": "LineString",
        "coordinates": [
          [
            135.4775317,
            34.7863918
          ],
          [
            135.4773921,
            34.7863269
          ]
        ]
      },
      "id": "way/238919568"
    },
    {
      "type": "Feature",
      "properties": {
        "@id": "way/238919569",
        "highway": "primary",
        "name": "旧大阪中央環状線",
        "name:en": "Old Osaka Central Outer Ring Road",
        "name:ja": "旧大阪中央環状線",
        "name:ja-Hira": "きゅうおおさかちゅうおうかんじょうせん",
        "name:ja-Latn": "Kyū Ōsaka Chūō Kanjō-sen",
        "ref": "2",
        "source": "YahooJapan/ALPSMAP",
        "surface": "asphalt",
        "wikidata": "Q11441371",
        "wikipedia": "ja:大阪府道2号大阪中央環状線"
      },
      "geometry": {
        "type": "LineString",
        "coordinates": [
          [
            135.4786201,
            34.7869075
          ],
          [
            135.4784715,
            34.7868362
          ],
          [
            135.4775317,
            34.7863918
          ]
        ]
      },
      "id": "way/238919569"
    },
    {
      "type": "Feature",
      "properties": {
        "@id": "way/239065057",
        "cycleway": "shared_lane",
        "cycleway:lane": "pictogram",
        "highway": "primary",
        "lanes": "2",
        "name": "伊丹豊中線",
        "name:en": "Itami-Toyonaka Line",
        "name:ja": "伊丹豊中線",
        "name:ja-Hira": "いたみとよなかせん",
        "name:ja_rm": "Itami Toyonaka-sen",
        "ref": "99",
        "surface": "asphalt",
        "wikidata": "Q11393639",
        "wikipedia": "ja:兵庫県道・大阪府道99号伊丹豊中線"
      },
      "geometry": {
        "type": "LineString",
        "coordinates": [
          [
            135.468694,
            34.7825719
          ],
          [
            135.4685799,
            34.7825574
          ],
          [
            135.4684652,
            34.7825429
          ],
          [
            135.4679478,
            34.7824776
          ],
          [
            135.4657493,
            34.7822596
          ],
          [
            135.4655072,
            34.7822277
          ],
          [
            135.4649192,
            34.7821941
          ],
          [
            135.4647993,
            34.7821873
          ],
          [
            135.4646352,
            34.7821758
          ],
          [
            135.4642536,
            34.7821564
          ],
          [
            135.464163,
            34.7821523
          ]
        ]
      },
      "id": "way/239065057"
    },
    {
      "type": "Feature",
      "properties": {
        "@id": "way/247784052",
        "highway": "trunk",
        "lanes": "4",
        "name": "国道171号",
        "name:en": "National Highway Route 171",
        "name:ja": "国道171号",
        "ref": "171;423",
        "source": "GSImaps/std",
        "surface": "asphalt"
      },
      "geometry": {
        "type": "LineString",
        "coordinates": [
          [
            135.4539544,
            34.8116829
          ],
          [
            135.4541023,
            34.8117274
          ],
          [
            135.4556292,
            34.8122602
          ],
          [
            135.4561189,
            34.8124361
          ],
          [
            135.4561294,
            34.8124398
          ],
          [
            135.4564658,
            34.8125585
          ],
          [
            135.4568529,
            34.8127028
          ],
          [
            135.4570038,
            34.81276
          ],
          [
            135.4571556,
            34.8128166
          ],
          [
            135.4572167,
            34.8128365
          ],
          [
            135.457754,
            34.8130226
          ],
          [
            135.4580229,
            34.813117
          ],
          [
            135.4589275,
            34.8134347
          ],
          [
            135.4604247,
            34.8139725
          ],
          [
            135.4604832,
            34.8139964
          ],
          [
            135.4607475,
            34.8141056
          ],
          [
            135.4608984,
            34.8141991
          ],
          [
            135.46134,
            34.8144695
          ],
          [
            135.461594,
            34.814625
          ],
          [
            135.4619262,
            34.8148432
          ],
          [
            135.4621332,
            34.8149791
          ],
          [
            135.4621968,
            34.8150209
          ],
          [
            135.4622809,
            34.8150789
          ],
          [
            135.4624681,
            34.815194
          ],
          [
            135.4627795,
            34.8154008
          ],
          [
            135.4629353,
            34.8154973
          ],
          [
            135.4630254,
            34.8155545
          ],
          [
            135.4631054,
            34.8156118
          ],
          [
            135.4633411,
            34.8157636
          ],
          [
            135.4636466,
            34.8159602
          ],
          [
            135.4644565,
            34.8164743
          ],
          [
            135.4646797,
            34.816612
          ],
          [
            135.4647541,
            34.816666
          ],
          [
            135.4648157,
            34.8166994
          ],
          [
            135.465368,
            34.8170636
          ],
          [
            135.4664359,
            34.8177585
          ],
          [
            135.4665311,
            34.8178171
          ],
          [
            135.4681841,
            34.8188988
          ],
          [
            135.4684109,
            34.819043
          ],
          [
            135.4686478,
            34.8191977
          ],
          [
            135.4687887,
            34.8192952
          ],
          [
            135.4690886,
            34.8194814
          ],
          [
            135.4704479,
            34.8204631
          ],
          [
            135.4712202,
            34.8210268
          ],
          [
            135.4716467,
            34.8213124
          ],
          [
            135.4718711,
            34.8214757
          ],
          [
            135.4722786,
            34.8217757
          ],
          [
            135.4723744,
            34.821862
          ]
        ]
      },
      "id": "way/247784052"
    },
    {
      "type": "Feature",
      "properties": {
        "@id": "way/250076937",
        "highway": "trunk",
        "lanes": "2",
        "lit": "yes",
        "maxspeed": "40",
        "name": "国道176号",
        "name:en": "National Highway Route 176",
        "name:ja": "国道176号",
        "ref": "176;423;477",
        "source": "Bing,2009-11;GSImaps/std",
        "surface": "asphalt"
      },
      "geometry": {
        "type": "LineString",
        "coordinates": [
          [
            135.4412469,
            34.8127078
          ],
          [
            135.441121,
            34.8127969
          ],
          [
            135.4404598,
            34.813265
          ],
          [
            135.4403075,
            34.8133679
          ],
          [
            135.4402324,
            34.8134193
          ],
          [
            135.4401522,
            34.8134774
          ],
          [
            135.439665,
            34.8138313
          ],
          [
            135.4394353,
            34.8139894
          ],
          [
            135.4388278,
            34.814421
          ],
          [
            135.4386827,
            34.8145226
          ],
          [
            135.4386183,
            34.8145642
          ],
          [
            135.4385436,
            34.8146126
          ],
          [
            135.4383316,
            34.8147534
          ],
          [
            135.4381982,
            34.8148639
          ],
          [
            135.4380318,
            34.8149827
          ],
          [
            135.4379515,
            34.8150401
          ],
          [
            135.4378691,
            34.8150987
          ],
          [
            135.4376755,
            34.8152372
          ],
          [
            135.4375883,
            34.8152991
          ],
          [
            135.4374901,
            34.8153693
          ],
          [
            135.4373608,
            34.8154607
          ],
          [
            135.4372207,
            34.8155585
          ],
          [
            135.4369614,
            34.8157412
          ],
          [
            135.4365956,
            34.8160021
          ],
          [
            135.4365273,
            34.8160515
          ],
          [
            135.4364678,
            34.8160946
          ],
          [
            135.4363257,
            34.8161827
          ],
          [
            135.4360637,
            34.8163426
          ],
          [
            135.4355067,
            34.8166565
          ],
          [
            135.4353642,
            34.816739
          ]
        ]
      },
      "id": "way/250076937"
    },
    {
      "type": "Feature",
      "properties": {
        "@id": "way/250076938",
        "highway": "trunk",
        "lanes": "2",
        "maxspeed": "40",
        "motorroad": "no",
        "name": "国道176号",
        "name:en": "National Highway Route 176",
        "name:ja": "国道176号",
        "ref": "176",
        "source": "GSImaps/std",
        "surface": "asphalt"
      },
      "geometry": {
        "type": "LineString",
        "coordinates": [
          [
            135.447268,
            34.8069267
          ],
          [
            135.4472866,
            34.8068382
          ],
          [
            135.4472927,
            34.8068005
          ],
          [
            135.4473107,
            34.8066637
          ],
          [
            135.4473197,
            34.8065714
          ],
          [
            135.4473391,
            34.8062959
          ],
          [
            135.4474016,
            34.8056968
          ],
          [
            135.4474118,
            34.8056369
          ],
          [
            135.4474187,
            34.8055788
          ],
          [
            135.4474783,
            34.8050452
          ],
          [
            135.4474921,
            34.8049213
          ],
          [
            135.4475229,
            34.8045831
          ],
          [
            135.4475294,
            34.8045237
          ],
          [
            135.447568,
            34.8042892
          ],
          [
            135.4476164,
            34.8040503
          ],
          [
            135.4477204,
            34.8035436
          ],
          [
            135.4478156,
            34.8030548
          ],
          [
            135.4478921,
            34.8026439
          ],
          [
            135.4479047,
            34.8026058
          ],
          [
            135.4480777,
            34.8017846
          ],
          [
            135.4481134,
            34.8015686
          ],
          [
            135.4481334,
            34.8014711
          ],
          [
            135.4481505,
            34.8013881
          ],
          [
            135.4482353,
            34.8009723
          ],
          [
            135.4482979,
            34.8006704
          ],
          [
            135.4483098,
            34.8006086
          ]
        ]
      },
      "id": "way/250076938"
    },
    {
      "type": "Feature",
      "properties": {
        "@id": "way/250076939",
        "bicycle": "no",
        "foot": "no",
        "highway": "trunk",
        "lanes": "2",
        "maxspeed": "60",
        "name": "新御堂筋",
        "name:en": "shin-midousuji",
        "name:ja": "新御堂筋",
        "name:ja-Hira": "しんみどうすじ",
        "name:ja-Latn": "shin-midousuji",
        "official_name": "国道423号",
        "official_name:en": "National Route 423",
        "oneway": "yes",
        "ref": "423",
        "source": "GSImaps/std",
        "surface": "paved"
      },
      "geometry": {
        "type": "LineString",
        "coordinates": [
          [
            135.4928941,
            34.8151253
          ],
          [
            135.4929592,
            34.8149517
          ],
          [
            135.4931315,
            34.8144651
          ],
          [
            135.4931851,
            34.8143077
          ],
          [
            135.4932663,
            34.8140037
          ],
          [
            135.493327,
            34.8137778
          ],
          [
            135.4933756,
            34.8135589
          ],
          [
            135.4933842,
            34.8135072
          ]
        ]
      },
      "id": "way/250076939"
    },
    {
      "type": "Feature",
      "properties": {
        "@id": "way/250076953",
        "highway": "trunk",
        "lanes": "2",
        "maxspeed": "40",
        "name": "国道423号",
        "oneway": "yes",
        "ref": "423",
        "source": "GSImaps/std",
        "surface": "paved"
      },
      "geometry": {
        "type": "LineString",
        "coordinates": [
          [
            135.4932308,
            34.8130139
          ],
          [
            135.4931892,
            34.8131746
          ],
          [
            135.4931563,
            34.8133381
          ],
          [
            135.4931329,
            34.81347
          ],
          [
            135.49312,
            34.8135256
          ],
          [
            135.4930416,
            34.8138635
          ],
          [
            135.4930095,
            34.8139751
          ],
          [
            135.4929826,
            34.8140819
          ],
          [
            135.4929317,
            34.8142597
          ],
          [
            135.492892,
            34.8143869
          ],
          [
            135.4928358,
            34.814563
          ],
          [
            135.4927914,
            34.8146894
          ],
          [
            135.4927493,
            34.8148124
          ],
          [
            135.4927171,
            34.8148972
          ],
          [
            135.4926325,
            34.8151081
          ],
          [
            135.4922931,
            34.8159672
          ],
          [
            135.4922122,
            34.8161726
          ],
          [
            135.4921543,
            34.8163238
          ],
          [
            135.4921119,
            34.8164277
          ],
          [
            135.4919868,
            34.8167344
          ],
          [
            135.4918494,
            34.8170745
          ],
          [
            135.4918145,
            34.8171604
          ],
          [
            135.4917737,
            34.8172566
          ]
        ]
      },
      "id": "way/250076953"
    },
    {
      "type": "Feature",
      "properties": {
        "@id": "way/250076956",
        "highway": "trunk",
        "maxspeed": "40",
        "name": "国道423号",
        "oneway": "yes",
        "ref": "423"
      },
      "geometry": {
        "type": "LineString",
        "coordinates": [
          [
            135.4936671,
            34.8125387
          ],
          [
            135.4936791,
            34.8124622
          ]
        ]
      },
      "id": "way/250076956"
    },
    {
      "type": "Feature",
      "properties": {
        "@id": "way/250076960",
        "highway": "trunk",
        "maxspeed": "40",
        "name": "国道423号",
        "oneway": "yes",
        "ref": "423"
      },
      "geometry": {
        "type": "LineString",
        "coordinates": [
          [
            135.493295,
            34.8124286
          ],
          [
            135.4932856,
            34.8125087
          ]
        ]
      },
      "id": "way/250076960"
    },
    {
      "type": "Feature",
      "properties": {
        "@id": "way/250076990",
        "highway": "trunk",
        "lanes": "2",
        "maxspeed": "40",
        "name": "国道423号",
        "oneway": "yes",
        "ref": "423",
        "sidewalk:left": "separate",
        "sidewalk:right": "no",
        "source": "GSImaps/std",
        "surface": "paved"
      },
      "geometry": {
        "type": "LineString",
        "coordinates": [
          [
            135.4936791,
            34.8124622
          ],
          [
            135.4936894,
            34.8123917
          ],
          [
            135.4936952,
            34.8123212
          ],
          [
            135.4937162,
            34.8119073
          ],
          [
            135.4937176,
            34.8117685
          ],
          [
            135.4937165,
            34.8116757
          ],
          [
            135.4937136,
            34.8114388
          ],
          [
            135.4936895,
            34.8109908
          ],
          [
            135.4936766,
            34.8108689
          ],
          [
            135.4936619,
            34.8107456
          ],
          [
            135.4936217,
            34.8104984
          ],
          [
            135.4935673,
            34.809998
          ],
          [
            135.4935405,
            34.8097084
          ],
          [
            135.4935224,
            34.8096405
          ],
          [
            135.4934659,
            34.80887
          ]
        ]
      },
      "id": "way/250076990"
    },
    {
      "type": "Feature",
      "properties": {
        "@id": "way/250076993",
        "highway": "trunk",
        "lanes": "2",
        "maxspeed": "40",
        "name": "国道423号",
        "oneway": "yes",
        "ref": "423",
        "sidewalk:left": "separate",
        "sidewalk:right": "no",
        "source": "GSImaps/std",
        "surface": "paved"
      },
      "geometry": {
        "type": "LineString",
        "coordinates": [
          [
            135.4920153,
            34.8177018
          ],
          [
            135.492024,
            34.8176719
          ],
          [
            135.4921086,
            34.817489
          ],
          [
            135.492238,
            34.8171921
          ],
          [
            135.4923315,
            34.8169396
          ],
          [
            135.4923865,
            34.8168114
          ],
          [
            135.4924355,
            34.8166839
          ],
          [
            135.4924626,
            34.8166454
          ],
          [
            135.492548,
            34.8164325
          ],
          [
            135.4925935,
            34.8163198
          ],
          [
            135.4926349,
            34.8162169
          ],
          [
            135.4927195,
            34.8160016
          ],
          [
            135.4928163,
            34.8157428
          ],
          [
            135.4929014,
            34.8155243
          ],
          [
            135.4929692,
            34.8153492
          ],
          [
            135.4930316,
            34.8151868
          ],
          [
            135.4932053,
            34.8147442
          ],
          [
            135.4933206,
            34.8143693
          ],
          [
            135.4934325,
            34.8139795
          ],
          [
            135.4935211,
            34.8135914
          ],
          [
            135.4935419,
            34.8134972
          ],
          [
            135.4935519,
            34.8134047
          ],
          [
            135.4935622,
            34.8132609
          ]
        ]
      },
      "id": "way/250076993"
    },
    {
      "type": "Feature",
      "properties": {
        "@id": "way/250076996",
        "highway": "trunk",
        "lanes": "2",
        "name": "国道423号",
        "name:en": "National Highway Route 423",
        "name:ja": "国道423号",
        "ref": "423",
        "source": "GSImaps/std",
        "surface": "asphalt"
      },
      "geometry": {
        "type": "LineString",
        "coordinates": [
          [
            135.447268,
            34.8069267
          ],
          [
            135.4473891,
            34.806928
          ],
          [
            135.4474223,
            34.806929
          ],
          [
            135.4475718,
            34.8069343
          ],
          [
            135.4476949,
            34.8069561
          ],
          [
            135.4478028,
            34.8069959
          ],
          [
            135.4478921,
            34.8070493
          ],
          [
            135.4479796,
            34.8071135
          ],
          [
            135.4480559,
            34.8071914
          ],
          [
            135.4481046,
            34.8072583
          ],
          [
            135.4481515,
            34.807359
          ],
          [
            135.4481641,
            34.8074358
          ],
          [
            135.4481783,
            34.8075218
          ],
          [
            135.4481886,
            34.8075778
          ],
          [
            135.4482072,
            34.8076786
          ],
          [
            135.4484527,
            34.8089356
          ],
          [
            135.4485037,
            34.809116
          ],
          [
            135.4485888,
            34.809312
          ],
          [
            135.4487672,
            34.8096167
          ]
        ]
      },
      "id": "way/250076996"
    },
    {
      "type": "Feature",
      "properties": {
        "@id": "way/250279526",
        "highway": "trunk",
        "lanes": "2",
        "maxspeed": "40",
        "name": "国道176号",
        "name:en": "National Highway Route 176",
        "name:ja": "国道176号",
        "ref": "176;423;477",
        "source": "Bing,2009-11;GSImaps/std",
        "surface": "asphalt"
      },
      "geometry": {
        "type": "LineString",
        "coordinates": [
          [
            135.4431407,
            34.8113665
          ],
          [
            135.4429322,
            34.8115146
          ],
          [
            135.4423669,
            34.8119129
          ],
          [
            135.4423347,
            34.8119355
          ],
          [
            135.4423014,
            34.811959
          ],
          [
            135.4419025,
            34.8122445
          ],
          [
            135.4413739,
            34.8126183
          ],
          [
            135.4412469,
            34.8127078
          ]
        ]
      },
      "id": "way/250279526"
    },
    {
      "type": "Feature",
      "properties": {
        "@id": "way/250279527",
        "highway": "trunk",
        "lanes": "2",
        "maxspeed": "40",
        "name": "国道176号",
        "name:en": "National Highway Route 176",
        "name:ja": "国道176号",
        "ref": "176;423;477",
        "source": "Bing,2009-11;GSImaps/std",
        "surface": "asphalt"
      },
      "geometry": {
        "type": "LineString",
        "coordinates": [
          [
            135.4443956,
            34.810478
          ],
          [
            135.4443137,
            34.8105377
          ],
          [
            135.444072,
            34.8107139
          ],
          [
            135.4440521,
            34.8107277
          ],
          [
            135.4439882,
            34.8107697
          ],
          [
            135.4437432,
            34.8109329
          ],
          [
            135.4435692,
            34.8110586
          ],
          [
            135.4433376,
            34.8112218
          ],
          [
            135.443315,
            34.8112379
          ],
          [
            135.4431407,
            34.8113665
          ]
        ]
      },
      "id": "way/250279527"
    },
    {
      "type": "Feature",
      "properties": {
        "@id": "way/251457135",
        "cycleway": "shared_lane",
        "cycleway:lane": "pictogram",
        "highway": "primary",
        "lanes": "2",
        "name": "豊中亀岡線",
        "name:en": "Toyonaka Kameoka Line",
        "name:ja": "豊中亀岡線",
        "name:ja-Hira": "とよなかかめおかせん",
        "name:ja-Latn": "Toyonaka Kameoka-sen",
        "ref": "43",
        "surface": "asphalt",
        "wikidata": "Q11441392",
        "wikipedia": "ja:大阪府道・京都府道43号豊中亀岡線"
      },
      "geometry": {
        "type": "LineString",
        "coordinates": [
          [
            135.4738561,
            34.8115721
          ],
          [
            135.4738939,
            34.8116708
          ],
          [
            135.4739154,
            34.8117267
          ],
          [
            135.4739614,
            34.8118459
          ],
          [
            135.4741167,
            34.8122482
          ],
          [
            135.4741847,
            34.8125182
          ],
          [
            135.4742353,
            34.8128311
          ],
          [
            135.4742543,
            34.8130959
          ],
          [
            135.4742527,
            34.8133504
          ],
          [
            135.4742359,
            34.8136982
          ],
          [
            135.4742334,
            34.8137532
          ],
          [
            135.4741954,
            34.8140511
          ],
          [
            135.4741369,
            34.8147708
          ],
          [
            135.4741192,
            34.8149281
          ]
        ]
      },
      "id": "way/251457135"
    },
    {
      "type": "Feature",
      "properties": {
        "@id": "way/251457136",
        "highway": "primary",
        "lanes": "2",
        "name": "豊中亀岡線",
        "name:en": "Toyonaka Kameoka Line",
        "name:ja": "豊中亀岡線",
        "name:ja-Hira": "とよなかかめおかせん",
        "name:ja-Latn": "Toyonaka Kameoka-sen",
        "ref": "43",
        "source": "NRPB of MLIT Japan",
        "source:ja": "国土画像情報（オルソ化空中写真）国土交通省",
        "surface": "asphalt",
        "wikidata": "Q11441392",
        "wikipedia": "ja:大阪府道・京都府道43号豊中亀岡線"
      },
      "geometry": {
        "type": "LineString",
        "coordinates": [
          [
            135.4727286,
            34.7949923
          ],
          [
            135.4727534,
            34.7951125
          ],
          [
            135.4728661,
            34.7954605
          ],
          [
            135.4729072,
            34.7956099
          ],
          [
            135.4729183,
            34.7957228
          ],
          [
            135.4729135,
            34.7958619
          ],
          [
            135.47288,
            34.7960219
          ],
          [
            135.4727445,
            34.7964708
          ],
          [
            135.4726682,
            34.7967218
          ],
          [
            135.4725857,
            34.7970006
          ],
          [
            135.4725459,
            34.7971471
          ],
          [
            135.4724975,
            34.7973062
          ],
          [
            135.4724726,
            34.7973881
          ],
          [
            135.4724013,
            34.7976225
          ],
          [
            135.4723467,
            34.7977804
          ],
          [
            135.4723122,
            34.7978945
          ],
          [
            135.47209,
            34.7986304
          ],
          [
            135.4720503,
            34.7987816
          ],
          [
            135.4720084,
            34.7990062
          ],
          [
            135.4720013,
            34.7990402
          ],
          [
            135.4719487,
            34.7992934
          ],
          [
            135.4719022,
            34.7995711
          ],
          [
            135.4718921,
            34.7996298
          ],
          [
            135.4718614,
            34.7998076
          ],
          [
            135.4718165,
            34.800044
          ],
          [
            135.4717983,
            34.8001796
          ]
        ]
      },
      "id": "way/251457136"
    },
    {
      "type": "Feature",
      "properties": {
        "@id": "way/251457137",
        "cycleway": "shared_lane",
        "cycleway:lane": "pictogram",
        "highway": "primary",
        "lanes": "2",
        "name": "豊中亀岡線",
        "name:en": "Toyonaka Kameoka Line",
        "name:ja": "豊中亀岡線",
        "name:ja-Hira": "とよなかかめおかせん",
        "name:ja-Latn": "Toyonaka Kameoka-sen",
        "ref": "43",
        "source": "NRPB of MLIT Japan",
        "source:ja": "国土画像情報（オルソ化空中写真）国土交通省",
        "surface": "asphalt",
        "wikidata": "Q11441392",
        "wikipedia": "ja:大阪府道・京都府道43号豊中亀岡線"
      },
      "geometry": {
        "type": "LineString",
        "coordinates": [
          [
            135.4717983,
            34.8001796
          ],
          [
            135.4717772,
            34.8003038
          ],
          [
            135.4717271,
            34.8005989
          ],
          [
            135.4716619,
            34.8009828
          ],
          [
            135.471612,
            34.8012768
          ],
          [
            135.4716035,
            34.8013269
          ],
          [
            135.4715337,
            34.801738
          ],
          [
            135.4715293,
            34.8017637
          ]
        ]
      },
      "id": "way/251457137"
    },
    {
      "type": "Feature",
      "properties": {
        "@id": "way/251457138",
        "highway": "primary",
        "lanes": "2",
        "name": "豊中亀岡線",
        "name:en": "Toyonaka Kameoka Line",
        "name:ja": "豊中亀岡線",
        "name:ja-Hira": "とよなかかめおかせん",
        "name:ja-Latn": "Toyonaka Kameoka-sen",
        "ref": "43",
        "source": "Bing,2007-09",
        "surface": "asphalt",
        "wikidata": "Q11441392",
        "wikipedia": "ja:大阪府道・京都府道43号豊中亀岡線"
      },
      "geometry": {
        "type": "LineString",
        "coordinates": [
          [
            135.4635874,
            34.7887977
          ],
          [
            135.4635766,
            34.7888492
          ],
          [
            135.4635778,
            34.7889015
          ],
          [
            135.4636094,
            34.7889651
          ],
          [
            135.4636516,
            34.7890221
          ],
          [
            135.4637335,
            34.7891103
          ],
          [
            135.4640845,
            34.7893323
          ],
          [
            135.4641762,
            34.7894025
          ],
          [
            135.4642348,
            34.7894739
          ],
          [
            135.4642838,
            34.789557
          ],
          [
            135.4643929,
            34.789818
          ],
          [
            135.4645672,
            34.7902019
          ],
          [
            135.4646758,
            34.7904629
          ],
          [
            135.4647218,
            34.7905803
          ],
          [
            135.4648235,
            34.7908068
          ],
          [
            135.464911,
            34.7910017
          ],
          [
            135.4649512,
            34.7910999
          ],
          [
            135.465035,
            34.7913396
          ],
          [
            135.4650555,
            34.791472
          ],
          [
            135.4650508,
            34.7916201
          ],
          [
            135.4650048,
            34.7920942
          ],
          [
            135.4649722,
            34.7923123
          ],
          [
            135.4649498,
            34.7924626
          ],
          [
            135.4649367,
            34.7926044
          ],
          [
            135.4649244,
            34.7926952
          ],
          [
            135.4648924,
            34.7928973
          ],
          [
            135.4648326,
            34.7931406
          ],
          [
            135.4647924,
            34.7933416
          ],
          [
            135.4647451,
            34.793578
          ],
          [
            135.4647009,
            34.7938095
          ],
          [
            135.4646444,
            34.7941049
          ],
          [
            135.4646175,
            34.7942458
          ],
          [
            135.4645576,
            34.7945281
          ],
          [
            135.4645366,
            34.7946274
          ],
          [
            135.4644214,
            34.7951704
          ],
          [
            135.4643945,
            34.795273
          ],
          [
            135.4643819,
            34.7953249
          ],
          [
            135.4643439,
            34.7955355
          ],
          [
            135.4643387,
            34.7955641
          ]
        ]
      },
      "id": "way/251457138"
    },
    {
      "type": "Feature",
      "properties": {
        "@id": "way/251473294",
        "highway": "primary",
        "lanes": "3",
        "maxspeed": "60",
        "name": "大阪中央環状線",
        "name:en": "Osaka Central Outer Ring Road",
        "name:ja": "大阪中央環状線",
        "name:ja-Hira": "おおさかちゅうおうかんじょうせん",
        "name:ja-Latn": "Ōsaka Chūō Kanjō-sen",
        "oneway": "yes",
        "oneway:bicycle": "yes",
        "ref": "2",
        "surface": "asphalt",
        "wikidata": "Q11441371",
        "wikipedia": "ja:大阪府道2号大阪中央環状線"
      },
      "geometry": {
        "type": "LineString",
        "coordinates": [
          [
            135.4594088,
            34.8001403
          ],
          [
            135.4595476,
            34.8001061
          ],
          [
            135.4598842,
            34.800018
          ],
          [
            135.4601296,
            34.7999569
          ],
          [
            135.4604083,
            34.7998971
          ],
          [
            135.4606694,
            34.7998489
          ],
          [
            135.4607474,
            34.7998348
          ],
          [
            135.4609631,
            34.7997988
          ],
          [
            135.4612117,
            34.7997623
          ],
          [
            135.4613701,
            34.7997438
          ],
          [
            135.4616839,
            34.7997168
          ],
          [
            135.4618898,
            34.7997011
          ],
          [
            135.462152,
            34.7996837
          ],
          [
            135.4624035,
            34.7996708
          ],
          [
            135.4627606,
            34.7996524
          ],
          [
            135.4629615,
            34.79965
          ],
          [
            135.4630416,
            34.7996503
          ],
          [
            135.4632666,
            34.7996511
          ],
          [
            135.4633939,
            34.7996565
          ],
          [
            135.4635218,
            34.7996609
          ]
        ]
      },
      "id": "way/251473294"
    },
    {
      "type": "Feature",
      "properties": {
        "@id": "way/251473298",
        "highway": "primary",
        "lanes": "3",
        "maxheight:signed": "no",
        "maxspeed": "60",
        "name": "大阪中央環状線",
        "name:en": "Osaka Central Outer Ring Road",
        "name:ja": "大阪中央環状線",
        "name:ja-Hira": "おおさかちゅうおうかんじょうせん",
        "name:ja-Latn": "Ōsaka Chūō Kanjō-sen",
        "oneway": "yes",
        "oneway:bicycle": "yes",
        "ref": "2",
        "surface": "asphalt",
        "wikidata": "Q11441371",
        "wikipedia": "ja:大阪府道2号大阪中央環状線"
      },
      "geometry": {
        "type": "LineString",
        "coordinates": [
          [
            135.4635218,
            34.7996609
          ],
          [
            135.4637017,
            34.7996708
          ],
          [
            135.4638552,
            34.7996815
          ],
          [
            135.4640425,
            34.7996974
          ],
          [
            135.4641436,
            34.7997068
          ],
          [
            135.4644821,
            34.7997469
          ],
          [
            135.4646987,
            34.7997773
          ],
          [
            135.4651601,
            34.7998528
          ],
          [
            135.4652762,
            34.7998762
          ],
          [
            135.4654826,
            34.7999189
          ],
          [
            135.4657066,
            34.799968
          ],
          [
            135.4663214,
            34.8001209
          ]
        ]
      },
      "id": "way/251473298"
    },
    {
      "type": "Feature",
      "properties": {
        "@id": "way/251473300",
        "bridge": "yes",
        "foot": "no",
        "highway": "primary",
        "lanes": "3",
        "layer": "1",
        "maxspeed": "60",
        "maxweight:signed": "no",
        "name": "大阪中央環状線",
        "name:en": "Osaka Central Outer Ring Road",
        "name:ja": "大阪中央環状線",
        "name:ja-Hira": "おおさかちゅうおうかんじょうせん",
        "name:ja-Latn": "Ōsaka Chūō Kanjō-sen",
        "oneway": "yes",
        "ref": "2",
        "sidewalk": "no",
        "surface": "asphalt",
        "wikidata": "Q11441371",
        "wikipedia": "ja:大阪府道2号大阪中央環状線"
      },
      "geometry": {
        "type": "LineString",
        "coordinates": [
          [
            135.4673186,
            34.8004293
          ],
          [
            135.4677159,
            34.800573
          ],
          [
            135.4678678,
            34.8006281
          ],
          [
            135.4681575,
            34.8007437
          ],
          [
            135.4683539,
            34.8008219
          ],
          [
            135.4686485,
            34.8009474
          ],
          [
            135.4689419,
            34.8010773
          ]
        ]
      },
      "id": "way/251473300"
    },
    {
      "type": "Feature",
      "properties": {
        "@id": "way/251473303",
        "cycleway:both": "no",
        "highway": "primary",
        "lanes": "2",
        "maxheight:signed": "no",
        "name": "豊中亀岡線",
        "name:en": "Toyonaka Kameoka Line",
        "name:ja": "豊中亀岡線",
        "name:ja-Hira": "とよなかかめおかせん",
        "name:ja-Latn": "Toyonaka Kameoka-sen",
        "ref": "43",
        "source": "Bing,2007-09",
        "surface": "asphalt",
        "wikidata": "Q11441392",
        "wikipedia": "ja:大阪府道・京都府道43号豊中亀岡線"
      },
      "geometry": {
        "type": "LineString",
        "coordinates": [
          [
            135.4635947,
            34.7993242
          ],
          [
            135.4635218,
            34.7996609
          ]
        ]
      },
      "id": "way/251473303"
    },
    {
      "type": "Feature",
      "properties": {
        "@id": "way/251473310",
        "cycleway": "lane",
        "highway": "primary",
        "lanes": "2",
        "name": "豊中亀岡線",
        "name:en": "Toyonaka Kameoka Line",
        "name:ja": "豊中亀岡線",
        "name:ja-Hira": "とよなかかめおかせん",
        "name:ja-Latn": "Toyonaka Kameoka-sen",
        "ref": "43",
        "surface": "asphalt",
        "wikidata": "Q11441392"
      },
      "geometry": {
        "type": "LineString",
        "coordinates": [
          [
            135.4741192,
            34.8149281
          ],
          [
            135.4741134,
            34.814976
          ]
        ]
      },
      "id": "way/251473310"
    },
    {
      "type": "Feature",
      "properties": {
        "@id": "way/251473314",
        "highway": "primary",
        "lanes": "3",
        "maxspeed": "60",
        "name": "大阪中央環状線",
        "name:en": "Osaka Central Outer Ring Road",
        "name:ja": "大阪中央環状線",
        "name:ja-Hira": "おおさかちゅうおうかんじょうせん",
        "name:ja-Latn": "Ōsaka Chūō Kanjō-sen",
        "oneway": "yes",
        "ref": "2",
        "surface": "asphalt",
        "wikidata": "Q11441371",
        "wikipedia": "ja:大阪府道2号大阪中央環状線"
      },
      "geometry": {
        "type": "LineString",
        "coordinates": [
          [
            135.4594466,
            34.7997606
          ],
          [
            135.4593498,
            34.7997807
          ],
          [
            135.4587622,
            34.7999184
          ],
          [
            135.4586636,
            34.7999419
          ],
          [
            135.4584807,
            34.7999855
          ],
          [
            135.4582688,
            34.8000422
          ],
          [
            135.4580623,
            34.8000934
          ],
          [
            135.457953,
            34.8001204
          ],
          [
            135.4577898,
            34.8001565
          ],
          [
            135.4576881,
            34.8001793
          ],
          [
            135.4575909,
            34.8002008
          ],
          [
            135.4574903,
            34.8002222
          ],
          [
            135.4573797,
            34.8002459
          ],
          [
            135.4572684,
            34.800269
          ],
          [
            135.4571659,
            34.8002898
          ],
          [
            135.4567269,
            34.8003665
          ],
          [
            135.4561449,
            34.8004404
          ],
          [
            135.4559294,
            34.800466
          ],
          [
            135.4549957,
            34.8005463
          ],
          [
            135.4547976,
            34.8005681
          ],
          [
            135.4545122,
            34.8005994
          ],
          [
            135.4544384,
            34.8006062
          ],
          [
            135.4543574,
            34.8006136
          ],
          [
            135.4538841,
            34.8006568
          ],
          [
            135.4536351,
            34.8006795
          ],
          [
            135.4532256,
            34.8007042
          ],
          [
            135.4527085,
            34.8007146
          ],
          [
            135.4522752,
            34.8007068
          ],
          [
            135.451818,
            34.8006915
          ],
          [
            135.451513,
            34.8006717
          ],
          [
            135.4510089,
            34.8006139
          ],
          [
            135.4503603,
            34.8005172
          ],
          [
            135.4492692,
            34.8003367
          ]
        ]
      },
      "id": "way/251473314"
    },
    {
      "type": "Feature",
      "properties": {
        "@id": "way/251473319",
        "bridge": "yes",
        "highway": "primary",
        "lanes": "3",
        "layer": "1",
        "maxspeed": "60",
        "name": "大阪中央環状線",
        "name:en": "Osaka Central Outer Ring Road",
        "name:ja": "大阪中央環状線",
        "name:ja-Hira": "おおさかちゅうおうかんじょうせん",
        "name:ja-Latn": "Ōsaka Chūō Kanjō-sen",
        "oneway": "yes",
        "ref": "2",
        "surface": "asphalt",
        "wikidata": "Q11441371",
        "wikipedia": "ja:大阪府道2号大阪中央環状線"
      },
      "geometry": {
        "type": "LineString",
        "coordinates": [
          [
            135.4677742,
            34.8001939
          ],
          [
            135.4673594,
            34.8000571
          ]
        ]
      },
      "id": "way/251473319"
    },
    {
      "type": "Feature",
      "properties": {
        "@id": "way/251473323",
        "highway": "primary",
        "lanes": "3",
        "maxspeed": "60",
        "name": "大阪中央環状線",
        "name:en": "Osaka Central Outer Ring Road",
        "name:ja": "大阪中央環状線",
        "name:ja-Hira": "おおさかちゅうおうかんじょうせん",
        "name:ja-Latn": "Ōsaka Chūō Kanjō-sen",
        "oneway": "yes",
        "oneway:bicycle": "yes",
        "ref": "2",
        "surface": "asphalt",
        "wikidata": "Q11441371",
        "wikipedia": "ja:大阪府道2号大阪中央環状線"
      },
      "geometry": {
        "type": "LineString",
        "coordinates": [
          [
            135.4635947,
            34.7993242
          ],
          [
            135.4634617,
            34.7993218
          ],
          [
            135.4629048,
            34.7993161
          ],
          [
            135.4624974,
            34.7993256
          ],
          [
            135.4620036,
            34.7993474
          ],
          [
            135.461871,
            34.7993593
          ],
          [
            135.4616927,
            34.7993759
          ],
          [
            135.4614794,
            34.7993991
          ],
          [
            135.4611044,
            34.7994435
          ],
          [
            135.4606209,
            34.799516
          ],
          [
            135.4603831,
            34.799562
          ],
          [
            135.4601878,
            34.7996004
          ],
          [
            135.459624,
            34.7997239
          ],
          [
            135.4594466,
            34.7997606
          ]
        ]
      },
      "id": "way/251473323"
    },
    {
      "type": "Feature",
      "properties": {
        "@id": "way/251479839",
        "highway": "primary",
        "name": "旧大阪中央環状線",
        "name:en": "Old Osaka Central Outer Ring Road",
        "name:ja": "旧大阪中央環状線",
        "name:ja-Hira": "きゅうおおさかちゅうおうかんじょうせん",
        "name:ja-Latn": "Kyū Ōsaka Chūō Kanjō-sen",
        "ref": "2",
        "source": "YahooJapan/ALPSMAP",
        "surface": "asphalt",
        "wikidata": "Q11441371",
        "wikipedia": "ja:大阪府道2号大阪中央環状線"
      },
      "geometry": {
        "type": "LineString",
        "coordinates": [
          [
            135.4959944,
            34.7984948
          ],
          [
            135.495946,
            34.7984474
          ],
          [
            135.495564,
            34.7980878
          ],
          [
            135.4955126,
            34.798039
          ],
          [
            135.4952442,
            34.7977356
          ],
          [
            135.4951151,
            34.7976843
          ],
          [
            135.4948383,
            34.7974505
          ],
          [
            135.4945981,
            34.7972465
          ],
          [
            135.4944303,
            34.7971307
          ],
          [
            135.4943047,
            34.7970286
          ],
          [
            135.494093,
            34.7968564
          ],
          [
            135.4936016,
            34.7965159
          ],
          [
            135.4931354,
            34.7962073
          ],
          [
            135.4928823,
            34.796047
          ],
          [
            135.4927472,
            34.7959633
          ],
          [
            135.4924953,
            34.795802
          ],
          [
            135.4922052,
            34.7956132
          ]
        ]
      },
      "id": "way/251479839"
    },
    {
      "type": "Feature",
      "properties": {
        "@id": "way/251479843",
        "highway": "primary",
        "name": "旧大阪中央環状線",
        "name:en": "Old Osaka Central Outer Ring Road",
        "name:ja": "旧大阪中央環状線",
        "name:ja-Hira": "きゅうおおさかちゅうおうかんじょうせん",
        "name:ja-Latn": "Kyū Ōsaka Chūō Kanjō-sen",
        "ref": "2",
        "surface": "asphalt",
        "wikidata": "Q11441371",
        "wikipedia": "ja:大阪府道2号大阪中央環状線"
      },
      "geometry": {
        "type": "LineString",
        "coordinates": [
          [
            135.5068104,
            34.8054469
          ],
          [
            135.5066706,
            34.8053836
          ],
          [
            135.506595,
            34.8053641
          ],
          [
            135.5065356,
            34.8053493
          ],
          [
            135.5064617,
            34.8053365
          ],
          [
            135.506382,
            34.80533
          ],
          [
            135.5062837,
            34.8053269
          ],
          [
            135.5056356,
            34.8053209
          ],
          [
            135.5054576,
            34.8053168
          ],
          [
            135.5052986,
            34.8053045
          ],
          [
            135.5050915,
            34.8052884
          ]
        ]
      },
      "id": "way/251479843"
    },
    {
      "type": "Feature",
      "properties": {
        "@id": "way/251479844",
        "highway": "primary",
        "name": "旧大阪中央環状線",
        "name:en": "Old Osaka Central Outer Ring Road",
        "name:ja": "旧大阪中央環状線",
        "name:ja-Hira": "きゅうおおさかちゅうおうかんじょうせん",
        "name:ja-Latn": "Kyū Ōsaka Chūō Kanjō-sen",
        "ref": "2",
        "surface": "asphalt",
        "wikidata": "Q11441371",
        "wikipedia": "ja:大阪府道2号大阪中央環状線"
      },
      "geometry": {
        "type": "LineString",
        "coordinates": [
          [
            135.5042124,
            34.8051297
          ],
          [
            135.5040582,
            34.8051034
          ],
          [
            135.5038138,
            34.8050534
          ],
          [
            135.503651,
            34.8050201
          ]
        ]
      },
      "id": "way/251479844"
    },
    {
      "type": "Feature",
      "properties": {
        "@id": "way/251479846",
        "highway": "primary",
        "name": "旧大阪中央環状線",
        "name:en": "Old Osaka Central Outer Ring Road",
        "name:ja": "旧大阪中央環状線",
        "name:ja-Hira": "きゅうおおさかちゅうおうかんじょうせん",
        "name:ja-Latn": "Kyū Ōsaka Chūō Kanjō-sen",
        "ref": "2",
        "surface": "asphalt",
        "wikidata": "Q11441371",
        "wikipedia": "ja:大阪府道2号大阪中央環状線"
      },
      "geometry": {
        "type": "LineString",
        "coordinates": [
          [
            135.5050915,
            34.8052884
          ],
          [
            135.5046417,
            34.8052088
          ],
          [
            135.5042124,
            34.8051297
          ]
        ]
      },
      "id": "way/251479846"
    },
    {
      "type": "Feature",
      "properties": {
        "@id": "way/251486455",
        "highway": "primary",
        "name": "旧大阪中央環状線",
        "name:en": "Old Osaka Central Outer Ring Road",
        "name:ja": "旧大阪中央環状線",
        "name:ja-Hira": "きゅうおおさかちゅうおうかんじょうせん",
        "name:ja-Latn": "Kyū Ōsaka Chūō Kanjō-sen",
        "ref": "2",
        "source": "YahooJapan/ALPSMAP",
        "surface": "asphalt",
        "wikidata": "Q11441371",
        "wikipedia": "ja:大阪府道2号大阪中央環状線"
      },
      "geometry": {
        "type": "LineString",
        "coordinates": [
          [
            135.4773921,
            34.7863269
          ],
          [
            135.4773015,
            34.7862872
          ]
        ]
      },
      "id": "way/251486455"
    },
    {
      "type": "Feature",
      "properties": {
        "@id": "way/251486456",
        "highway": "primary",
        "name": "旧大阪中央環状線",
        "name:en": "Old Osaka Central Outer Ring Road",
        "name:ja": "旧大阪中央環状線",
        "name:ja-Hira": "きゅうおおさかちゅうおうかんじょうせん",
        "name:ja-Latn": "Kyū Ōsaka Chūō Kanjō-sen",
        "ref": "2",
        "source": "YahooJapan/ALPSMAP",
        "surface": "asphalt",
        "wikidata": "Q11441371",
        "wikipedia": "ja:大阪府道2号大阪中央環状線"
      },
      "geometry": {
        "type": "LineString",
        "coordinates": [
          [
            135.4868457,
            34.7904178
          ],
          [
            135.4868114,
            34.7903386
          ],
          [
            135.4867982,
            34.7903082
          ],
          [
            135.486788,
            34.7902886
          ],
          [
            135.4864508,
            34.7895558
          ],
          [
            135.4862881,
            34.7892435
          ],
          [
            135.4862572,
            34.7891754
          ],
          [
            135.4862174,
            34.7890877
          ],
          [
            135.4861513,
            34.7889651
          ],
          [
            135.4861041,
            34.7888891
          ],
          [
            135.4860552,
            34.788817
          ],
          [
            135.4859975,
            34.788736
          ],
          [
            135.4859372,
            34.7886556
          ],
          [
            135.4858909,
            34.7885983
          ],
          [
            135.4858305,
            34.7885317
          ],
          [
            135.4858191,
            34.7885152
          ],
          [
            135.4857709,
            34.7884585
          ],
          [
            135.4857279,
            34.7884133
          ],
          [
            135.4856808,
            34.7883687
          ],
          [
            135.4854155,
            34.7881556
          ],
          [
            135.48514,
            34.7879824
          ],
          [
            135.4848777,
            34.7878582
          ],
          [
            135.4845238,
            34.7877317
          ],
          [
            135.4842386,
            34.7876551
          ],
          [
            135.484182,
            34.7876432
          ],
          [
            135.4840979,
            34.7876261
          ],
          [
            135.4838273,
            34.7875984
          ],
          [
            135.4835237,
            34.7875955
          ],
          [
            135.4833456,
            34.7876064
          ],
          [
            135.483103,
            34.7876376
          ],
          [
            135.482583,
            34.7877047
          ],
          [
            135.4822912,
            34.7877313
          ],
          [
            135.4818809,
            34.787723
          ],
          [
            135.4816829,
            34.7877212
          ],
          [
            135.4810546,
            34.7877028
          ],
          [
            135.4808343,
            34.7876854
          ],
          [
            135.4806084,
            34.7876532
          ],
          [
            135.4803345,
            34.7876015
          ],
          [
            135.4799677,
            34.7875036
          ],
          [
            135.4796969,
            34.7874121
          ],
          [
            135.4796,
            34.787373
          ],
          [
            135.4789424,
            34.7870687
          ],
          [
            135.4787653,
            34.7869837
          ],
          [
            135.4786201,
            34.7869075
          ]
        ]
      },
      "id": "way/251486456"
    },
    {
      "type": "Feature",
      "properties": {
        "@id": "way/251716753",
        "cycleway": "shared_lane",
        "cycleway:lane": "pictogram",
        "highway": "primary",
        "lanes": "2",
        "maxspeed": "40",
        "name": "伊丹豊中線",
        "name:en": "Itami-Toyonaka Line",
        "name:ja": "伊丹豊中線",
        "name:ja-Hira": "いたみとよなかせん",
        "name:ja_rm": "Itami Toyonaka-sen",
        "ref": "99",
        "surface": "asphalt",
        "wikidata": "Q11393639",
        "wikipedia": "ja:兵庫県道・大阪府道99号伊丹豊中線"
      },
      "geometry": {
        "type": "LineString",
        "coordinates": [
          [
            135.4638797,
            34.7821377
          ],
          [
            135.4637768,
            34.7821326
          ],
          [
            135.4634854,
            34.7821183
          ],
          [
            135.4630257,
            34.7820898
          ],
          [
            135.4623662,
            34.7820496
          ],
          [
            135.4623234,
            34.7820465
          ],
          [
            135.4622697,
            34.7820431
          ],
          [
            135.4613319,
            34.7819814
          ],
          [
            135.4612092,
            34.7819787
          ],
          [
            135.4607347,
            34.7819844
          ],
          [
            135.4603412,
            34.7819968
          ],
          [
            135.460087,
            34.7820052
          ],
          [
            135.4599829,
            34.7820073
          ],
          [
            135.4598435,
            34.7820088
          ],
          [
            135.459699,
            34.7820099
          ],
          [
            135.4592194,
            34.7820278
          ],
          [
            135.4589624,
            34.7820407
          ],
          [
            135.4583694,
            34.782065
          ],
          [
            135.4582671,
            34.7820751
          ],
          [
            135.4581639,
            34.7820853
          ],
          [
            135.4571086,
            34.7822386
          ],
          [
            135.4566854,
            34.7823126
          ],
          [
            135.4564744,
            34.7823444
          ],
          [
            135.4562043,
            34.7823745
          ],
          [
            135.4559687,
            34.7823878
          ],
          [
            135.4557742,
            34.7823959
          ],
          [
            135.4555263,
            34.7823957
          ],
          [
            135.4552918,
            34.7823818
          ],
          [
            135.455174,
            34.7823699
          ],
          [
            135.4550388,
            34.7823562
          ],
          [
            135.4547066,
            34.7823251
          ],
          [
            135.4543441,
            34.782289
          ],
          [
            135.4539934,
            34.7822585
          ],
          [
            135.453556,
            34.7822278
          ]
        ]
      },
      "id": "way/251716753"
    },
    {
      "type": "Feature",
      "properties": {
        "@id": "way/251716754",
        "cycleway": "shared_lane",
        "cycleway:lane": "pictogram",
        "highway": "primary",
        "lanes": "2",
        "name": "伊丹豊中線",
        "name:en": "Itami-Toyonaka Line",
        "name:ja": "伊丹豊中線",
        "name:ja-Hira": "いたみとよなかせん",
        "name:ja_rm": "Itami Toyonaka-sen",
        "ref": "99",
        "surface": "asphalt",
        "wikidata": "Q11393639",
        "wikipedia": "ja:兵庫県道・大阪府道99号伊丹豊中線"
      },
      "geometry": {
        "type": "LineString",
        "coordinates": [
          [
            135.464163,
            34.7821523
          ],
          [
            135.4638797,
            34.7821377
          ]
        ]
      },
      "id": "way/251716754"
    },
    {
      "type": "Feature",
      "properties": {
        "@id": "way/251716757",
        "highway": "primary",
        "name": "旧大阪中央環状線",
        "name:en": "Old Osaka Central Outer Ring Road",
        "name:ja": "旧大阪中央環状線",
        "name:ja-Hira": "きゅうおおさかちゅうおうかんじょうせん",
        "name:ja-Latn": "Kyū Ōsaka Chūō Kanjō-sen",
        "ref": "2",
        "source": "YahooJapan/ALPSMAP",
        "surface": "asphalt",
        "wikidata": "Q11441371",
        "wikipedia": "ja:大阪府道2号大阪中央環状線"
      },
      "geometry": {
        "type": "LineString",
        "coordinates": [
          [
            135.4773015,
            34.7862872
          ],
          [
            135.4771752,
            34.7862338
          ],
          [
            135.4760993,
            34.7857035
          ],
          [
            135.4760418,
            34.7856765
          ],
          [
            135.4759311,
            34.7856244
          ],
          [
            135.475882,
            34.7856013
          ],
          [
            135.4758435,
            34.7855832
          ],
          [
            135.4752782,
            34.7853128
          ],
          [
            135.475181,
            34.785265
          ],
          [
            135.4751265,
            34.7852369
          ],
          [
            135.4748244,
            34.7850914
          ],
          [
            135.4746651,
            34.7850164
          ],
          [
            135.4744521,
            34.7849167
          ],
          [
            135.4741932,
            34.7847927
          ],
          [
            135.4737916,
            34.7845921
          ],
          [
            135.4733724,
            34.7843993
          ]
        ]
      },
      "id": "way/251716757"
    },
    {
      "type": "Feature",
      "properties": {
        "@id": "way/251721587",
        "bicycle": "no",
        "foot": "no",
        "highway": "trunk",
        "lanes": "2",
        "maxspeed": "60",
        "name": "新御堂筋",
        "name:en": "shin-midousuji",
        "name:ja": "新御堂筋",
        "name:ja-Hira": "しんみどうすじ",
        "name:ja-Latn": "shin-midousuji",
        "official_name": "国道423号",
        "official_name:en": "National Route 423",
        "oneway": "yes",
        "ref": "423",
        "source": "GSImaps/std",
        "surface": "paved"
      },
      "geometry": {
        "type": "LineString",
        "coordinates": [
          [
            135.492789,
            34.8151191
          ],
          [
            135.4926688,
            34.8154169
          ],
          [
            135.4925468,
            34.8157197
          ],
          [
            135.4924442,
            34.8159839
          ],
          [
            135.4923912,
            34.81611
          ],
          [
            135.4923289,
            34.8162713
          ],
          [
            135.4922571,
            34.8164469
          ],
          [
            135.4921605,
            34.816698
          ],
          [
            135.4920637,
            34.8169411
          ]
        ]
      },
      "id": "way/251721587"
    },
    {
      "type": "Feature",
      "properties": {
        "@id": "way/252590699",
        "highway": "trunk",
        "lanes": "2",
        "maxspeed": "40",
        "motorroad": "no",
        "name": "国道176号",
        "name:en": "National Highway Route 176",
        "name:ja": "国道176号",
        "ref": "176",
        "source": "GSImaps/std",
        "surface": "asphalt"
      },
      "geometry": {
        "type": "LineString",
        "coordinates": [
          [
            135.4489647,
            34.7974277
          ],
          [
            135.4490033,
            34.7972285
          ],
          [
            135.4490729,
            34.7968947
          ],
          [
            135.4491265,
            34.7966321
          ],
          [
            135.4492077,
            34.7962186
          ],
          [
            135.4492215,
            34.7961548
          ],
          [
            135.4492403,
            34.7960683
          ],
          [
            135.4492743,
            34.7958834
          ],
          [
            135.4492847,
            34.7958366
          ],
          [
            135.4492947,
            34.7957878
          ],
          [
            135.4493226,
            34.7956659
          ],
          [
            135.44936,
            34.7954825
          ],
          [
            135.4493714,
            34.7954271
          ],
          [
            135.4493836,
            34.7953628
          ],
          [
            135.4493999,
            34.7952716
          ]
        ]
      },
      "id": "way/252590699"
    },
    {
      "type": "Feature",
      "properties": {
        "@id": "way/252602916",
        "bicycle": "no",
        "bridge": "yes",
        "bridge:name": "桑津橋",
        "highway": "primary",
        "lanes": "2",
        "layer": "1",
        "maxspeed": "50",
        "name": "伊丹豊中線",
        "name:en": "Itami-Toyonaka Line",
        "name:ja": "伊丹豊中線",
        "name:ja-Hira": "いたみとよなかせん",
        "name:ja_rm": "Itami Toyonaka-sen",
        "oneway": "yes",
        "ref": "99",
        "surface": "asphalt",
        "wikidata": "Q11393639",
        "wikipedia": "ja:兵庫県道・大阪府道99号伊丹豊中線"
      },
      "geometry": {
        "type": "LineString",
        "coordinates": [
          [
            135.4273664,
            34.7828569
          ],
          [
            135.4247244,
            34.7828529
          ]
        ]
      },
      "id": "way/252602916"
    },
    {
      "type": "Feature",
      "properties": {
        "@id": "way/252602918",
        "bicycle": "no",
        "bridge": "yes",
        "bridge:name": "桑津橋",
        "highway": "primary",
        "lanes": "2",
        "layer": "1",
        "maxspeed": "50",
        "name": "伊丹豊中線",
        "name:en": "Itami-Toyonaka Line",
        "name:ja": "伊丹豊中線",
        "name:ja-Hira": "いたみとよなかせん",
        "name:ja_rm": "Itami Toyonaka-sen",
        "oneway": "yes",
        "ref": "99",
        "surface": "asphalt",
        "wikidata": "Q11393639",
        "wikipedia": "ja:兵庫県道・大阪府道99号伊丹豊中線"
      },
      "geometry": {
        "type": "LineString",
        "coordinates": [
          [
            135.424695,
            34.7829702
          ],
          [
            135.4273468,
            34.7829741
          ]
        ]
      },
      "id": "way/252602918"
    },
    {
      "type": "Feature",
      "properties": {
        "@id": "way/252602919",
        "bicycle": "no",
        "bridge": "yes",
        "highway": "primary",
        "lanes": "2",
        "layer": "1",
        "maxspeed": "50",
        "name": "伊丹豊中線",
        "name:en": "Itami-Toyonaka Line",
        "name:ja": "伊丹豊中線",
        "name:ja-Hira": "いたみとよなかせん",
        "name:ja_rm": "Itami Toyonaka-sen",
        "oneway": "yes",
        "ref": "99",
        "surface": "asphalt",
        "wikidata": "Q11393639",
        "wikipedia": "ja:兵庫県道・大阪府道99号伊丹豊中線"
      },
      "geometry": {
        "type": "LineString",
        "coordinates": [
          [
            135.4234352,
            34.7830614
          ],
          [
            135.4230313,
            34.7831512
          ],
          [
            135.4226477,
            34.7832289
          ],
          [
            135.4223197,
            34.7832866
          ],
          [
            135.4220324,
            34.7833162
          ],
          [
            135.421655,
            34.7833397
          ],
          [
            135.4212416,
            34.7833392
          ],
          [
            135.4207628,
            34.7832937
          ],
          [
            135.4201432,
            34.7832063
          ]
        ]
      },
      "id": "way/252602919"
    },
    {
      "type": "Feature",
      "properties": {
        "@id": "way/252713181",
        "highway": "trunk",
        "lanes": "2",
        "maxspeed": "40",
        "motorroad": "no",
        "name": "国道176号",
        "name:en": "National Highway Route 176",
        "name:ja": "国道176号",
        "ref": "176",
        "sidewalk": "both",
        "source": "GSImaps/std",
        "surface": "asphalt"
      },
      "geometry": {
        "type": "LineString",
        "coordinates": [
          [
            135.4497569,
            34.7940233
          ],
          [
            135.4497701,
            34.7939929
          ],
          [
            135.4498051,
            34.7939003
          ],
          [
            135.4498225,
            34.7938667
          ],
          [
            135.449844,
            34.7938253
          ],
          [
            135.4499829,
            34.7935759
          ],
          [
            135.450139,
            34.7933056
          ],
          [
            135.4502953,
            34.7930358
          ],
          [
            135.4503305,
            34.7929744
          ],
          [
            135.4503588,
            34.7929249
          ],
          [
            135.4504106,
            34.7928342
          ],
          [
            135.45046,
            34.7927462
          ],
          [
            135.4505663,
            34.7925592
          ],
          [
            135.4506813,
            34.7923908
          ],
          [
            135.4507762,
            34.7922609
          ],
          [
            135.4508823,
            34.7921448
          ],
          [
            135.4510013,
            34.7920348
          ],
          [
            135.4511483,
            34.7919171
          ],
          [
            135.451325,
            34.7918025
          ],
          [
            135.4514739,
            34.7917246
          ],
          [
            135.4517064,
            34.7916268
          ],
          [
            135.452312,
            34.791388
          ],
          [
            135.4526519,
            34.7912539
          ],
          [
            135.4527058,
            34.7912331
          ],
          [
            135.4529611,
            34.7911348
          ],
          [
            135.453086,
            34.7910879
          ],
          [
            135.4535343,
            34.7909125
          ],
          [
            135.4538142,
            34.790803
          ],
          [
            135.4547424,
            34.7904398
          ],
          [
            135.4556625,
            34.7900838
          ],
          [
            135.4558093,
            34.7900294
          ],
          [
            135.4558365,
            34.7900209
          ]
        ]
      },
      "id": "way/252713181"
    },
    {
      "type": "Feature",
      "properties": {
        "@id": "way/252982227",
        "highway": "primary",
        "lanes": "2",
        "name": "大阪池田線",
        "name:en": "Osaka Ikeda Line",
        "name:ja": "大阪池田線",
        "name:ja-Hira": "おおさかいけだせん",
        "name:ja-Latn": "Ōsaka Ikeda-sen",
        "oneway": "yes",
        "ref": "10",
        "source": "NRPB of MLIT Japan",
        "source:ja": "国土画像情報（オルソ化空中写真）国土交通省",
        "surface": "asphalt",
        "wikidata": "Q11441238",
        "wikipedia": "ja:大阪府道10号・兵庫県道100号大阪池田線"
      },
      "geometry": {
        "type": "LineString",
        "coordinates": [
          [
            135.4523771,
            34.7830886
          ],
          [
            135.4523587,
            34.7831119
          ],
          [
            135.4516653,
            34.7839881
          ],
          [
            135.4514059,
            34.7843884
          ],
          [
            135.4508636,
            34.7850601
          ],
          [
            135.4507101,
            34.7852482
          ],
          [
            135.450412,
            34.7856105
          ],
          [
            135.44911,
            34.7871926
          ]
        ]
      },
      "id": "way/252982227"
    },
    {
      "type": "Feature",
      "properties": {
        "@id": "way/252982228",
        "highway": "primary",
        "lanes": "2",
        "maxspeed": "60",
        "name": "大阪池田線",
        "name:en": "Osaka Ikeda Line",
        "name:ja": "大阪池田線",
        "name:ja-Hira": "おおさかいけだせん",
        "name:ja-Latn": "Ōsaka Ikeda-sen",
        "oneway": "yes",
        "ref": "10",
        "surface": "asphalt",
        "wikidata": "Q11441238",
        "wikipedia": "ja:大阪府道10号・兵庫県道100号大阪池田線"
      },
      "geometry": {
        "type": "LineString",
        "coordinates": [
          [
            135.453556,
            34.7822278
          ],
          [
            135.4538802,
            34.7818508
          ],
          [
            135.4539133,
            34.7818148
          ],
          [
            135.4544923,
            34.7811315
          ],
          [
            135.4552918,
            34.7801561
          ],
          [
            135.4556805,
            34.7796503
          ],
          [
            135.4559941,
            34.7792017
          ],
          [
            135.4567942,
            34.7782268
          ],
          [
            135.457054,
            34.7778682
          ],
          [
            135.4572436,
            34.7775844
          ],
          [
            135.4574119,
            34.7772903
          ],
          [
            135.457455,
            34.7772025
          ],
          [
            135.4574923,
            34.7771239
          ],
          [
            135.4575511,
            34.7769968
          ],
          [
            135.4576731,
            34.7766681
          ],
          [
            135.4577844,
            34.7762691
          ],
          [
            135.4578473,
            34.7760531
          ],
          [
            135.457868,
            34.7759792
          ],
          [
            135.4580903,
            34.7751621
          ],
          [
            135.4581091,
            34.7751019
          ],
          [
            135.4586413,
            34.773299
          ],
          [
            135.4586642,
            34.7732139
          ],
          [
            135.4586852,
            34.773136
          ],
          [
            135.4588079,
            34.7726566
          ],
          [
            135.459149,
            34.7713804
          ],
          [
            135.4594081,
            34.770451
          ],
          [
            135.4596685,
            34.769531
          ],
          [
            135.4599455,
            34.7685204
          ],
          [
            135.4601964,
            34.7675975
          ],
          [
            135.4607216,
            34.7657011
          ],
          [
            135.4610356,
            34.7645113
          ],
          [
            135.4611113,
            34.764196
          ],
          [
            135.4612022,
            34.763704
          ],
          [
            135.4612088,
            34.7636683
          ],
          [
            135.4612172,
            34.7636182
          ],
          [
            135.4615269,
            34.7617802
          ],
          [
            135.4615966,
            34.7614323
          ],
          [
            135.4617498,
            34.7608986
          ],
          [
            135.4618506,
            34.7603412
          ],
          [
            135.4619599,
            34.7597125
          ],
          [
            135.4620673,
            34.7590914
          ],
          [
            135.4620996,
            34.7587424
          ],
          [
            135.4622335,
            34.7579708
          ],
          [
            135.4622442,
            34.7578755
          ],
          [
            135.4623944,
            34.7568324
          ],
          [
            135.4625603,
            34.7558567
          ],
          [
            135.4626694,
            34.7552153
          ],
          [
            135.4630998,
            34.7527796
          ],
          [
            135.4631675,
            34.7524314
          ],
          [
            135.4632005,
            34.7523406
          ],
          [
            135.4632252,
            34.7522903
          ],
          [
            135.4632609,
            34.7522442
          ],
          [
            135.4633097,
            34.7521923
          ],
          [
            135.4633586,
            34.7521525
          ],
          [
            135.4634214,
            34.752108
          ],
          [
            135.4635059,
            34.7520604
          ],
          [
            135.4637979,
            34.7519211
          ],
          [
            135.4644877,
            34.7515801
          ]
        ]
      },
      "id": "way/252982228"
    },
    {
      "type": "Feature",
      "properties": {
        "@id": "way/253000947",
        "highway": "trunk",
        "lanes": "2",
        "maxspeed": "40",
        "motorroad": "no",
        "name": "国道176号",
        "name:en": "National Highway Route 176",
        "name:ja": "国道176号",
        "ref": "176",
        "source": "GSImaps/std",
        "surface": "asphalt"
      },
      "geometry": {
        "type": "LineString",
        "coordinates": [
          [
            135.4483098,
            34.8006086
          ],
          [
            135.4484202,
            34.8000826
          ]
        ]
      },
      "id": "way/253000947"
    },
    {
      "type": "Feature",
      "properties": {
        "@id": "way/253000948",
        "highway": "trunk",
        "lanes": "2",
        "maxspeed": "40",
        "motorroad": "no",
        "name": "国道176号",
        "name:en": "National Highway Route 176",
        "name:ja": "国道176号",
        "ref": "176",
        "source": "GSImaps/std",
        "surface": "asphalt"
      },
      "geometry": {
        "type": "LineString",
        "coordinates": [
          [
            135.4484202,
            34.8000826
          ],
          [
            135.4484404,
            34.7999888
          ],
          [
            135.4485959,
            34.7992223
          ],
          [
            135.4487549,
            34.7984511
          ],
          [
            135.4489164,
            34.7976709
          ],
          [
            135.4489481,
            34.797513
          ],
          [
            135.4489647,
            34.7974277
          ]
        ]
      },
      "id": "way/253000948"
    },
    {
      "type": "Feature",
      "properties": {
        "@id": "way/253000950",
        "highway": "primary",
        "lanes": "3",
        "maxspeed": "60",
        "name": "大阪中央環状線",
        "name:en": "Osaka Central Outer Ring Road",
        "name:ja": "大阪中央環状線",
        "name:ja-Hira": "おおさかちゅうおうかんじょうせん",
        "name:ja-Latn": "Ōsaka Chūō Kanjō-sen",
        "oneway": "yes",
        "ref": "2",
        "surface": "asphalt",
        "wikidata": "Q11441371",
        "wikipedia": "ja:大阪府道2号大阪中央環状線"
      },
      "geometry": {
        "type": "LineString",
        "coordinates": [
          [
            135.4506193,
            34.8009254
          ],
          [
            135.4512181,
            34.8010468
          ],
          [
            135.4515237,
            34.8011037
          ],
          [
            135.4516878,
            34.8011311
          ],
          [
            135.4517611,
            34.8011456
          ],
          [
            135.4523491,
            34.801262
          ],
          [
            135.4523888,
            34.8012699
          ],
          [
            135.4529818,
            34.8013521
          ],
          [
            135.4535208,
            34.801387
          ],
          [
            135.4538607,
            34.8013906
          ],
          [
            135.4542252,
            34.8013815
          ],
          [
            135.4544284,
            34.801369
          ],
          [
            135.4544418,
            34.8013668
          ],
          [
            135.4545381,
            34.8013608
          ],
          [
            135.4546176,
            34.801355
          ],
          [
            135.4549957,
            34.8013069
          ],
          [
            135.4551011,
            34.8012889
          ],
          [
            135.4553335,
            34.8012493
          ],
          [
            135.4556825,
            34.8011754
          ],
          [
            135.4560786,
            34.8010802
          ],
          [
            135.4565109,
            34.8009581
          ],
          [
            135.4568469,
            34.8008583
          ],
          [
            135.4574823,
            34.800676
          ],
          [
            135.4581222,
            34.8004971
          ],
          [
            135.458853,
            34.8002925
          ],
          [
            135.4589202,
            34.8002734
          ],
          [
            135.4592223,
            34.8001876
          ],
          [
            135.4594088,
            34.8001403
          ]
        ]
      },
      "id": "way/253000950"
    },
    {
      "type": "Feature",
      "properties": {
        "@id": "way/255182836",
        "highway": "trunk",
        "lanes": "2",
        "maxspeed": "50",
        "name": "国道171号",
        "name:en": "National Highway Route 171",
        "name:ja": "国道171号",
        "oneway": "yes",
        "oneway:bicycle": "yes",
        "ref": "171;423",
        "source": "GSImaps/std",
        "surface": "asphalt"
      },
      "geometry": {
        "type": "LineString",
        "coordinates": [
          [
            135.4539544,
            34.8116829
          ],
          [
            135.4538187,
            34.8115879
          ],
          [
            135.4531697,
            34.8113587
          ],
          [
            135.4525836,
            34.8111472
          ],
          [
            135.4524997,
            34.8111196
          ]
        ]
      },
      "id": "way/255182836"
    },
    {
      "type": "Feature",
      "properties": {
        "@id": "way/255198553",
        "bicycle": "no",
        "foot": "no",
        "highway": "trunk",
        "lanes": "2",
        "name": "国道171号",
        "name:en": "National Highway Route 171",
        "name:ja": "国道171号",
        "oneway": "yes",
        "ref": "171",
        "source": "GSImaps/std",
        "surface": "asphalt"
      },
      "geometry": {
        "type": "LineString",
        "coordinates": [
          [
            135.4524997,
            34.8111196
          ],
          [
            135.4520384,
            34.8109926
          ],
          [
            135.4516243,
            34.8108833
          ],
          [
            135.4511342,
            34.8107807
          ],
          [
            135.4507757,
            34.8107247
          ],
          [
            135.4505178,
            34.8106925
          ],
          [
            135.4501384,
            34.8106543
          ]
        ]
      },
      "id": "way/255198553"
    },
    {
      "type": "Feature",
      "properties": {
        "@id": "way/255198554",
        "highway": "trunk",
        "lanes": "2",
        "maxspeed": "50",
        "name": "国道171号",
        "name:en": "National Highway Route 171",
        "name:ja": "国道171号",
        "oneway": "yes",
        "oneway:bicycle": "yes",
        "ref": "171;423",
        "source": "GSImaps/std",
        "surface": "asphalt"
      },
      "geometry": {
        "type": "LineString",
        "coordinates": [
          [
            135.4526547,
            34.8112852
          ],
          [
            135.453108,
            34.811439
          ],
          [
            135.4537775,
            34.8116749
          ],
          [
            135.4539544,
            34.8116829
          ]
        ]
      },
      "id": "way/255198554"
    },
    {
      "type": "Feature",
      "properties": {
        "@id": "way/257621542",
        "highway": "primary",
        "name": "旧大阪中央環状線",
        "name:en": "Old Osaka Central Outer Ring Road",
        "name:ja": "旧大阪中央環状線",
        "name:ja-Hira": "きゅうおおさかちゅうおうかんじょうせん",
        "name:ja-Latn": "Kyū Ōsaka Chūō Kanjō-sen",
        "ref": "2",
        "source": "YahooJapan/ALPSMAP",
        "surface": "asphalt",
        "wikidata": "Q11441371",
        "wikipedia": "ja:大阪府道2号大阪中央環状線"
      },
      "geometry": {
        "type": "LineString",
        "coordinates": [
          [
            135.503651,
            34.8050201
          ],
          [
            135.5032431,
            34.8049367
          ]
        ]
      },
      "id": "way/257621542"
    },
    {
      "type": "Feature",
      "properties": {
        "@id": "way/257621543",
        "highway": "primary",
        "lanes": "3",
        "maxspeed": "60",
        "name": "大阪中央環状線",
        "name:en": "Osaka Central Outer Ring Road",
        "name:ja": "大阪中央環状線",
        "name:ja-Hira": "おおさかちゅうおうかんじょうせん",
        "name:ja-Latn": "Ōsaka Chūō Kanjō-sen",
        "oneway": "yes",
        "ref": "2",
        "surface": "asphalt",
        "wikidata": "Q11441371",
        "wikipedia": "ja:大阪府道2号大阪中央環状線"
      },
      "geometry": {
        "type": "LineString",
        "coordinates": [
          [
            135.4993788,
            34.8074305
          ],
          [
            135.4999605,
            34.807474
          ]
        ]
      },
      "id": "way/257621543"
    },
    {
      "type": "Feature",
      "properties": {
        "@id": "way/257621563",
        "highway": "primary",
        "name": "旧大阪中央環状線",
        "name:en": "Old Osaka Central Outer Ring Road",
        "name:ja": "旧大阪中央環状線",
        "name:ja-Hira": "きゅうおおさかちゅうおうかんじょうせん",
        "name:ja-Latn": "Kyū Ōsaka Chūō Kanjō-sen",
        "ref": "2",
        "surface": "asphalt",
        "wikidata": "Q11441371",
        "wikipedia": "ja:大阪府道2号大阪中央環状線"
      },
      "geometry": {
        "type": "LineString",
        "coordinates": [
          [
            135.5091936,
            34.8061303
          ],
          [
            135.5086044,
            34.8061938
          ],
          [
            135.5085931,
            34.806195
          ],
          [
            135.5085294,
            34.8062001
          ],
          [
            135.5084865,
            34.8061982
          ],
          [
            135.5084483,
            34.8061897
          ],
          [
            135.5084049,
            34.8061721
          ],
          [
            135.5076972,
            34.805844
          ]
        ]
      },
      "id": "way/257621563"
    },
    {
      "type": "Feature",
      "properties": {
        "@id": "way/257621566",
        "highway": "primary",
        "name": "旧大阪中央環状線",
        "name:en": "Old Osaka Central Outer Ring Road",
        "name:ja": "旧大阪中央環状線",
        "name:ja-Hira": "きゅうおおさかちゅうおうかんじょうせん",
        "name:ja-Latn": "Kyū Ōsaka Chūō Kanjō-sen",
        "ref": "2",
        "surface": "asphalt",
        "wikidata": "Q11441371",
        "wikipedia": "ja:大阪府道2号大阪中央環状線"
      },
      "geometry": {
        "type": "LineString",
        "coordinates": [
          [
            135.5076972,
            34.805844
          ],
          [
            135.5074782,
            34.8057492
          ],
          [
            135.5068104,
            34.8054469
          ]
        ]
      },
      "id": "way/257621566"
    },
    {
      "type": "Feature",
      "properties": {
        "@id": "way/257621571",
        "highway": "trunk",
        "lanes": "1",
        "maxspeed": "40",
        "name": "国道423号",
        "oneway": "yes",
        "ref": "423",
        "source": "GSImaps/std",
        "surface": "paved"
      },
      "geometry": {
        "type": "LineString",
        "coordinates": [
          [
            135.4930395,
            34.8089155
          ],
          [
            135.4930805,
            34.8092239
          ],
          [
            135.4931033,
            34.8093885
          ],
          [
            135.4931223,
            34.8095098
          ],
          [
            135.4932067,
            34.8102245
          ],
          [
            135.4932696,
            34.8108673
          ],
          [
            135.4933101,
            34.8113883
          ],
          [
            135.4933233,
            34.8117377
          ],
          [
            135.493328,
            34.8118571
          ],
          [
            135.4933258,
            34.8119582
          ],
          [
            135.493305,
            34.8123056
          ],
          [
            135.493295,
            34.8124286
          ]
        ]
      },
      "id": "way/257621571"
    },
    {
      "type": "Feature",
      "properties": {
        "@id": "way/258286601",
        "highway": "primary",
        "lanes": "2",
        "maxspeed": "60",
        "name": "大阪池田線",
        "name:en": "Osaka Ikeda Line",
        "name:ja": "大阪池田線",
        "name:ja-Hira": "おおさかいけだせん",
        "name:ja-Latn": "Ōsaka Ikeda-sen",
        "oneway": "yes",
        "ref": "10",
        "surface": "asphalt",
        "wikidata": "Q11441238",
        "wikipedia": "ja:大阪府道10号・兵庫県道100号大阪池田線"
      },
      "geometry": {
        "type": "LineString",
        "coordinates": [
          [
            135.4432492,
            34.795221
          ],
          [
            135.4433323,
            34.7950264
          ],
          [
            135.4436614,
            34.7944379
          ],
          [
            135.4438303,
            34.7941286
          ],
          [
            135.4442282,
            34.793465
          ],
          [
            135.4444107,
            34.793205
          ],
          [
            135.4447711,
            34.7927286
          ],
          [
            135.4448817,
            34.7925874
          ],
          [
            135.4451123,
            34.7923138
          ]
        ]
      },
      "id": "way/258286601"
    },
    {
      "type": "Feature",
      "properties": {
        "@id": "way/258286606",
        "highway": "primary",
        "lanes": "3",
        "maxspeed": "40",
        "name": "大阪池田線",
        "name:en": "Osaka Ikeda Line",
        "name:ja": "大阪池田線",
        "name:ja-Hira": "おおさかいけだせん",
        "name:ja-Latn": "Ōsaka Ikeda-sen",
        "oneway": "yes",
        "ref": "10",
        "source": "NRPB of MLIT Japan",
        "source:ja": "国土画像情報（オルソ化空中写真）国土交通省",
        "surface": "asphalt",
        "wikidata": "Q11441238",
        "wikipedia": "ja:大阪府道10号・兵庫県道100号大阪池田線"
      },
      "geometry": {
        "type": "LineString",
        "coordinates": [
          [
            135.4430226,
            34.79513
          ],
          [
            135.4429445,
            34.7952309
          ],
          [
            135.4428869,
            34.7953053
          ],
          [
            135.4428391,
            34.7953904
          ],
          [
            135.4427692,
            34.7955144
          ],
          [
            135.4426963,
            34.7956371
          ],
          [
            135.4424522,
            34.7960231
          ],
          [
            135.4422725,
            34.7962853
          ],
          [
            135.4420677,
            34.7965707
          ],
          [
            135.4419831,
            34.7966972
          ],
          [
            135.4418741,
            34.7968448
          ],
          [
            135.4418364,
            34.7969594
          ]
        ]
      },
      "id": "way/258286606"
    },
    {
      "type": "Feature",
      "properties": {
        "@id": "way/258286610",
        "highway": "primary",
        "lanes": "2",
        "maxspeed": "40",
        "name": "大阪池田線",
        "name:en": "Osaka Ikeda Line",
        "name:ja": "大阪池田線",
        "name:ja-Hira": "おおさかいけだせん",
        "name:ja-Latn": "Ōsaka Ikeda-sen",
        "oneway": "yes",
        "ref": "10",
        "surface": "asphalt",
        "wikidata": "Q11441238",
        "wikipedia": "ja:大阪府道10号・兵庫県道100号大阪池田線"
      },
      "geometry": {
        "type": "LineString",
        "coordinates": [
          [
            135.4415637,
            34.7975947
          ],
          [
            135.4416835,
            34.7974509
          ],
          [
            135.4417922,
            34.7973673
          ],
          [
            135.4418314,
            34.7973233
          ],
          [
            135.4421008,
            34.7970215
          ],
          [
            135.4423526,
            34.7966763
          ],
          [
            135.442474,
            34.7965071
          ],
          [
            135.442659,
            34.7962374
          ],
          [
            135.4428233,
            34.7959928
          ],
          [
            135.4429798,
            34.7957428
          ],
          [
            135.4432018,
            34.7953322
          ],
          [
            135.4432492,
            34.795221
          ]
        ]
      },
      "id": "way/258286610"
    },
    {
      "type": "Feature",
      "properties": {
        "@id": "way/258414139",
        "highway": "trunk",
        "lanes": "2",
        "name": "国道171号",
        "name:en": "National Highway Route 171",
        "name:ja": "国道171号",
        "oneway": "yes",
        "oneway:bicycle": "yes",
        "ref": "171",
        "source": "GSImaps/std",
        "surface": "asphalt"
      },
      "geometry": {
        "type": "LineString",
        "coordinates": [
          [
            135.4350096,
            34.8110217
          ],
          [
            135.435147,
            34.8110196
          ],
          [
            135.4355277,
            34.8110165
          ],
          [
            135.4358871,
            34.8110033
          ],
          [
            135.4362368,
            34.8109982
          ],
          [
            135.4372427,
            34.8109847
          ],
          [
            135.438548,
            34.8109683
          ],
          [
            135.4385933,
            34.8109675
          ],
          [
            135.4392841,
            34.8109689
          ],
          [
            135.4396449,
            34.8109697
          ],
          [
            135.4398783,
            34.8109702
          ],
          [
            135.4400287,
            34.8109675
          ],
          [
            135.4401421,
            34.8109654
          ],
          [
            135.4403587,
            34.8109616
          ],
          [
            135.4408896,
            34.8109505
          ]
        ]
      },
      "id": "way/258414139"
    },
    {
      "type": "Feature",
      "properties": {
        "@id": "way/258414140",
        "highway": "trunk",
        "lanes": "2",
        "name": "国道171号",
        "name:en": "National Highway Route 171",
        "name:ja": "国道171号",
        "oneway": "yes",
        "ref": "171",
        "source": "GSImaps/std",
        "surface": "asphalt"
      },
      "geometry": {
        "type": "LineString",
        "coordinates": [
          [
            135.4350076,
            34.8109374
          ],
          [
            135.4348695,
            34.81094
          ],
          [
            135.4326812,
            34.8109664
          ],
          [
            135.432124,
            34.8109928
          ],
          [
            135.43157,
            34.8109991
          ]
        ]
      },
      "id": "way/258414140"
    },
    {
      "type": "Feature",
      "properties": {
        "@id": "way/258462091",
        "highway": "trunk",
        "lanes": "2",
        "name": "国道171号",
        "name:en": "National Highway Route 171",
        "name:ja": "国道171号",
        "oneway": "yes",
        "oneway:bicycle": "yes",
        "ref": "171",
        "source": "GSImaps/std",
        "surface": "asphalt"
      },
      "geometry": {
        "type": "LineString",
        "coordinates": [
          [
            135.431408,
            34.8082999
          ],
          [
            135.4314043,
            34.8081925
          ],
          [
            135.4313957,
            34.8078612
          ],
          [
            135.4313452,
            34.8066096
          ],
          [
            135.431294,
            34.8056293
          ],
          [
            135.4312399,
            34.8043828
          ]
        ]
      },
      "id": "way/258462091"
    },
    {
      "type": "Feature",
      "properties": {
        "@id": "way/258462093",
        "highway": "trunk",
        "lanes": "2",
        "name": "国道171号",
        "name:en": "National Highway Route 171",
        "name:ja": "国道171号",
        "oneway": "yes",
        "ref": "171",
        "source": "GSImaps/std",
        "surface": "asphalt"
      },
      "geometry": {
        "type": "LineString",
        "coordinates": [
          [
            135.43157,
            34.8109991
          ],
          [
            135.4315607,
            34.8107164
          ],
          [
            135.4315459,
            34.8104195
          ],
          [
            135.4314797,
            34.8093573
          ],
          [
            135.4314467,
            34.8089959
          ],
          [
            135.4314139,
            34.8084145
          ],
          [
            135.431408,
            34.8082999
          ]
        ]
      },
      "id": "way/258462093"
    },
    {
      "type": "Feature",
      "properties": {
        "@id": "way/258462094",
        "highway": "trunk",
        "lanes": "2",
        "name": "国道171号",
        "name:en": "National Highway Route 171",
        "name:ja": "国道171号",
        "oneway": "yes",
        "ref": "171",
        "source": "GSImaps/std",
        "surface": "asphalt"
      },
      "geometry": {
        "type": "LineString",
        "coordinates": [
          [
            135.4314118,
            34.8110832
          ],
          [
            135.4315729,
            34.811085
          ],
          [
            135.4321448,
            34.8110743
          ],
          [
            135.4324095,
            34.8110605
          ],
          [
            135.4326213,
            34.811042
          ],
          [
            135.4327154,
            34.8110401
          ],
          [
            135.4348717,
            34.8110237
          ],
          [
            135.4350096,
            34.8110217
          ]
        ]
      },
      "id": "way/258462094"
    },
    {
      "type": "Feature",
      "properties": {
        "@id": "way/258462095",
        "highway": "trunk",
        "lanes": "2",
        "name": "国道171号",
        "name:en": "National Highway Route 171",
        "name:ja": "国道171号",
        "oneway": "yes",
        "oneway:bicycle": "yes",
        "ref": "171",
        "source": "GSImaps/std",
        "surface": "asphalt"
      },
      "geometry": {
        "type": "LineString",
        "coordinates": [
          [
            135.4311902,
            34.8057417
          ],
          [
            135.4312416,
            34.8067016
          ],
          [
            135.4312528,
            34.8070042
          ],
          [
            135.431303,
            34.807859
          ],
          [
            135.4313152,
            34.808197
          ],
          [
            135.4313189,
            34.8083014
          ]
        ]
      },
      "id": "way/258462095"
    },
    {
      "type": "Feature",
      "properties": {
        "@id": "way/258462096",
        "highway": "trunk",
        "lanes": "2",
        "name": "国道171号",
        "name:en": "National Highway Route 171",
        "name:ja": "国道171号",
        "oneway": "yes",
        "ref": "171",
        "source": "GSImaps/std",
        "surface": "asphalt"
      },
      "geometry": {
        "type": "LineString",
        "coordinates": [
          [
            135.4313189,
            34.8083014
          ],
          [
            135.4313247,
            34.8084187
          ],
          [
            135.4313633,
            34.809273
          ],
          [
            135.4313743,
            34.8096941
          ],
          [
            135.4313686,
            34.8102184
          ],
          [
            135.431397,
            34.8107995
          ],
          [
            135.4314075,
            34.8110011
          ],
          [
            135.4314118,
            34.8110832
          ]
        ]
      },
      "id": "way/258462096"
    },
    {
      "type": "Feature",
      "properties": {
        "@id": "way/258462097",
        "highway": "trunk",
        "lanes": "2",
        "name": "国道171号",
        "name:en": "National Highway Route 171",
        "name:ja": "国道171号",
        "oneway": "yes",
        "ref": "171",
        "source": "GSImaps/std",
        "surface": "asphalt"
      },
      "geometry": {
        "type": "LineString",
        "coordinates": [
          [
            135.4310751,
            34.800795
          ],
          [
            135.4304533,
            34.8005014
          ],
          [
            135.4300118,
            34.8003797
          ],
          [
            135.4297332,
            34.8003029
          ]
        ]
      },
      "id": "way/258462097"
    },
    {
      "type": "Feature",
      "properties": {
        "@id": "way/258860512",
        "highway": "primary",
        "lanes": "3",
        "maxspeed": "60",
        "name": "大阪中央環状線",
        "name:en": "Osaka Central Outer Ring Road",
        "name:ja": "大阪中央環状線",
        "name:ja-Hira": "おおさかちゅうおうかんじょうせん",
        "name:ja-Latn": "Ōsaka Chūō Kanjō-sen",
        "oneway": "yes",
        "ref": "2",
        "surface": "asphalt",
        "wikidata": "Q11441371",
        "wikipedia": "ja:大阪府道2号大阪中央環状線"
      },
      "geometry": {
        "type": "LineString",
        "coordinates": [
          [
            135.5003179,
            34.8071289
          ],
          [
            135.4999628,
            34.8071096
          ],
          [
            135.4995622,
            34.8070793
          ],
          [
            135.4994392,
            34.8070685
          ],
          [
            135.4987778,
            34.8070099
          ],
          [
            135.4977699,
            34.8069292
          ]
        ]
      },
      "id": "way/258860512"
    },
    {
      "type": "Feature",
      "properties": {
        "@id": "way/258860513",
        "highway": "primary",
        "lanes": "3",
        "maxspeed": "60",
        "name": "大阪中央環状線",
        "name:en": "Osaka Central Outer Ring Road",
        "name:fr": "Route circulaire centrale d'Osaka",
        "name:ja": "大阪中央環状線",
        "name:ja-Hira": "おおさかちゅうおうかんじょうせん",
        "name:ja-Latn": "Ōsaka Chūō Kanjō-sen",
        "oneway": "yes",
        "ref": "2",
        "surface": "asphalt",
        "wikidata": "Q11441371",
        "wikipedia": "ja:大阪府道2号大阪中央環状線"
      },
      "geometry": {
        "type": "LineString",
        "coordinates": [
          [
            135.5086142,
            34.806772
          ],
          [
            135.5132035,
            34.8062666
          ],
          [
            135.5137329,
            34.8062144
          ],
          [
            135.514276,
            34.8061638
          ],
          [
            135.5148043,
            34.8061218
          ],
          [
            135.5154042,
            34.8060956
          ],
          [
            135.5162135,
            34.8060926
          ],
          [
            135.5164585,
            34.8061003
          ],
          [
            135.5167142,
            34.806113
          ],
          [
            135.5173408,
            34.8061658
          ],
          [
            135.5177525,
            34.8062234
          ],
          [
            135.5179761,
            34.8062574
          ],
          [
            135.5183139,
            34.8063109
          ],
          [
            135.5187478,
            34.8063968
          ]
        ]
      },
      "id": "way/258860513"
    },
    {
      "type": "Feature",
      "properties": {
        "@id": "way/263297398",
        "highway": "primary",
        "lanes": "2",
        "layer": "-1",
        "maxspeed": "50",
        "name": "尼崎池田線",
        "name:en": "Amagasaki Ikeda Line",
        "name:ja": "尼崎池田線",
        "name:ja-Hira": "あまがさきいけだせん",
        "name:ja_rm": "Amagasaki Ikeda-sen",
        "oneway": "yes",
        "ref": "13",
        "source": "Bing,2006-06",
        "surface": "paved",
        "tunnel": "yes",
        "tunnel:name": "伊丹坂トンネル"
      },
      "geometry": {
        "type": "LineString",
        "coordinates": [
          [
            135.4168317,
            34.7911841
          ],
          [
            135.4167573,
            34.7915499
          ]
        ]
      },
      "id": "way/263297398"
    },
    {
      "type": "Feature",
      "properties": {
        "@id": "way/268834902",
        "highway": "primary",
        "lanes": "2",
        "maxspeed": "50",
        "name": "尼崎池田線",
        "name:en": "Amagasaki Ikeda Line",
        "name:ja": "尼崎池田線",
        "name:ja-Hira": "あまがさきいけだせん",
        "name:ja_rm": "Amagasaki Ikeda-sen",
        "oneway": "yes",
        "ref": "13;41",
        "sidewalk": "left",
        "source": "Bing,2006-06",
        "surface": "asphalt",
        "wikidata": "Q11393188",
        "wikipedia": "ja:兵庫県道13号尼崎池田線"
      },
      "geometry": {
        "type": "LineString",
        "coordinates": [
          [
            135.4199092,
            34.7690649
          ],
          [
            135.4201542,
            34.7679525
          ],
          [
            135.4202485,
            34.7675335
          ],
          [
            135.420291,
            34.7673154
          ],
          [
            135.420314,
            34.7670807
          ],
          [
            135.4203252,
            34.7668098
          ],
          [
            135.4203433,
            34.7664539
          ],
          [
            135.4203487,
            34.7662828
          ],
          [
            135.4203526,
            34.7661386
          ]
        ]
      },
      "id": "way/268834902"
    },
    {
      "type": "Feature",
      "properties": {
        "@id": "way/268834912",
        "highway": "primary",
        "lanes": "2",
        "name": "伊丹停車場線",
        "name:en": "Itami Station Line",
        "name:ja": "伊丹停車場線",
        "name:ja-Hira": "いたみていしゃじょうせん",
        "name:ja_rm": "Itami teishajō-sen",
        "ref": "55",
        "surface": "asphalt"
      },
      "geometry": {
        "type": "LineString",
        "coordinates": [
          [
            135.4213439,
            34.7807013
          ],
          [
            135.4213464,
            34.7806161
          ]
        ]
      },
      "id": "way/268834912"
    },
    {
      "type": "Feature",
      "properties": {
        "@id": "way/271047917",
        "highway": "primary",
        "lanes": "2",
        "maxspeed": "50",
        "name": "尼崎池田線",
        "name:en": "Amagasaki Ikeda Line",
        "name:ja": "尼崎池田線",
        "name:ja-Hira": "あまがさきいけだせん",
        "name:ja_rm": "Amagasaki Ikeda-sen",
        "oneway": "yes",
        "ref": "13;41",
        "sidewalk": "left",
        "source": "Bing,2006-06",
        "surface": "asphalt",
        "wikidata": "Q11393188",
        "wikipedia": "ja:兵庫県道13号尼崎池田線"
      },
      "geometry": {
        "type": "LineString",
        "coordinates": [
          [
            135.4196423,
            34.7697948
          ],
          [
            135.419606,
            34.7700117
          ],
          [
            135.4194867,
            34.7705548
          ],
          [
            135.4193717,
            34.771076
          ],
          [
            135.4192504,
            34.771619
          ],
          [
            135.4191434,
            34.7721219
          ],
          [
            135.4190336,
            34.7726125
          ],
          [
            135.4189217,
            34.7731306
          ],
          [
            135.4188147,
            34.7736273
          ],
          [
            135.4187367,
            34.7741187
          ],
          [
            135.4186555,
            34.7746762
          ],
          [
            135.4185871,
            34.775249
          ],
          [
            135.4185166,
            34.7758173
          ],
          [
            135.4184372,
            34.7763857
          ],
          [
            135.4183617,
            34.7769464
          ],
          [
            135.418247,
            34.7777915
          ],
          [
            135.418224,
            34.7779384
          ],
          [
            135.4181188,
            34.7786377
          ],
          [
            135.4180814,
            34.7789096
          ],
          [
            135.4179641,
            34.7798161
          ],
          [
            135.4179465,
            34.7799078
          ]
        ]
      },
      "id": "way/271047917"
    },
    {
      "type": "Feature",
      "properties": {
        "@id": "way/271047925",
        "highway": "trunk",
        "lanes": "2",
        "maxspeed": "50",
        "name": "国道176号",
        "name:en": "National Highway Route 176",
        "name:ja": "国道176号",
        "oneway": "yes",
        "ref": "176",
        "source": "Bing 2012;GSImaps/std",
        "surface": "asphalt"
      },
      "geometry": {
        "type": "LineString",
        "coordinates": [
          [
            135.4040245,
            34.8114302
          ],
          [
            135.4054178,
            34.811443
          ],
          [
            135.4058663,
            34.8114393
          ],
          [
            135.4069196,
            34.8114309
          ]
        ]
      },
      "id": "way/271047925"
    },
    {
      "type": "Feature",
      "properties": {
        "@id": "way/271048503",
        "highway": "primary",
        "lanes": "2",
        "maxspeed": "50",
        "name": "尼崎池田線",
        "name:en": "Amagasaki Ikeda Line",
        "name:ja": "尼崎池田線",
        "name:ja-Hira": "あまがさきいけだせん",
        "name:ja_rm": "Amagasaki Ikeda-sen",
        "oneway": "yes",
        "ref": "13",
        "source": "Bing,2006-06",
        "surface": "asphalt"
      },
      "geometry": {
        "type": "LineString",
        "coordinates": [
          [
            135.4170818,
            34.7865865
          ],
          [
            135.4170772,
            34.7867031
          ],
          [
            135.417045,
            34.7874798
          ],
          [
            135.417017,
            34.7879114
          ],
          [
            135.4169964,
            34.7882302
          ],
          [
            135.4169815,
            34.7884597
          ],
          [
            135.4169413,
            34.7894113
          ],
          [
            135.4169347,
            34.7895463
          ],
          [
            135.4168928,
            34.7903997
          ],
          [
            135.4168923,
            34.7904778
          ],
          [
            135.4168896,
            34.7905088
          ],
          [
            135.4168317,
            34.7911841
          ]
        ]
      },
      "id": "way/271048503"
    },
    {
      "type": "Feature",
      "properties": {
        "@id": "way/271048504",
        "highway": "primary",
        "lanes": "2",
        "maxspeed": "50",
        "name": "尼崎池田線",
        "name:en": "Amagasaki Ikeda Line",
        "name:ja": "尼崎池田線",
        "name:ja-Hira": "あまがさきいけだせん",
        "name:ja_rm": "Amagasaki Ikeda-sen",
        "oneway": "yes",
        "ref": "13",
        "source": "Bing,2006-06",
        "surface": "asphalt",
        "wikidata": "Q11393188",
        "wikipedia": "ja:兵庫県道13号尼崎池田線"
      },
      "geometry": {
        "type": "LineString",
        "coordinates": [
          [
            135.417188,
            34.786584
          ],
          [
            135.4172102,
            34.7863704
          ],
          [
            135.4172238,
            34.7862426
          ],
          [
            135.4172321,
            34.7860214
          ],
          [
            135.4172873,
            34.7848258
          ],
          [
            135.4173154,
            34.7842234
          ],
          [
            135.4173353,
            34.7840825
          ],
          [
            135.4173818,
            34.7838006
          ],
          [
            135.4174427,
            34.7834956
          ],
          [
            135.417555,
            34.782984
          ],
          [
            135.4175733,
            34.7828899
          ],
          [
            135.4175876,
            34.7828163
          ]
        ]
      },
      "id": "way/271048504"
    },
    {
      "type": "Feature",
      "properties": {
        "@id": "way/271048505",
        "highway": "primary",
        "lanes": "2",
        "maxheight:signed": "no",
        "maxspeed": "50",
        "name": "尼崎池田線",
        "name:en": "Amagasaki Ikeda Line",
        "name:ja": "尼崎池田線",
        "name:ja-Hira": "あまがさきいけだせん",
        "name:ja_rm": "Amagasaki Ikeda-sen",
        "oneway": "yes",
        "ref": "13;41",
        "sidewalk:left": "separate",
        "sidewalk:right": "no",
        "source": "Bing,2006-06",
        "surface": "asphalt",
        "wikidata": "Q11393188",
        "wikipedia": "ja:兵庫県道13号尼崎池田線"
      },
      "geometry": {
        "type": "LineString",
        "coordinates": [
          [
            135.4179465,
            34.7799078
          ],
          [
            135.4179229,
            34.7800394
          ],
          [
            135.4179141,
            34.7800821
          ],
          [
            135.4177945,
            34.7808773
          ],
          [
            135.417779,
            34.7809845
          ],
          [
            135.4176709,
            34.7817087
          ],
          [
            135.4176421,
            34.781867
          ],
          [
            135.4176297,
            34.781966
          ],
          [
            135.4176113,
            34.7820769
          ],
          [
            135.4175196,
            34.7827024
          ],
          [
            135.4174869,
            34.7828289
          ]
        ]
      },
      "id": "way/271048505"
    },
    {
      "type": "Feature",
      "properties": {
        "@id": "way/271048506",
        "highway": "primary",
        "lanes": "2",
        "maxspeed": "50",
        "name": "尼崎池田線",
        "name:en": "Amagasaki Ikeda Line",
        "name:ja": "尼崎池田線",
        "name:ja-Hira": "あまがさきいけだせん",
        "name:ja_rm": "Amagasaki Ikeda-sen",
        "oneway": "yes",
        "ref": "13;41",
        "sidewalk": "left",
        "source": "Bing,2006-06",
        "surface": "asphalt",
        "wikidata": "Q11393188",
        "wikipedia": "ja:兵庫県道13号尼崎池田線"
      },
      "geometry": {
        "type": "LineString",
        "coordinates": [
          [
            135.4180421,
            34.7799314
          ],
          [
            135.4180622,
            34.7798257
          ],
          [
            135.418151,
            34.7791126
          ],
          [
            135.418188,
            34.7788784
          ],
          [
            135.4182804,
            34.7782676
          ],
          [
            135.4183259,
            34.7779464
          ],
          [
            135.4183465,
            34.7778041
          ],
          [
            135.4184617,
            34.7769551
          ],
          [
            135.4184824,
            34.7768069
          ],
          [
            135.41854,
            34.7763945
          ],
          [
            135.41862,
            34.7758263
          ],
          [
            135.418662,
            34.7755527
          ],
          [
            135.4186905,
            34.7752589
          ],
          [
            135.4187716,
            34.7746856
          ],
          [
            135.4188453,
            34.7741488
          ],
          [
            135.4189043,
            34.773745
          ],
          [
            135.4189232,
            34.7736384
          ],
          [
            135.419024,
            34.7731455
          ],
          [
            135.4191244,
            34.772659
          ],
          [
            135.4191295,
            34.7726225
          ],
          [
            135.4192047,
            34.7722641
          ],
          [
            135.4192322,
            34.7721328
          ],
          [
            135.4192507,
            34.7720516
          ],
          [
            135.4193537,
            34.7716325
          ],
          [
            135.4194769,
            34.7710925
          ],
          [
            135.4195895,
            34.7705638
          ],
          [
            135.419695,
            34.7700334
          ],
          [
            135.4198006,
            34.7694951
          ],
          [
            135.4198282,
            34.7693859
          ],
          [
            135.4199092,
            34.7690649
          ]
        ]
      },
      "id": "way/271048506"
    },
    {
      "type": "Feature",
      "properties": {
        "@id": "way/271048507",
        "highway": "primary",
        "lanes": "2",
        "name": "伊丹停車場線",
        "name:en": "Itami Station Line",
        "name:ja": "伊丹停車場線",
        "name:ja-Hira": "いたみていしゃじょうせん",
        "name:ja_rm": "Itami teishajō-sen",
        "ref": "55",
        "surface": "asphalt",
        "wikidata": "Q11393548",
        "wikipedia": "ja:兵庫県道55号伊丹停車場線"
      },
      "geometry": {
        "type": "LineString",
        "coordinates": [
          [
            135.4180421,
            34.7799314
          ],
          [
            135.4179465,
            34.7799078
          ]
        ]
      },
      "id": "way/271048507"
    },
    {
      "type": "Feature",
      "properties": {
        "@id": "way/278555095",
        "bridge": "yes",
        "highway": "trunk",
        "lanes": "2",
        "layer": "1",
        "maxspeed": "60",
        "name": "国道176号",
        "name:en": "National Highway Route 176",
        "name:ja": "国道176号",
        "oneway": "yes",
        "ref": "176",
        "source": "Bing 2012;GSImaps/std",
        "surface": "asphalt"
      },
      "geometry": {
        "type": "LineString",
        "coordinates": [
          [
            135.4344211,
            34.8029676
          ],
          [
            135.4337451,
            34.8034816
          ],
          [
            135.4334149,
            34.8037568
          ],
          [
            135.433147,
            34.8039867
          ],
          [
            135.4329159,
            34.8041713
          ],
          [
            135.4326663,
            34.8043523
          ],
          [
            135.432366,
            34.8045806
          ],
          [
            135.4321468,
            34.8047836
          ],
          [
            135.4319386,
            34.8049962
          ],
          [
            135.4317468,
            34.8052069
          ],
          [
            135.431451,
            34.805549
          ],
          [
            135.4312365,
            34.8057987
          ],
          [
            135.4310038,
            34.8060521
          ],
          [
            135.4306631,
            34.8063947
          ],
          [
            135.4303171,
            34.8067213
          ],
          [
            135.4299789,
            34.8070286
          ],
          [
            135.4295868,
            34.8073711
          ],
          [
            135.4291455,
            34.8077399
          ],
          [
            135.4287546,
            34.8080299
          ],
          [
            135.4283118,
            34.8083336
          ],
          [
            135.4277653,
            34.8086349
          ],
          [
            135.4273403,
            34.8088468
          ],
          [
            135.4268831,
            34.8090603
          ],
          [
            135.426455,
            34.8092446
          ],
          [
            135.4260504,
            34.8093936
          ],
          [
            135.4256227,
            34.8095365
          ],
          [
            135.4253915,
            34.8096041
          ],
          [
            135.4248979,
            34.8097335
          ],
          [
            135.4244623,
            34.8098366
          ],
          [
            135.4240338,
            34.8099236
          ],
          [
            135.4235243,
            34.8100152
          ],
          [
            135.4229559,
            34.8100996
          ],
          [
            135.4224398,
            34.8101691
          ],
          [
            135.4215244,
            34.8102705
          ],
          [
            135.4210383,
            34.8103222
          ],
          [
            135.4205441,
            34.8103606
          ]
        ]
      },
      "id": "way/278555095"
    },
    {
      "type": "Feature",
      "properties": {
        "@id": "way/286737544",
        "highway": "primary",
        "lanes": "3",
        "maxspeed": "60",
        "name": "大阪中央環状線",
        "name:en": "Osaka Central Outer Ring Road",
        "name:ja": "大阪中央環状線",
        "name:ja-Hira": "おおさかちゅうおうかんじょうせん",
        "name:ja-Latn": "Ōsaka Chūō Kanjō-sen",
        "oneway": "yes",
        "ref": "2",
        "surface": "asphalt",
        "wikidata": "Q11441371",
        "wikipedia": "ja:大阪府道2号大阪中央環状線"
      },
      "geometry": {
        "type": "LineString",
        "coordinates": [
          [
            135.4426596,
            34.8004231
          ],
          [
            135.4433193,
            34.80037
          ],
          [
            135.4439037,
            34.8003383
          ],
          [
            135.4443487,
            34.8003247
          ],
          [
            135.4447029,
            34.8003135
          ],
          [
            135.4450683,
            34.8003131
          ],
          [
            135.4454371,
            34.8003153
          ],
          [
            135.4458207,
            34.8003225
          ],
          [
            135.4460031,
            34.8003285
          ],
          [
            135.4461849,
            34.8003373
          ]
        ]
      },
      "id": "way/286737544"
    },
    {
      "type": "Feature",
      "properties": {
        "@id": "way/293490500",
        "highway": "primary",
        "lanes": "2",
        "name": "大阪池田線",
        "name:en": "Osaka Ikeda Line",
        "name:ja": "大阪池田線",
        "name:ja-Hira": "おおさかいけだせん",
        "name:ja-Latn": "Ōsaka Ikeda-sen",
        "ref": "10",
        "source": "GSImaps/std",
        "surface": "asphalt",
        "wikidata": "Q11441238",
        "wikipedia": "ja:大阪府道10号・兵庫県道100号大阪池田線"
      },
      "geometry": {
        "type": "LineString",
        "coordinates": [
          [
            135.4404575,
            34.8048868
          ],
          [
            135.440604,
            34.8049585
          ],
          [
            135.4406633,
            34.804988
          ],
          [
            135.4409162,
            34.8051019
          ],
          [
            135.4411065,
            34.8051876
          ],
          [
            135.4412955,
            34.8052773
          ],
          [
            135.4415411,
            34.8053939
          ],
          [
            135.4418974,
            34.805559
          ],
          [
            135.441959,
            34.805589
          ],
          [
            135.4421176,
            34.8056614
          ],
          [
            135.4422474,
            34.8057246
          ],
          [
            135.442752,
            34.8059626
          ],
          [
            135.4428329,
            34.8060017
          ],
          [
            135.4432912,
            34.806223
          ],
          [
            135.4433653,
            34.806258
          ]
        ]
      },
      "id": "way/293490500"
    },
    {
      "type": "Feature",
      "properties": {
        "@id": "way/298812223",
        "bridge": "yes",
        "bridge:name": "猪名川大橋",
        "bridge:name:en": "Inagawa-Ohashi Bridge",
        "highway": "trunk",
        "lanes": "2",
        "layer": "2",
        "maxspeed": "60",
        "name": "国道176号",
        "name:en": "National Highway Route 176",
        "name:ja": "国道176号",
        "oneway": "yes",
        "oneway:bicycle": "yes",
        "ref": "176",
        "source": "Bing 2012;GSImaps/std",
        "surface": "asphalt"
      },
      "geometry": {
        "type": "LineString",
        "coordinates": [
          [
            135.4169752,
            34.810998
          ],
          [
            135.4203308,
            34.8107435
          ]
        ]
      },
      "id": "way/298812223"
    },
    {
      "type": "Feature",
      "properties": {
        "@id": "way/298812224",
        "bridge": "yes",
        "highway": "trunk",
        "lanes": "2",
        "layer": "1",
        "maxspeed": "50",
        "name": "国道176号",
        "name:en": "National Highway Route 176",
        "name:ja": "国道176号",
        "oneway": "yes",
        "ref": "176",
        "source": "Bing 2012;GSImaps/std",
        "surface": "asphalt"
      },
      "geometry": {
        "type": "LineString",
        "coordinates": [
          [
            135.4170628,
            34.8106286
          ],
          [
            135.4162157,
            34.8106801
          ],
          [
            135.4133617,
            34.8108277
          ],
          [
            135.4116138,
            34.8108912
          ],
          [
            135.4102054,
            34.8109172
          ]
        ]
      },
      "id": "way/298812224"
    },
    {
      "type": "Feature",
      "properties": {
        "@id": "way/314426577",
        "highway": "trunk",
        "lanes": "2",
        "name": "国道171号",
        "name:en": "National Highway Route 171",
        "name:ja": "国道171号",
        "oneway": "yes",
        "ref": "171",
        "source": "GSImaps/std",
        "surface": "asphalt"
      },
      "geometry": {
        "type": "LineString",
        "coordinates": [
          [
            135.4297332,
            34.8003029
          ],
          [
            135.4296708,
            34.8002887
          ],
          [
            135.4296168,
            34.8002772
          ],
          [
            135.4294052,
            34.8002324
          ],
          [
            135.4287752,
            34.8000989
          ],
          [
            135.4280945,
            34.7999585
          ],
          [
            135.4276972,
            34.7998766
          ]
        ]
      },
      "id": "way/314426577"
    },
    {
      "type": "Feature",
      "properties": {
        "@id": "way/314426578",
        "bridge": "yes",
        "highway": "primary",
        "layer": "1",
        "name": "大阪中央環状線",
        "name:en": "Osaka Central Outer Ring Road",
        "name:ja": "大阪中央環状線",
        "name:ja-Hira": "おおさかちゅうおうかんじょうせん",
        "name:ja-Latn": "Ōsaka Chūō Kanjō-sen",
        "oneway": "yes",
        "ref": "2",
        "source": "NRPB of MLIT Japan",
        "source:ja": "国土画像情報（オルソ化空中写真）国土交通省",
        "surface": "asphalt",
        "wikidata": "Q11441371",
        "wikipedia": "ja:大阪府道2号大阪中央環状線"
      },
      "geometry": {
        "type": "LineString",
        "coordinates": [
          [
            135.4322815,
            34.8005781
          ],
          [
            135.4318375,
            34.8005567
          ],
          [
            135.4308936,
            34.800472
          ],
          [
            135.430704,
            34.8004455
          ]
        ]
      },
      "id": "way/314426578"
    },
    {
      "type": "Feature",
      "properties": {
        "@id": "way/374322237",
        "cycleway": "lane",
        "highway": "primary",
        "lanes": "2",
        "name": "豊中亀岡線",
        "name:en": "Toyonaka Kameoka Line",
        "name:ja": "豊中亀岡線",
        "name:ja-Hira": "とよなかかめおかせん",
        "name:ja-Latn": "Toyonaka Kameoka-sen",
        "ref": "43",
        "surface": "asphalt",
        "wikidata": "Q11441392",
        "wikipedia": "ja:大阪府道・京都府道43号豊中亀岡線"
      },
      "geometry": {
        "type": "LineString",
        "coordinates": [
          [
            135.4740913,
            34.8151834
          ],
          [
            135.4740886,
            34.8152112
          ],
          [
            135.4740785,
            34.8152908
          ],
          [
            135.473956,
            34.8166193
          ],
          [
            135.4737458,
            34.818767
          ],
          [
            135.4737265,
            34.8189429
          ]
        ]
      },
      "id": "way/374322237"
    },
    {
      "type": "Feature",
      "properties": {
        "@id": "way/374322238",
        "bridge": "yes",
        "cycleway": "lane",
        "highway": "primary",
        "lanes": "2",
        "layer": "1",
        "name": "豊中亀岡線",
        "name:en": "Toyonaka Kameoka Line",
        "name:ja": "豊中亀岡線",
        "name:ja-Hira": "とよなかかめおかせん",
        "name:ja-Latn": "Toyonaka Kameoka-sen",
        "ref": "43",
        "surface": "asphalt",
        "wikidata": "Q11441392"
      },
      "geometry": {
        "type": "LineString",
        "coordinates": [
          [
            135.4741134,
            34.814976
          ],
          [
            135.4741111,
            34.8150004
          ],
          [
            135.4740913,
            34.8151834
          ]
        ]
      },
      "id": "way/374322238"
    },
    {
      "type": "Feature",
      "properties": {
        "@id": "way/374333007",
        "highway": "motorway",
        "lanes": "3",
        "maxspeed": "80",
        "name": "名神高速道路",
        "name:en": "Meishin Expressway",
        "name:ja": "名神高速道路",
        "name:ko": "메이신고속도로",
        "name:ru": "Автомагистраль Мэйсин",
        "oneway": "yes",
        "ref": "E1",
        "smoothness": "excellent",
        "source": "Bing 2010",
        "surface": "paved",
        "toll": "yes"
      },
      "geometry": {
        "type": "LineString",
        "coordinates": [
          [
            135.5292436,
            34.7851228
          ],
          [
            135.5289763,
            34.7848736
          ],
          [
            135.527374,
            34.78326
          ],
          [
            135.5262105,
            34.7820717
          ],
          [
            135.5256156,
            34.7814801
          ],
          [
            135.5217492,
            34.7776277
          ],
          [
            135.5215553,
            34.7774333
          ],
          [
            135.5214117,
            34.7772924
          ],
          [
            135.5211893,
            34.7770779
          ],
          [
            135.5209895,
            34.7768912
          ],
          [
            135.5207514,
            34.7766712
          ],
          [
            135.5203046,
            34.7762697
          ],
          [
            135.5198772,
            34.7758983
          ],
          [
            135.5194143,
            34.7755326
          ],
          [
            135.5189835,
            34.7752233
          ],
          [
            135.5187107,
            34.7750423
          ],
          [
            135.5180662,
            34.7746253
          ],
          [
            135.5176056,
            34.7743455
          ],
          [
            135.5168487,
            34.7739419
          ],
          [
            135.5160438,
            34.7735598
          ],
          [
            135.51544,
            34.7733088
          ],
          [
            135.5148602,
            34.7730835
          ],
          [
            135.5140597,
            34.7728099
          ],
          [
            135.5134662,
            34.7726339
          ],
          [
            135.5129909,
            34.7725057
          ]
        ]
      },
      "id": "way/374333007"
    },
    {
      "type": "Feature",
      "properties": {
        "@id": "way/374337127",
        "bridge": "yes",
        "bridge:name": "落合橋",
        "highway": "primary",
        "layer": "1",
        "name": "旧大阪中央環状線",
        "name:en": "Old Osaka Central Outer Ring Road",
        "name:ja": "旧大阪中央環状線",
        "name:ja-Hira": "きゅうおおさかちゅうおうかんじょうせん",
        "name:ja-Latn": "Kyū Ōsaka Chūō Kanjō-sen",
        "ref": "2",
        "source": "YahooJapan/ALPSMAP",
        "surface": "asphalt",
        "wikidata": "Q11441371",
        "wikipedia": "ja:大阪府道2号大阪中央環状線"
      },
      "geometry": {
        "type": "LineString",
        "coordinates": [
          [
            135.49606,
            34.7985557
          ],
          [
            135.4959944,
            34.7984948
          ]
        ]
      },
      "id": "way/374337127"
    },
    {
      "type": "Feature",
      "properties": {
        "@id": "way/374337128",
        "highway": "primary",
        "name": "旧大阪中央環状線",
        "name:en": "Old Osaka Central Outer Ring Road",
        "name:ja": "旧大阪中央環状線",
        "name:ja-Hira": "きゅうおおさかちゅうおうかんじょうせん",
        "name:ja-Latn": "Kyū Ōsaka Chūō Kanjō-sen",
        "ref": "2",
        "source": "YahooJapan/ALPSMAP",
        "surface": "asphalt",
        "wikidata": "Q11441371",
        "wikipedia": "ja:大阪府道2号大阪中央環状線"
      },
      "geometry": {
        "type": "LineString",
        "coordinates": [
          [
            135.5032431,
            34.8049367
          ],
          [
            135.5030932,
            34.8048864
          ],
          [
            135.5028634,
            34.8048305
          ],
          [
            135.502534,
            34.8047504
          ],
          [
            135.5024148,
            34.8047243
          ],
          [
            135.5023657,
            34.8047135
          ],
          [
            135.5022718,
            34.8046871
          ],
          [
            135.5021491,
            34.8046508
          ],
          [
            135.5020854,
            34.8046282
          ],
          [
            135.502037,
            34.8046105
          ],
          [
            135.5019848,
            34.8045864
          ],
          [
            135.5018708,
            34.8045186
          ],
          [
            135.5018058,
            34.8044806
          ],
          [
            135.5017623,
            34.8044514
          ],
          [
            135.5016985,
            34.8043964
          ],
          [
            135.5016287,
            34.8043419
          ],
          [
            135.5015879,
            34.8042966
          ],
          [
            135.5015711,
            34.8042758
          ],
          [
            135.5015404,
            34.8042312
          ],
          [
            135.5015134,
            34.8041811
          ],
          [
            135.5014906,
            34.8041206
          ],
          [
            135.5014759,
            34.8040666
          ],
          [
            135.5014591,
            34.8039802
          ],
          [
            135.5014557,
            34.8039655
          ],
          [
            135.5014523,
            34.8039484
          ],
          [
            135.5014417,
            34.8038915
          ],
          [
            135.5014148,
            34.8037544
          ],
          [
            135.5013903,
            34.8036198
          ],
          [
            135.5013673,
            34.8035289
          ],
          [
            135.5013505,
            34.8033877
          ],
          [
            135.501313,
            34.8032489
          ],
          [
            135.5012562,
            34.8031398
          ],
          [
            135.5011553,
            34.8030067
          ],
          [
            135.5011238,
            34.8029785
          ],
          [
            135.5006278,
            34.8025338
          ],
          [
            135.5000433,
            34.8020148
          ],
          [
            135.4996377,
            34.8016642
          ],
          [
            135.4995861,
            34.8016196
          ],
          [
            135.4995027,
            34.8015483
          ],
          [
            135.4992688,
            34.8013501
          ],
          [
            135.4992223,
            34.8013107
          ],
          [
            135.4991403,
            34.801237
          ],
          [
            135.4990856,
            34.8011912
          ],
          [
            135.4990458,
            34.8011622
          ],
          [
            135.4989968,
            34.8011374
          ],
          [
            135.4989459,
            34.8011142
          ],
          [
            135.4988878,
            34.8010951
          ],
          [
            135.4988352,
            34.8010845
          ],
          [
            135.498746,
            34.801068
          ],
          [
            135.4986971,
            34.8010575
          ],
          [
            135.4986719,
            34.8010552
          ],
          [
            135.498645,
            34.8010527
          ],
          [
            135.4985898,
            34.8010476
          ],
          [
            135.4982763,
            34.8009883
          ],
          [
            135.4981269,
            34.8009646
          ],
          [
            135.4980475,
            34.800952
          ],
          [
            135.4979283,
            34.8009361
          ],
          [
            135.4978281,
            34.8009232
          ],
          [
            135.4977694,
            34.800913
          ],
          [
            135.4977027,
            34.8008951
          ],
          [
            135.4976515,
            34.8008737
          ],
          [
            135.4976081,
            34.8008505
          ],
          [
            135.4975632,
            34.8008224
          ],
          [
            135.4969778,
            34.8004568
          ],
          [
            135.4969429,
            34.8004342
          ],
          [
            135.4969154,
            34.8004127
          ],
          [
            135.496906,
            34.8004028
          ],
          [
            135.4965748,
            34.7999805
          ],
          [
            135.4965406,
            34.7999266
          ],
          [
            135.4965097,
            34.7998709
          ],
          [
            135.4964916,
            34.7998285
          ],
          [
            135.4964783,
            34.7997828
          ],
          [
            135.4964678,
            34.7997464
          ],
          [
            135.4964367,
            34.7996199
          ],
          [
            135.4963975,
            34.7994239
          ],
          [
            135.4963148,
            34.7989384
          ],
          [
            135.4963057,
            34.7989045
          ],
          [
            135.4962847,
            34.7988454
          ],
          [
            135.4962317,
            34.7987325
          ],
          [
            135.4961637,
            34.7986574
          ],
          [
            135.49606,
            34.7985557
          ]
        ]
      },
      "id": "way/374337128"
    },
    {
      "type": "Feature",
      "properties": {
        "@id": "way/374342462",
        "bridge": "yes",
        "highway": "trunk",
        "lanes": "2",
        "layer": "1",
        "maxspeed": "40",
        "motorroad": "no",
        "name": "国道176号",
        "name:en": "National Highway Route 176",
        "name:ja": "国道176号",
        "ref": "176",
        "source": "GSImaps/std",
        "surface": "asphalt"
      },
      "geometry": {
        "type": "LineString",
        "coordinates": [
          [
            135.4558365,
            34.7900209
          ],
          [
            135.4561012,
            34.7899185
          ]
        ]
      },
      "id": "way/374342462"
    },
    {
      "type": "Feature",
      "properties": {
        "@id": "way/374342463",
        "bridge": "yes",
        "highway": "trunk",
        "lanes": "2",
        "layer": "1",
        "maxspeed": "40",
        "name": "国道176号",
        "name:en": "National Highway Route 176",
        "name:ja": "国道176号",
        "ref": "176;423;477",
        "source": "Bing,2009-11;GSImaps/std",
        "surface": "asphalt"
      },
      "geometry": {
        "type": "LineString",
        "coordinates": [
          [
            135.4449397,
            34.8100874
          ],
          [
            135.4447829,
            34.8101985
          ]
        ]
      },
      "id": "way/374342463"
    },
    {
      "type": "Feature",
      "properties": {
        "@id": "way/374342464",
        "highway": "trunk",
        "lanes": "2",
        "maxspeed": "40",
        "name": "国道176号",
        "name:en": "National Highway Route 176",
        "name:ja": "国道176号",
        "ref": "176;423;477",
        "source": "Bing,2009-11;GSImaps/std",
        "surface": "asphalt"
      },
      "geometry": {
        "type": "LineString",
        "coordinates": [
          [
            135.4447829,
            34.8101985
          ],
          [
            135.444469,
            34.8104179
          ],
          [
            135.4443956,
            34.810478
          ]
        ]
      },
      "id": "way/374342464"
    },
    {
      "type": "Feature",
      "properties": {
        "@id": "way/374342465",
        "highway": "primary",
        "lanes": "2",
        "name": "豊中亀岡線",
        "name:en": "Toyonaka Kameoka Line",
        "name:ja": "豊中亀岡線",
        "name:ja-Hira": "とよなかかめおかせん",
        "name:ja-Latn": "Toyonaka Kameoka-sen",
        "ref": "43",
        "source": "Bing,2007-09",
        "surface": "asphalt",
        "wikidata": "Q11441392",
        "wikipedia": "ja:大阪府道・京都府道43号豊中亀岡線"
      },
      "geometry": {
        "type": "LineString",
        "coordinates": [
          [
            135.4643072,
            34.7957377
          ],
          [
            135.4643032,
            34.7957595
          ],
          [
            135.464276,
            34.7959252
          ],
          [
            135.4642312,
            34.79618
          ],
          [
            135.4642266,
            34.7962039
          ],
          [
            135.4640958,
            34.7968449
          ],
          [
            135.4639663,
            34.7974798
          ],
          [
            135.4638645,
            34.7979789
          ],
          [
            135.4637934,
            34.7983194
          ],
          [
            135.463764,
            34.79846
          ],
          [
            135.4637474,
            34.7985464
          ],
          [
            135.4636465,
            34.7990528
          ],
          [
            135.4636287,
            34.7991426
          ],
          [
            135.4636119,
            34.7992304
          ],
          [
            135.4635947,
            34.7993242
          ]
        ]
      },
      "id": "way/374342465"
    },
    {
      "type": "Feature",
      "properties": {
        "@id": "way/374342466",
        "bridge": "yes",
        "highway": "primary",
        "lanes": "2",
        "layer": "1",
        "name": "豊中亀岡線",
        "name:en": "Toyonaka Kameoka Line",
        "name:ja": "豊中亀岡線",
        "name:ja-Hira": "とよなかかめおかせん",
        "name:ja-Latn": "Toyonaka Kameoka-sen",
        "piste:type": "sleigh",
        "ref": "43",
        "source": "Bing,2007-09",
        "surface": "asphalt",
        "wikidata": "Q11441392",
        "wikipedia": "ja:大阪府道・京都府道43号豊中亀岡線"
      },
      "geometry": {
        "type": "LineString",
        "coordinates": [
          [
            135.4643387,
            34.7955641
          ],
          [
            135.4643072,
            34.7957377
          ]
        ]
      },
      "id": "way/374342466"
    },
    {
      "type": "Feature",
      "properties": {
        "@id": "way/380634906",
        "bicycle": "no",
        "bridge": "yes",
        "foot": "no",
        "highway": "motorway",
        "lanes": "1",
        "layer": "2",
        "motorcar": "designated",
        "motorcycle": "designated",
        "name": "阪神高速11号池田線",
        "name:en": "Hanshin Expressway Route 11 Ikeda Line",
        "name:ja": "阪神高速11号池田線",
        "oneway": "yes",
        "ref": "11",
        "smoothness": "excellent",
        "source": "Bing",
        "surface": "paved",
        "toll": "yes"
      },
      "geometry": {
        "type": "LineString",
        "coordinates": [
          [
            135.4507607,
            34.7854048
          ],
          [
            135.4511955,
            34.7848662
          ],
          [
            135.4517419,
            34.7842258
          ],
          [
            135.4523331,
            34.7835316
          ],
          [
            135.4526767,
            34.7830967
          ]
        ]
      },
      "id": "way/380634906"
    },
    {
      "type": "Feature",
      "properties": {
        "@id": "way/380656455",
        "bridge": "yes",
        "highway": "primary",
        "lanes": "2",
        "layer": "1",
        "maxspeed": "40",
        "name": "伊丹豊中線",
        "name:en": "Itami-Toyonaka Line",
        "name:ja": "伊丹豊中線",
        "name:ja-Hira": "いたみとよなかせん",
        "name:ja_rm": "Itami Toyonaka-sen",
        "ref": "99",
        "surface": "asphalt",
        "wikidata": "Q11393639",
        "wikipedia": "ja:兵庫県道・大阪府道99号伊丹豊中線"
      },
      "geometry": {
        "type": "LineString",
        "coordinates": [
          [
            135.4520181,
            34.7821795
          ],
          [
            135.4517149,
            34.7821827
          ]
        ]
      },
      "id": "way/380656455"
    },
    {
      "type": "Feature",
      "properties": {
        "@id": "way/380656456",
        "bridge": "yes",
        "highway": "primary",
        "lanes": "2",
        "layer": "1",
        "name": "大阪池田線",
        "name:en": "Osaka Ikeda Line",
        "name:ja": "大阪池田線",
        "name:ja-Hira": "おおさかいけだせん",
        "name:ja-Latn": "Ōsaka Ikeda-sen",
        "oneway": "yes",
        "ref": "10",
        "surface": "asphalt",
        "wikidata": "Q11441238",
        "wikipedia": "ja:大阪府道10号・兵庫県道100号大阪池田線"
      },
      "geometry": {
        "type": "LineString",
        "coordinates": [
          [
            135.4526283,
            34.7833438
          ],
          [
            135.4527915,
            34.7831487
          ]
        ]
      },
      "id": "way/380656456"
    },
    {
      "type": "Feature",
      "properties": {
        "@id": "way/380656457",
        "bridge": "yes",
        "highway": "primary",
        "lanes": "2",
        "layer": "1",
        "name": "大阪池田線",
        "name:en": "Osaka Ikeda Line",
        "name:ja": "大阪池田線",
        "name:ja-Hira": "おおさかいけだせん",
        "name:ja-Latn": "Ōsaka Ikeda-sen",
        "oneway": "yes",
        "ref": "10",
        "source": "NRPB of MLIT Japan",
        "source:ja": "国土画像情報（オルソ化空中写真）国土交通省",
        "surface": "asphalt",
        "wikidata": "Q11441238",
        "wikipedia": "ja:大阪府道10号・兵庫県道100号大阪池田線"
      },
      "geometry": {
        "type": "LineString",
        "coordinates": [
          [
            135.4525291,
            34.7829049
          ],
          [
            135.4523771,
            34.7830886
          ]
        ]
      },
      "id": "way/380656457"
    },
    {
      "type": "Feature",
      "properties": {
        "@id": "way/380656458",
        "highway": "primary",
        "lanes": "2",
        "maxspeed": "60",
        "name": "大阪池田線",
        "name:en": "Osaka Ikeda Line",
        "name:ja": "大阪池田線",
        "name:ja-Hira": "おおさかいけだせん",
        "name:ja-Latn": "Ōsaka Ikeda-sen",
        "oneway": "yes",
        "ref": "10",
        "surface": "asphalt",
        "wikidata": "Q11441238",
        "wikipedia": "ja:大阪府道10号・兵庫県道100号大阪池田線"
      },
      "geometry": {
        "type": "LineString",
        "coordinates": [
          [
            135.4527915,
            34.7831487
          ],
          [
            135.4528157,
            34.7831182
          ],
          [
            135.4530823,
            34.78279
          ],
          [
            135.4532084,
            34.7826404
          ]
        ]
      },
      "id": "way/380656458"
    },
    {
      "type": "Feature",
      "properties": {
        "@id": "way/380656460",
        "bridge": "yes",
        "cycleway": "shared_lane",
        "cycleway:lane": "pictogram",
        "highway": "primary",
        "lanes": "2",
        "layer": "1",
        "name": "豊中亀岡線",
        "name:en": "Toyonaka Kameoka Line",
        "name:ja": "豊中亀岡線",
        "name:ja-Hira": "とよなかかめおかせん",
        "name:ja-Latn": "Toyonaka Kameoka-sen",
        "ref": "43",
        "surface": "asphalt",
        "wikidata": "Q11441392",
        "wikipedia": "ja:大阪府道・京都府道43号豊中亀岡線"
      },
      "geometry": {
        "type": "LineString",
        "coordinates": [
          [
            135.4715293,
            34.8017637
          ],
          [
            135.4714162,
            34.802398
          ]
        ]
      },
      "id": "way/380656460"
    },
    {
      "type": "Feature",
      "properties": {
        "@id": "way/404842190",
        "highway": "primary",
        "lanes": "2",
        "maxspeed": "50",
        "name": "尼崎池田線",
        "name:en": "Amagasaki Ikeda Line",
        "name:ja": "尼崎池田線",
        "name:ja-Hira": "あまがさきいけだせん",
        "name:ja_rm": "Amagasaki Ikeda-sen",
        "oneway": "yes",
        "ref": "13;41",
        "sidewalk": "left",
        "source": "Bing,2006-06",
        "surface": "asphalt",
        "wikidata": "Q11393188",
        "wikipedia": "ja:兵庫県道13号尼崎池田線"
      },
      "geometry": {
        "type": "LineString",
        "coordinates": [
          [
            135.4202573,
            34.7661387
          ],
          [
            135.4202534,
            34.7662822
          ],
          [
            135.4202458,
            34.7665156
          ],
          [
            135.4202415,
            34.7665964
          ],
          [
            135.4202374,
            34.7667825
          ],
          [
            135.4202183,
            34.7670682
          ],
          [
            135.4201841,
            34.767277
          ],
          [
            135.4201309,
            34.7675243
          ],
          [
            135.4200425,
            34.767935
          ],
          [
            135.4198102,
            34.7690515
          ],
          [
            135.4197181,
            34.7694878
          ],
          [
            135.4196995,
            34.7695631
          ],
          [
            135.4196423,
            34.7697948
          ]
        ]
      },
      "id": "way/404842190"
    },
    {
      "type": "Feature",
      "properties": {
        "@id": "way/421349179",
        "highway": "trunk",
        "lanes": "2",
        "name": "国道171号",
        "name:en": "National Highway Route 171",
        "name:ja": "国道171号",
        "oneway": "yes",
        "ref": "171",
        "source": "GSImaps/std",
        "surface": "asphalt"
      },
      "geometry": {
        "type": "LineString",
        "coordinates": [
          [
            135.4252617,
            34.7995591
          ],
          [
            135.4256036,
            34.7996094
          ],
          [
            135.4257419,
            34.7996299
          ],
          [
            135.4258225,
            34.7996433
          ],
          [
            135.4258965,
            34.7996547
          ],
          [
            135.4259727,
            34.7996624
          ]
        ]
      },
      "id": "way/421349179"
    },
    {
      "type": "Feature",
      "properties": {
        "@id": "way/421349180",
        "bridge": "yes",
        "highway": "trunk",
        "lanes": "2",
        "layer": "1",
        "name": "国道171号",
        "name:en": "National Highway Route 171",
        "name:ja": "国道171号",
        "oneway": "yes",
        "ref": "171",
        "source": "GSImaps/std",
        "surface": "asphalt"
      },
      "geometry": {
        "type": "LineString",
        "coordinates": [
          [
            135.4261322,
            34.7995741
          ],
          [
            135.4259448,
            34.7995436
          ]
        ]
      },
      "id": "way/421349180"
    },
    {
      "type": "Feature",
      "properties": {
        "@id": "way/425625709",
        "highway": "motorway",
        "lanes": "3",
        "maxspeed": "80",
        "name": "名神高速道路",
        "name:en": "Meishin Expressway",
        "name:ja": "名神高速道路",
        "name:ko": "메이신고속도로",
        "name:ru": "Автомагистраль Мэйсин",
        "oneway": "yes",
        "ref": "E1",
        "smoothness": "excellent",
        "source": "Bing 2010",
        "surface": "paved",
        "toll": "yes"
      },
      "geometry": {
        "type": "LineString",
        "coordinates": [
          [
            135.5075097,
            34.7718175
          ],
          [
            135.5069844,
            34.77178
          ],
          [
            135.5065069,
            34.7717363
          ]
        ]
      },
      "id": "way/425625709"
    },
    {
      "type": "Feature",
      "properties": {
        "@id": "way/425625710",
        "highway": "motorway",
        "lanes": "3",
        "maxspeed": "80",
        "name": "名神高速道路",
        "name:en": "Meishin Expressway",
        "name:ja": "名神高速道路",
        "name:ko": "메이신고속도로",
        "name:ru": "Автомагистраль Мэйсин",
        "oneway": "yes",
        "ref": "E1",
        "smoothness": "excellent",
        "source": "Bing 2010",
        "surface": "paved",
        "toll": "yes"
      },
      "geometry": {
        "type": "LineString",
        "coordinates": [
          [
            135.5064806,
            34.7718461
          ],
          [
            135.5069877,
            34.7718908
          ],
          [
            135.5074966,
            34.7719297
          ]
        ]
      },
      "id": "way/425625710"
    },
    {
      "type": "Feature",
      "properties": {
        "@id": "way/425625711",
        "bridge": "yes",
        "highway": "motorway",
        "lanes": "3",
        "layer": "1",
        "maxspeed": "80",
        "name": "名神高速道路",
        "name:en": "Meishin Expressway",
        "name:ja": "名神高速道路",
        "name:ko": "메이신고속도로",
        "name:ru": "Автомагистраль Мэйсин",
        "oneway": "yes",
        "ref": "E1",
        "smoothness": "excellent",
        "source": "Bing 2010",
        "surface": "paved",
        "toll": "yes"
      },
      "geometry": {
        "type": "LineString",
        "coordinates": [
          [
            135.5050364,
            34.7715991
          ],
          [
            135.5054802,
            34.7716889
          ],
          [
            135.5064806,
            34.7718461
          ]
        ]
      },
      "id": "way/425625711"
    },
    {
      "type": "Feature",
      "properties": {
        "@id": "way/425625712",
        "bridge": "yes",
        "highway": "motorway",
        "lanes": "3",
        "layer": "1",
        "maxspeed": "80",
        "name": "名神高速道路",
        "name:en": "Meishin Expressway",
        "name:ja": "名神高速道路",
        "name:ko": "메이신고속도로",
        "name:ru": "Автомагистраль Мэйсин",
        "oneway": "yes",
        "ref": "E1",
        "smoothness": "excellent",
        "source": "Bing 2010",
        "surface": "paved",
        "toll": "yes"
      },
      "geometry": {
        "type": "LineString",
        "coordinates": [
          [
            135.5065069,
            34.7717363
          ],
          [
            135.5055142,
            34.77159
          ],
          [
            135.5050608,
            34.7714942
          ]
        ]
      },
      "id": "way/425625712"
    },
    {
      "type": "Feature",
      "properties": {
        "@id": "way/432573435",
        "highway": "primary",
        "lanes": "3",
        "maxspeed": "50",
        "name": "尼崎池田線",
        "name:en": "Amagasaki Ikeda Line",
        "name:ja": "尼崎池田線",
        "name:ja-Hira": "あまがさきいけだせん",
        "name:ja_rm": "Amagasaki Ikeda-sen",
        "oneway": "yes",
        "ref": "13",
        "source": "Bing,2006-06",
        "surface": "asphalt",
        "wikidata": "Q11393188",
        "wikipedia": "ja:兵庫県道13号尼崎池田線"
      },
      "geometry": {
        "type": "LineString",
        "coordinates": [
          [
            135.4115907,
            34.8158683
          ],
          [
            135.4115874,
            34.8158412
          ],
          [
            135.4114562,
            34.8147776
          ],
          [
            135.4113802,
            34.8140758
          ],
          [
            135.4112041,
            34.8125218
          ],
          [
            135.411179,
            34.8121396
          ],
          [
            135.4111829,
            34.8117705
          ],
          [
            135.4112375,
            34.8113715
          ],
          [
            135.4112961,
            34.8108193
          ]
        ]
      },
      "id": "way/432573435"
    },
    {
      "type": "Feature",
      "properties": {
        "@id": "way/449245098",
        "bridge": "yes",
        "highway": "trunk",
        "lanes": "2",
        "layer": "1",
        "name": "国道171号",
        "name:en": "National Highway Route 171",
        "name:ja": "国道171号",
        "oneway": "yes",
        "ref": "171",
        "source": "GSImaps/std",
        "surface": "asphalt"
      },
      "geometry": {
        "type": "LineString",
        "coordinates": [
          [
            135.4259727,
            34.7996624
          ],
          [
            135.4261528,
            34.7996861
          ]
        ]
      },
      "id": "way/449245098"
    },
    {
      "type": "Feature",
      "properties": {
        "@id": "way/484972563",
        "highway": "trunk",
        "lanes": "4",
        "maxspeed": "50",
        "name": "国道171号",
        "name:en": "National Highway Route 171",
        "name:ja": "国道171号",
        "ref": "171",
        "sidewalk:both": "separate",
        "source": "GSImaps/std",
        "surface": "asphalt"
      },
      "geometry": {
        "type": "LineString",
        "coordinates": [
          [
            135.4080432,
            34.7913766
          ],
          [
            135.4081602,
            34.7914888
          ],
          [
            135.4084341,
            34.7917159
          ],
          [
            135.4088903,
            34.7921219
          ],
          [
            135.4095102,
            34.7927313
          ],
          [
            135.4097204,
            34.7929485
          ],
          [
            135.4098796,
            34.7931302
          ]
        ]
      },
      "id": "way/484972563"
    },
    {
      "type": "Feature",
      "properties": {
        "@id": "way/484972564",
        "highway": "trunk",
        "lanes": "4",
        "maxspeed": "50",
        "name": "国道171号",
        "name:en": "National Highway Route 171",
        "name:ja": "国道171号",
        "ref": "171",
        "sidewalk": "both",
        "source": "GSImaps/std",
        "surface": "asphalt"
      },
      "geometry": {
        "type": "LineString",
        "coordinates": [
          [
            135.4101129,
            34.7933932
          ],
          [
            135.4103737,
            34.7936586
          ],
          [
            135.4107072,
            34.7939868
          ],
          [
            135.4108831,
            34.7941754
          ]
        ]
      },
      "id": "way/484972564"
    },
    {
      "type": "Feature",
      "properties": {
        "@id": "way/484972566",
        "highway": "primary",
        "lanes": "2",
        "maxspeed": "50",
        "name": "尼崎池田線",
        "name:en": "Amagasaki Ikeda Line",
        "name:ja": "尼崎池田線",
        "name:ja-Hira": "あまがさきいけだせん",
        "name:ja_rm": "Amagasaki Ikeda-sen",
        "oneway": "yes",
        "ref": "13",
        "source": "Bing,2006-06",
        "surface": "asphalt"
      },
      "geometry": {
        "type": "LineString",
        "coordinates": [
          [
            135.4147151,
            34.7971139
          ],
          [
            135.4150519,
            34.7962175
          ],
          [
            135.4151017,
            34.796099
          ],
          [
            135.4155215,
            34.7950588
          ],
          [
            135.4157959,
            34.7943924
          ],
          [
            135.4159087,
            34.7941141
          ],
          [
            135.415965,
            34.793971
          ],
          [
            135.41626,
            34.7932207
          ],
          [
            135.416552,
            34.7925197
          ],
          [
            135.4166785,
            34.7922074
          ],
          [
            135.416822,
            34.7917541
          ],
          [
            135.416846,
            34.7916431
          ],
          [
            135.416932,
            34.7912273
          ],
          [
            135.4169494,
            34.7911404
          ],
          [
            135.4170049,
            34.7904898
          ],
          [
            135.4170045,
            34.79035
          ],
          [
            135.4170432,
            34.7897278
          ],
          [
            135.417062,
            34.7891997
          ],
          [
            135.4170817,
            34.7888471
          ],
          [
            135.4170942,
            34.7886227
          ],
          [
            135.4171174,
            34.7880015
          ],
          [
            135.4171202,
            34.7879262
          ],
          [
            135.4171244,
            34.787815
          ],
          [
            135.4171291,
            34.7876887
          ],
          [
            135.417173,
            34.7867044
          ],
          [
            135.417188,
            34.786584
          ]
        ]
      },
      "id": "way/484972566"
    },
    {
      "type": "Feature",
      "properties": {
        "@id": "way/485353985",
        "highway": "trunk",
        "lanes": "2",
        "maxspeed": "40",
        "motorroad": "no",
        "name": "国道176号",
        "name:en": "National Highway Route 176",
        "name:ja": "国道176号",
        "ref": "176",
        "source": "GSImaps/std",
        "source:ja": "国土画像情報（オルソ化空中写真）国土交通省",
        "surface": "asphalt"
      },
      "geometry": {
        "type": "LineString",
        "coordinates": [
          [
            135.4625116,
            34.7874553
          ],
          [
            135.4625635,
            34.7874357
          ],
          [
            135.4626893,
            34.7873832
          ],
          [
            135.4627497,
            34.7873583
          ],
          [
            135.4627672,
            34.787351
          ],
          [
            135.4628433,
            34.7873152
          ],
          [
            135.4629891,
            34.7872375
          ],
          [
            135.4630549,
            34.7872012
          ],
          [
            135.4632189,
            34.7871141
          ],
          [
            135.4633895,
            34.7870196
          ],
          [
            135.463441,
            34.786991
          ],
          [
            135.4639172,
            34.7867385
          ],
          [
            135.4642483,
            34.7865582
          ],
          [
            135.4643645,
            34.7864622
          ],
          [
            135.4644345,
            34.7864044
          ],
          [
            135.4645666,
            34.7862939
          ],
          [
            135.4648619,
            34.7860414
          ],
          [
            135.4651915,
            34.7857562
          ],
          [
            135.4653716,
            34.7856
          ],
          [
            135.4654354,
            34.7855446
          ],
          [
            135.4654892,
            34.7854976
          ],
          [
            135.4661277,
            34.7849391
          ],
          [
            135.4662437,
            34.7848577
          ],
          [
            135.4664331,
            34.7847283
          ],
          [
            135.4665447,
            34.7846598
          ],
          [
            135.4665841,
            34.7846355
          ],
          [
            135.4669148,
            34.7844322
          ],
          [
            135.4670025,
            34.7843783
          ],
          [
            135.4671039,
            34.7843175
          ],
          [
            135.4673029,
            34.7841981
          ],
          [
            135.4680204,
            34.7837545
          ],
          [
            135.4680958,
            34.7836931
          ],
          [
            135.4681686,
            34.7836169
          ],
          [
            135.4682379,
            34.7835213
          ],
          [
            135.4683194,
            34.7833665
          ],
          [
            135.4685222,
            34.7829387
          ],
          [
            135.4685501,
            34.7828852
          ],
          [
            135.4686497,
            34.7826684
          ],
          [
            135.468694,
            34.7825719
          ],
          [
            135.4687474,
            34.7824656
          ],
          [
            135.4687734,
            34.7824137
          ],
          [
            135.4690326,
            34.7818972
          ],
          [
            135.469126,
            34.7817266
          ],
          [
            135.4691808,
            34.7816265
          ],
          [
            135.4692424,
            34.7815011
          ],
          [
            135.4692927,
            34.7813985
          ],
          [
            135.4696177,
            34.7807426
          ],
          [
            135.4696515,
            34.7806732
          ],
          [
            135.4696845,
            34.7806031
          ],
          [
            135.4697445,
            34.7804755
          ],
          [
            135.4697985,
            34.780367
          ],
          [
            135.4701193,
            34.7797075
          ],
          [
            135.4702282,
            34.7794991
          ],
          [
            135.4703686,
            34.779195
          ],
          [
            135.4703901,
            34.7791109
          ],
          [
            135.4704181,
            34.778926
          ],
          [
            135.4704273,
            34.7788649
          ],
          [
            135.4704399,
            34.7787919
          ],
          [
            135.470458,
            34.7786867
          ],
          [
            135.4704946,
            34.7784749
          ],
          [
            135.4705501,
            34.7781528
          ],
          [
            135.4705639,
            34.7780705
          ],
          [
            135.4706499,
            34.7775568
          ],
          [
            135.4706606,
            34.7774931
          ],
          [
            135.4706732,
            34.7774258
          ],
          [
            135.4708464,
            34.7764972
          ],
          [
            135.4708779,
            34.7763015
          ],
          [
            135.4708947,
            34.7761973
          ],
          [
            135.4709615,
            34.7761025
          ],
          [
            135.4711581,
            34.7758232
          ],
          [
            135.4712813,
            34.7756483
          ],
          [
            135.4713512,
            34.7755509
          ],
          [
            135.4713903,
            34.7754964
          ],
          [
            135.4714303,
            34.7754406
          ],
          [
            135.471651,
            34.7751324
          ],
          [
            135.4716906,
            34.7750864
          ],
          [
            135.4722298,
            34.7744603
          ],
          [
            135.4722841,
            34.7743973
          ],
          [
            135.4724579,
            34.7741591
          ],
          [
            135.4725228,
            34.7740701
          ]
        ]
      },
      "id": "way/485353985"
    },
    {
      "type": "Feature",
      "properties": {
        "@id": "way/485532012",
        "bridge": "yes",
        "highway": "trunk",
        "lanes": "2",
        "layer": "1",
        "maxspeed": "50",
        "name": "国道171号",
        "name:en": "National Highway Route 171",
        "name:ja": "国道171号",
        "oneway": "yes",
        "ref": "171",
        "source": "GSImaps/std",
        "surface": "asphalt"
      },
      "geometry": {
        "type": "LineString",
        "coordinates": [
          [
            135.4220464,
            34.7990473
          ],
          [
            135.4218971,
            34.7990299
          ],
          [
            135.4206295,
            34.7988892
          ],
          [
            135.420105,
            34.7988242
          ],
          [
            135.4196861,
            34.7987612
          ],
          [
            135.4185264,
            34.7985568
          ],
          [
            135.4154589,
            34.7979659
          ],
          [
            135.4149325,
            34.7978064
          ],
          [
            135.4146698,
            34.7977016
          ],
          [
            135.4143632,
            34.7975278
          ],
          [
            135.4139852,
            34.7972633
          ],
          [
            135.4137577,
            34.7970611
          ],
          [
            135.4136329,
            34.7969435
          ],
          [
            135.4127908,
            34.7960942
          ],
          [
            135.411972,
            34.7952427
          ],
          [
            135.4113971,
            34.7946426
          ],
          [
            135.4111488,
            34.7944413
          ]
        ]
      },
      "id": "way/485532012"
    },
    {
      "type": "Feature",
      "properties": {
        "@id": "way/485532016",
        "highway": "trunk",
        "lanes": "2",
        "name": "国道171号",
        "name:en": "National Highway Route 171",
        "name:ja": "国道171号",
        "oneway": "yes",
        "ref": "171",
        "source": "GSImaps/std",
        "surface": "asphalt"
      },
      "geometry": {
        "type": "LineString",
        "coordinates": [
          [
            135.4310242,
            34.8014286
          ],
          [
            135.4310661,
            34.8024507
          ],
          [
            135.4310695,
            34.8025343
          ],
          [
            135.4311074,
            34.8034581
          ],
          [
            135.4311454,
            34.8043851
          ]
        ]
      },
      "id": "way/485532016"
    },
    {
      "type": "Feature",
      "properties": {
        "@id": "way/485533080",
        "bicycle": "no",
        "foot": "no",
        "highway": "primary",
        "lanes": "2",
        "name": "大阪池田線",
        "name:en": "Osaka Ikeda Line",
        "name:ja": "大阪池田線",
        "name:ja-Hira": "おおさかいけだせん",
        "name:ja-Latn": "Ōsaka Ikeda-sen",
        "ref": "10",
        "source": "GSImaps/std",
        "surface": "asphalt",
        "wikidata": "Q11441238",
        "wikipedia": "ja:大阪府道10号・兵庫県道100号大阪池田線"
      },
      "geometry": {
        "type": "LineString",
        "coordinates": [
          [
            135.4433653,
            34.806258
          ],
          [
            135.444158,
            34.8066396
          ],
          [
            135.4442541,
            34.8066837
          ],
          [
            135.4443497,
            34.8067232
          ]
        ]
      },
      "id": "way/485533080"
    },
    {
      "type": "Feature",
      "properties": {
        "@id": "way/485609905",
        "highway": "trunk",
        "lanes": "4",
        "maxspeed": "50",
        "name": "国道171号",
        "name:en": "National Highway Route 171",
        "name:ja": "国道171号",
        "ref": "171",
        "sidewalk": "both",
        "source": "GSImaps/std",
        "surface": "asphalt"
      },
      "geometry": {
        "type": "LineString",
        "coordinates": [
          [
            135.3968534,
            34.7822051
          ],
          [
            135.3971036,
            34.7823933
          ],
          [
            135.3971351,
            34.782418
          ],
          [
            135.3972506,
            34.7825087
          ],
          [
            135.3978939,
            34.7830137
          ],
          [
            135.398691,
            34.7836511
          ],
          [
            135.3987737,
            34.783717
          ],
          [
            135.3988722,
            34.7837938
          ],
          [
            135.3989653,
            34.7838664
          ],
          [
            135.3994153,
            34.7842143
          ],
          [
            135.3995317,
            34.7843043
          ]
        ]
      },
      "id": "way/485609905"
    },
    {
      "type": "Feature",
      "properties": {
        "@id": "way/485609906",
        "highway": "trunk",
        "lanes": "4",
        "maxspeed": "50",
        "name": "国道171号",
        "name:en": "National Highway Route 171",
        "name:ja": "国道171号",
        "ref": "171",
        "sidewalk:both": "separate",
        "source": "GSImaps/std",
        "surface": "asphalt"
      },
      "geometry": {
        "type": "LineString",
        "coordinates": [
          [
            135.40279,
            34.7869881
          ],
          [
            135.4029515,
            34.7871307
          ],
          [
            135.4030808,
            34.7872533
          ]
        ]
      },
      "id": "way/485609906"
    },
    {
      "type": "Feature",
      "properties": {
        "@id": "way/485609907",
        "highway": "trunk",
        "lanes": "4",
        "maxspeed": "50",
        "name": "国道171号",
        "name:en": "National Highway Route 171",
        "name:ja": "国道171号",
        "ref": "171",
        "sidewalk:both": "separate",
        "source": "GSImaps/std",
        "surface": "asphalt"
      },
      "geometry": {
        "type": "LineString",
        "coordinates": [
          [
            135.4030808,
            34.7872533
          ],
          [
            135.4032243,
            34.7873758
          ],
          [
            135.4034713,
            34.7875803
          ],
          [
            135.4053025,
            34.7890976
          ],
          [
            135.4055245,
            34.7892669
          ],
          [
            135.4057054,
            34.7894226
          ],
          [
            135.4058029,
            34.7895244
          ]
        ]
      },
      "id": "way/485609907"
    },
    {
      "type": "Feature",
      "properties": {
        "@id": "way/485609911",
        "highway": "primary",
        "lanes": "2",
        "name": "伊丹停車場線",
        "name:en": "Itami Station Line",
        "name:ja": "伊丹停車場線",
        "name:ja-Hira": "いたみていしゃじょうせん",
        "name:ja_rm": "Itami teishajō-sen",
        "ref": "55",
        "surface": "asphalt"
      },
      "geometry": {
        "type": "LineString",
        "coordinates": [
          [
            135.4213383,
            34.7807979
          ],
          [
            135.4213439,
            34.7807013
          ]
        ]
      },
      "id": "way/485609911"
    },
    {
      "type": "Feature",
      "properties": {
        "@id": "way/486017325",
        "highway": "trunk",
        "lanes": "4",
        "maxspeed": "50",
        "name": "国道171号",
        "name:en": "National Highway Route 171",
        "name:ja": "国道171号",
        "ref": "171",
        "sidewalk:both": "separate",
        "source": "GSImaps/std",
        "surface": "asphalt"
      },
      "geometry": {
        "type": "LineString",
        "coordinates": [
          [
            135.4058029,
            34.7895244
          ],
          [
            135.4059127,
            34.7896134
          ],
          [
            135.4063605,
            34.7899764
          ],
          [
            135.4068276,
            34.790367
          ],
          [
            135.4072824,
            34.7907474
          ],
          [
            135.407399,
            34.7908438
          ],
          [
            135.4078879,
            34.7912482
          ],
          [
            135.4080432,
            34.7913766
          ]
        ]
      },
      "id": "way/486017325"
    },
    {
      "type": "Feature",
      "properties": {
        "@id": "way/486026646",
        "highway": "primary",
        "lanes": "2",
        "maxspeed": "50",
        "name": "尼崎池田線",
        "name:en": "Amagasaki Ikeda Line",
        "name:ja": "尼崎池田線",
        "name:ja-Hira": "あまがさきいけだせん",
        "name:ja_rm": "Amagasaki Ikeda-sen",
        "oneway": "yes",
        "ref": "13;41",
        "sidewalk:left": "separate",
        "sidewalk:right": "no",
        "source": "Bing,2006-06",
        "surface": "asphalt",
        "wikidata": "Q11393188",
        "wikipedia": "ja:兵庫県道13号尼崎池田線"
      },
      "geometry": {
        "type": "LineString",
        "coordinates": [
          [
            135.4175876,
            34.7828163
          ],
          [
            135.4176135,
            34.7827132
          ],
          [
            135.4176146,
            34.7827067
          ],
          [
            135.417687,
            34.7822704
          ],
          [
            135.4177136,
            34.7820866
          ],
          [
            135.4177306,
            34.7819779
          ],
          [
            135.4177417,
            34.7818789
          ],
          [
            135.4178885,
            34.7809934
          ],
          [
            135.4179064,
            34.7808854
          ],
          [
            135.4179747,
            34.7803474
          ],
          [
            135.418023,
            34.7800495
          ],
          [
            135.4180421,
            34.7799314
          ]
        ]
      },
      "id": "way/486026646"
    },
    {
      "type": "Feature",
      "properties": {
        "@id": "way/486026648",
        "highway": "primary",
        "lanes": "2",
        "maxspeed": "50",
        "name": "尼崎池田線",
        "name:en": "Amagasaki Ikeda Line",
        "name:ja": "尼崎池田線",
        "name:ja-Hira": "あまがさきいけだせん",
        "name:ja_rm": "Amagasaki Ikeda-sen",
        "oneway": "yes",
        "ref": "13",
        "source": "Bing,2006-06",
        "surface": "asphalt",
        "wikidata": "Q11393188",
        "wikipedia": "ja:兵庫県道13号尼崎池田線"
      },
      "geometry": {
        "type": "LineString",
        "coordinates": [
          [
            135.4174869,
            34.7828289
          ],
          [
            135.4174513,
            34.7829671
          ],
          [
            135.4173571,
            34.7833873
          ],
          [
            135.4172777,
            34.7837454
          ],
          [
            135.4172255,
            34.784074
          ],
          [
            135.4171766,
            34.7846206
          ],
          [
            135.4171693,
            34.7847245
          ],
          [
            135.4171344,
            34.7855902
          ],
          [
            135.4171134,
            34.7859557
          ],
          [
            135.4170888,
            34.7863652
          ],
          [
            135.4170818,
            34.7865865
          ]
        ]
      },
      "id": "way/486026648"
    },
    {
      "type": "Feature",
      "properties": {
        "@id": "way/486026649",
        "highway": "primary",
        "lanes": "2",
        "maxspeed": "40",
        "name": "伊丹豊中線",
        "name:en": "Itami-Toyonaka Line",
        "name:ja": "伊丹豊中線",
        "name:ja-Hira": "いたみとよなかせん",
        "name:ja_rm": "Itami Toyonaka-sen",
        "ref": "99",
        "surface": "asphalt",
        "wikidata": "Q11393639",
        "wikipedia": "ja:兵庫県道・大阪府道99号伊丹豊中線"
      },
      "geometry": {
        "type": "LineString",
        "coordinates": [
          [
            135.4531302,
            34.7822071
          ],
          [
            135.452448,
            34.7821858
          ],
          [
            135.4520323,
            34.7821794
          ],
          [
            135.4520181,
            34.7821795
          ]
        ]
      },
      "id": "way/486026649"
    },
    {
      "type": "Feature",
      "properties": {
        "@id": "way/486026650",
        "highway": "primary",
        "lanes": "2",
        "maxspeed": "60",
        "name": "大阪池田線",
        "name:en": "Osaka Ikeda Line",
        "name:ja": "大阪池田線",
        "name:ja-Hira": "おおさかいけだせん",
        "name:ja-Latn": "Ōsaka Ikeda-sen",
        "oneway": "yes",
        "ref": "10",
        "source": "NRPB of MLIT Japan",
        "source:ja": "国土画像情報（オルソ化空中写真）国土交通省",
        "surface": "asphalt",
        "wikidata": "Q11441238",
        "wikipedia": "ja:大阪府道10号・兵庫県道100号大阪池田線"
      },
      "geometry": {
        "type": "LineString",
        "coordinates": [
          [
            135.4531302,
            34.7822071
          ],
          [
            135.4525512,
            34.7828775
          ],
          [
            135.4525291,
            34.7829049
          ]
        ]
      },
      "id": "way/486026650"
    },
    {
      "type": "Feature",
      "properties": {
        "@id": "way/486026651",
        "highway": "primary",
        "lanes": "2",
        "maxspeed": "60",
        "name": "大阪池田線",
        "name:en": "Osaka Ikeda Line",
        "name:ja": "大阪池田線",
        "name:ja-Hira": "おおさかいけだせん",
        "name:ja-Latn": "Ōsaka Ikeda-sen",
        "oneway": "yes",
        "ref": "10",
        "surface": "asphalt",
        "wikidata": "Q11441238",
        "wikipedia": "ja:大阪府道10号・兵庫県道100号大阪池田線"
      },
      "geometry": {
        "type": "LineString",
        "coordinates": [
          [
            135.4532084,
            34.7826404
          ],
          [
            135.453556,
            34.7822278
          ]
        ]
      },
      "id": "way/486026651"
    },
    {
      "type": "Feature",
      "properties": {
        "@id": "way/486026652",
        "highway": "primary",
        "lanes": "3",
        "maxspeed": "60",
        "name": "大阪池田線",
        "name:en": "Osaka Ikeda Line",
        "name:ja": "大阪池田線",
        "name:ja-Hira": "おおさかいけだせん",
        "name:ja-Latn": "Ōsaka Ikeda-sen",
        "oneway": "yes",
        "oneway:bicycle": "yes",
        "ref": "10",
        "source": "NRPB of MLIT Japan",
        "source:ja": "国土画像情報（オルソ化空中写真）国土交通省",
        "surface": "asphalt",
        "wikidata": "Q11441238",
        "wikipedia": "ja:大阪府道10号・兵庫県道100号大阪池田線"
      },
      "geometry": {
        "type": "LineString",
        "coordinates": [
          [
            135.4477296,
            34.7887634
          ],
          [
            135.4474221,
            34.7891363
          ],
          [
            135.4473633,
            34.7892091
          ],
          [
            135.4472774,
            34.7893136
          ],
          [
            135.4471675,
            34.7894758
          ],
          [
            135.4471612,
            34.7894926
          ],
          [
            135.4471391,
            34.7895363
          ],
          [
            135.4471173,
            34.7895743
          ],
          [
            135.4471013,
            34.7896022
          ],
          [
            135.4470803,
            34.7896386
          ],
          [
            135.4468335,
            34.7899355
          ],
          [
            135.4466233,
            34.7901915
          ],
          [
            135.4464511,
            34.7903972
          ],
          [
            135.445681,
            34.7913174
          ],
          [
            135.444909,
            34.7922609
          ],
          [
            135.4446174,
            34.7926177
          ],
          [
            135.4442829,
            34.7930411
          ],
          [
            135.4441261,
            34.7932612
          ],
          [
            135.443916,
            34.7935868
          ],
          [
            135.4437427,
            34.7938817
          ],
          [
            135.4435523,
            34.7942283
          ],
          [
            135.4431088,
            34.7950187
          ],
          [
            135.4430226,
            34.79513
          ]
        ]
      },
      "id": "way/486026652"
    },
    {
      "type": "Feature",
      "properties": {
        "@id": "way/486026654",
        "highway": "primary",
        "lanes": "2",
        "name": "大阪池田線",
        "name:en": "Osaka Ikeda Line",
        "name:ja": "大阪池田線",
        "name:ja-Hira": "おおさかいけだせん",
        "name:ja-Latn": "Ōsaka Ikeda-sen",
        "oneway": "yes",
        "oneway:bicycle": "yes",
        "ref": "10",
        "surface": "asphalt",
        "wikidata": "Q11441238",
        "wikipedia": "ja:大阪府道10号・兵庫県道100号大阪池田線"
      },
      "geometry": {
        "type": "LineString",
        "coordinates": [
          [
            135.4451123,
            34.7923138
          ],
          [
            135.4459305,
            34.7913181
          ],
          [
            135.4464367,
            34.7907101
          ]
        ]
      },
      "id": "way/486026654"
    },
    {
      "type": "Feature",
      "properties": {
        "@id": "way/486026655",
        "highway": "primary",
        "lanes": "2",
        "name": "大阪池田線",
        "name:en": "Osaka Ikeda Line",
        "name:ja": "大阪池田線",
        "name:ja-Hira": "おおさかいけだせん",
        "name:ja-Latn": "Ōsaka Ikeda-sen",
        "oneway": "yes",
        "ref": "10",
        "surface": "asphalt",
        "wikidata": "Q11441238",
        "wikipedia": "ja:大阪府道10号・兵庫県道100号大阪池田線"
      },
      "geometry": {
        "type": "LineString",
        "coordinates": [
          [
            135.4493725,
            34.7871868
          ],
          [
            135.450046,
            34.7863513
          ],
          [
            135.4501566,
            34.7862193
          ],
          [
            135.4505809,
            34.7857128
          ],
          [
            135.4508088,
            34.7854425
          ],
          [
            135.450945,
            34.7852825
          ],
          [
            135.4509723,
            34.7852497
          ],
          [
            135.4516571,
            34.7845206
          ],
          [
            135.4519993,
            34.7841257
          ],
          [
            135.4526044,
            34.7833717
          ],
          [
            135.4526283,
            34.7833438
          ]
        ]
      },
      "id": "way/486026655"
    },
    {
      "type": "Feature",
      "properties": {
        "@id": "way/486115137",
        "highway": "trunk",
        "lanes": "2",
        "name": "国道171号",
        "name:en": "National Highway Route 171",
        "name:ja": "国道171号",
        "oneway": "yes",
        "ref": "171",
        "source": "GSImaps/std",
        "surface": "asphalt"
      },
      "geometry": {
        "type": "LineString",
        "coordinates": [
          [
            135.4268703,
            34.7998479
          ],
          [
            135.4269322,
            34.7998605
          ],
          [
            135.4269927,
            34.7998727
          ],
          [
            135.4270719,
            34.7998898
          ],
          [
            135.4279815,
            34.8000839
          ],
          [
            135.4280416,
            34.8000959
          ],
          [
            135.4287915,
            34.8002534
          ],
          [
            135.4295585,
            34.800415
          ],
          [
            135.4295789,
            34.800419
          ],
          [
            135.4295978,
            34.8004226
          ]
        ]
      },
      "id": "way/486115137"
    },
    {
      "type": "Feature",
      "properties": {
        "@id": "way/488779823",
        "highway": "primary",
        "layer": "1",
        "name": "大阪中央環状線",
        "name:en": "Osaka Central Outer Ring Road",
        "name:ja": "大阪中央環状線",
        "name:ja-Hira": "おおさかちゅうおうかんじょうせん",
        "name:ja-Latn": "Ōsaka Chūō Kanjō-sen",
        "oneway": "yes",
        "ref": "2",
        "source": "NRPB of MLIT Japan",
        "source:ja": "国土画像情報（オルソ化空中写真）国土交通省",
        "surface": "asphalt",
        "wikidata": "Q11441371",
        "wikipedia": "ja:大阪府道2号大阪中央環状線"
      },
      "geometry": {
        "type": "LineString",
        "coordinates": [
          [
            135.430704,
            34.8004455
          ],
          [
            135.4300153,
            34.8003491
          ],
          [
            135.429923,
            34.8003363
          ],
          [
            135.4297332,
            34.8003029
          ]
        ]
      },
      "id": "way/488779823"
    },
    {
      "type": "Feature",
      "properties": {
        "@id": "way/488779824",
        "highway": "primary",
        "name": "大阪中央環状線",
        "name:en": "Osaka Central Outer Ring Road",
        "name:ja": "大阪中央環状線",
        "name:ja-Hira": "おおさかちゅうおうかんじょうせん",
        "name:ja-Latn": "Ōsaka Chūō Kanjō-sen",
        "oneway": "yes",
        "ref": "2",
        "source": "Bing 2012",
        "surface": "asphalt",
        "wikidata": "Q11441371",
        "wikipedia": "ja:大阪府道2号大阪中央環状線"
      },
      "geometry": {
        "type": "LineString",
        "coordinates": [
          [
            135.4264354,
            34.7997282
          ],
          [
            135.4268537,
            34.7997941
          ],
          [
            135.4269458,
            34.7998083
          ],
          [
            135.4270078,
            34.7998179
          ],
          [
            135.4270719,
            34.7998281
          ],
          [
            135.427399,
            34.7998968
          ],
          [
            135.4277193,
            34.799954
          ],
          [
            135.4288979,
            34.8002016
          ]
        ]
      },
      "id": "way/488779824"
    },
    {
      "type": "Feature",
      "properties": {
        "@id": "way/534192745",
        "highway": "trunk",
        "lanes": "2",
        "maxspeed": "50",
        "name": "国道176号",
        "name:en": "National Highway Route 176",
        "name:ja": "国道176号",
        "oneway": "yes",
        "ref": "176",
        "source": "Bing 2012;GSImaps/std",
        "surface": "asphalt"
      },
      "geometry": {
        "type": "LineString",
        "coordinates": [
          [
            135.3948981,
            34.810444
          ],
          [
            135.3933514,
            34.8103171
          ],
          [
            135.3917395,
            34.8101566
          ],
          [
            135.390856,
            34.8100754
          ],
          [
            135.3905662,
            34.8100301
          ],
          [
            135.3899497,
            34.8099338
          ],
          [
            135.3894996,
            34.8098734
          ],
          [
            135.3889326,
            34.809783
          ],
          [
            135.3887109,
            34.8097476
          ],
          [
            135.3886012,
            34.809729
          ],
          [
            135.3877079,
            34.8095667
          ],
          [
            135.3870511,
            34.8094259
          ]
        ]
      },
      "id": "way/534192745"
    },
    {
      "type": "Feature",
      "properties": {
        "@id": "way/534192752",
        "highway": "trunk",
        "lanes": "2",
        "maxspeed": "50",
        "name": "国道176号",
        "name:en": "National Highway Route 176",
        "name:ja": "国道176号",
        "oneway": "yes",
        "ref": "176",
        "source": "Bing 2012;GSImaps/std",
        "surface": "asphalt"
      },
      "geometry": {
        "type": "LineString",
        "coordinates": [
          [
            135.4017,
            34.8112881
          ],
          [
            135.402871,
            34.8113594
          ],
          [
            135.4040245,
            34.8114302
          ]
        ]
      },
      "id": "way/534192752"
    },
    {
      "type": "Feature",
      "properties": {
        "@id": "way/534240342",
        "highway": "primary",
        "lanes": "2",
        "name": "伊丹停車場線",
        "name:en": "Itami Station Line",
        "name:ja": "伊丹停車場線",
        "name:ja-Hira": "いたみていしゃじょうせん",
        "name:ja_rm": "Itami teishajō-sen",
        "ref": "55",
        "sidewalk": "both",
        "surface": "asphalt",
        "wikidata": "Q11393548",
        "wikipedia": "ja:兵庫県道55号伊丹停車場線"
      },
      "geometry": {
        "type": "LineString",
        "coordinates": [
          [
            135.4209939,
            34.7798285
          ],
          [
            135.4207996,
            34.7798701
          ],
          [
            135.4206327,
            34.7799059
          ],
          [
            135.4204217,
            34.7799605
          ],
          [
            135.4201812,
            34.7800255
          ],
          [
            135.4200642,
            34.7800531
          ],
          [
            135.420002,
            34.7800656
          ],
          [
            135.419942,
            34.7800733
          ],
          [
            135.4198946,
            34.7800753
          ],
          [
            135.4198471,
            34.7800745
          ],
          [
            135.419752,
            34.7800651
          ],
          [
            135.4194931,
            34.7800497
          ],
          [
            135.4191237,
            34.7800166
          ],
          [
            135.4187953,
            34.7799899
          ],
          [
            135.418152,
            34.7799456
          ],
          [
            135.4180421,
            34.7799314
          ]
        ]
      },
      "id": "way/534240342"
    },
    {
      "type": "Feature",
      "properties": {
        "@id": "way/536814505",
        "highway": "trunk",
        "lanes": "4",
        "maxspeed": "50",
        "name": "国道171号",
        "name:en": "National Highway Route 171",
        "name:ja": "国道171号",
        "ref": "171",
        "sidewalk:both": "separate",
        "source": "GSImaps/std",
        "surface": "asphalt"
      },
      "geometry": {
        "type": "LineString",
        "coordinates": [
          [
            135.3995317,
            34.7843043
          ],
          [
            135.3996488,
            34.7843992
          ],
          [
            135.4001475,
            34.7848036
          ],
          [
            135.4003445,
            34.7849624
          ],
          [
            135.4004371,
            34.7850396
          ],
          [
            135.4013471,
            34.7857914
          ],
          [
            135.4013842,
            34.7858236
          ],
          [
            135.4016485,
            34.7860493
          ],
          [
            135.4018961,
            34.7862557
          ],
          [
            135.4021464,
            34.7864643
          ],
          [
            135.4022465,
            34.7865461
          ],
          [
            135.4023894,
            34.7866629
          ],
          [
            135.4027495,
            34.7869572
          ],
          [
            135.40279,
            34.7869881
          ]
        ]
      },
      "id": "way/536814505"
    },
    {
      "type": "Feature",
      "properties": {
        "@id": "way/541676118",
        "highway": "primary",
        "name": "旧大阪中央環状線",
        "name:en": "Old Osaka Central Outer Ring Road",
        "name:ja": "旧大阪中央環状線",
        "name:ja-Hira": "きゅうおおさかちゅうおうかんじょうせん",
        "name:ja-Latn": "Kyū Ōsaka Chūō Kanjō-sen",
        "oneway": "yes",
        "ref": "2",
        "surface": "asphalt",
        "wikidata": "Q11441371",
        "wikipedia": "ja:大阪府道2号大阪中央環状線"
      },
      "geometry": {
        "type": "LineString",
        "coordinates": [
          [
            135.5155618,
            34.8055472
          ],
          [
            135.5156532,
            34.8055607
          ]
        ]
      },
      "id": "way/541676118"
    },
    {
      "type": "Feature",
      "properties": {
        "@id": "way/555882154",
        "bridge": "yes",
        "highway": "primary",
        "lanes": "3",
        "layer": "1",
        "maxspeed": "60",
        "name": "大阪中央環状線",
        "name:en": "Osaka Central Outer Ring Road",
        "name:ja": "大阪中央環状線",
        "name:ja-Hira": "おおさかちゅうおうかんじょうせん",
        "name:ja-Latn": "Ōsaka Chūō Kanjō-sen",
        "oneway": "yes",
        "ref": "2",
        "surface": "asphalt",
        "wikidata": "Q11441371",
        "wikipedia": "ja:大阪府道2号大阪中央環状線"
      },
      "geometry": {
        "type": "LineString",
        "coordinates": [
          [
            135.4691472,
            34.8007588
          ],
          [
            135.4688533,
            34.8006336
          ],
          [
            135.4677742,
            34.8001939
          ]
        ]
      },
      "id": "way/555882154"
    },
    {
      "type": "Feature",
      "properties": {
        "@id": "way/555882161",
        "bicycle": "no",
        "bridge": "yes",
        "foot": "no",
        "highway": "motorway",
        "lanes": "2",
        "layer": "1",
        "maxspeed": "100",
        "motorcar": "designated",
        "motorcycle": "designated",
        "name": "中国自動車道",
        "name:en": "Chugoku Expressway",
        "name:es": "Autopista Chugoku",
        "name:ja": "中国自動車道",
        "name:ko": "주코쿠자동차도",
        "name:ru": "Автомагистраль Тюгоку",
        "oneway": "yes",
        "ref": "E2A",
        "smoothness": "excellent",
        "source": "Bing 2010",
        "surface": "paved",
        "toll": "yes"
      },
      "geometry": {
        "type": "LineString",
        "coordinates": [
          [
            135.4690762,
            34.8008709
          ],
          [
            135.4685013,
            34.8006234
          ],
          [
            135.4679748,
            34.8004111
          ],
          [
            135.467452,
            34.8002201
          ],
          [
            135.4668957,
            34.8000399
          ],
          [
            135.4665032,
            34.7999268
          ],
          [
            135.465986,
            34.7997908
          ],
          [
            135.46552,
            34.7996874
          ],
          [
            135.4650595,
            34.7996045
          ],
          [
            135.4645869,
            34.7995327
          ],
          [
            135.4641981,
            34.7994945
          ],
          [
            135.4636735,
            34.7994563
          ],
          [
            135.4631991,
            34.7994379
          ],
          [
            135.4627358,
            34.7994395
          ],
          [
            135.4622893,
            34.7994517
          ],
          [
            135.4619526,
            34.7994731
          ],
          [
            135.4615247,
            34.7995113
          ],
          [
            135.4611507,
            34.7995602
          ],
          [
            135.4607228,
            34.7996243
          ],
          [
            135.4602726,
            34.7997084
          ],
          [
            135.4597293,
            34.7998214
          ],
          [
            135.4592827,
            34.7999172
          ],
          [
            135.4590782,
            34.7999657
          ],
          [
            135.4586356,
            34.8000791
          ]
        ]
      },
      "id": "way/555882161"
    },
    {
      "type": "Feature",
      "properties": {
        "@id": "way/555882174",
        "bicycle": "no",
        "foot": "no",
        "highway": "motorway",
        "lanes": "3",
        "maxheight:signed": "no",
        "maxspeed": "100",
        "motorcar": "designated",
        "motorcycle": "designated",
        "name": "中国自動車道",
        "name:en": "Chugoku Expressway",
        "name:es": "Autopista Chugoku",
        "name:ja": "中国自動車道",
        "name:ko": "주코쿠자동차도",
        "name:ru": "Автомагистраль Тюгоку",
        "oneway": "yes",
        "ref": "E2A",
        "smoothness": "excellent",
        "source": "Bing 2010",
        "surface": "paved",
        "toll": "yes",
        "traffic_sign:lanes": "登坂車線||"
      },
      "geometry": {
        "type": "LineString",
        "coordinates": [
          [
            135.4745949,
            34.8037132
          ],
          [
            135.4747798,
            34.803799
          ],
          [
            135.4749005,
            34.8038541
          ],
          [
            135.4750809,
            34.8039427
          ],
          [
            135.4753525,
            34.8040634
          ],
          [
            135.4755422,
            34.8041486
          ],
          [
            135.4759356,
            34.8043134
          ],
          [
            135.4763271,
            34.8044695
          ],
          [
            135.4767232,
            34.8046156
          ],
          [
            135.4772419,
            34.8048007
          ],
          [
            135.4775222,
            34.8048918
          ],
          [
            135.4779361,
            34.8050147
          ],
          [
            135.4783492,
            34.8051303
          ],
          [
            135.4787616,
            34.8052339
          ],
          [
            135.4789654,
            34.8052825
          ],
          [
            135.4791807,
            34.8053341
          ],
          [
            135.4794796,
            34.8053967
          ]
        ]
      },
      "id": "way/555882174"
    },
    {
      "type": "Feature",
      "properties": {
        "@id": "way/555882184",
        "highway": "primary",
        "lanes": "3",
        "maxspeed": "60",
        "name": "大阪中央環状線",
        "name:en": "Osaka Central Outer Ring Road",
        "name:ja": "大阪中央環状線",
        "name:ja-Hira": "おおさかちゅうおうかんじょうせん",
        "name:ja-Latn": "Ōsaka Chūō Kanjō-sen",
        "oneway": "yes",
        "ref": "2",
        "surface": "asphalt",
        "wikidata": "Q11441371",
        "wikipedia": "ja:大阪府道2号大阪中央環状線"
      },
      "geometry": {
        "type": "LineString",
        "coordinates": [
          [
            135.4689419,
            34.8010773
          ],
          [
            135.4693154,
            34.8012602
          ],
          [
            135.4697886,
            34.8014912
          ],
          [
            135.470265,
            34.801715
          ],
          [
            135.4707364,
            34.801938
          ],
          [
            135.4711193,
            34.8021202
          ],
          [
            135.4715359,
            34.8023262
          ],
          [
            135.4716081,
            34.8023619
          ],
          [
            135.4720433,
            34.8025822
          ],
          [
            135.4724128,
            34.8027738
          ],
          [
            135.4728567,
            34.8030039
          ],
          [
            135.4732618,
            34.8032064
          ],
          [
            135.4737412,
            34.8034481
          ],
          [
            135.4739568,
            34.8035555
          ],
          [
            135.4741509,
            34.803657
          ],
          [
            135.4743496,
            34.8037584
          ],
          [
            135.4746571,
            34.8039163
          ],
          [
            135.4748033,
            34.8039917
          ],
          [
            135.4749406,
            34.8040608
          ],
          [
            135.4754262,
            34.8042742
          ],
          [
            135.4759157,
            34.804479
          ],
          [
            135.4761477,
            34.8045639
          ],
          [
            135.4764032,
            34.8046607
          ],
          [
            135.4766049,
            34.8047347
          ],
          [
            135.4767016,
            34.8047741
          ],
          [
            135.4768565,
            34.8048275
          ],
          [
            135.4771985,
            34.8049448
          ],
          [
            135.4774138,
            34.8050136
          ],
          [
            135.4776461,
            34.8050827
          ],
          [
            135.4779113,
            34.8051666
          ],
          [
            135.4782291,
            34.8052531
          ],
          [
            135.478382,
            34.8052939
          ],
          [
            135.4785369,
            34.805334
          ],
          [
            135.4786181,
            34.8053533
          ],
          [
            135.4788474,
            34.8054084
          ],
          [
            135.4790003,
            34.8054447
          ],
          [
            135.479108,
            34.8054669
          ],
          [
            135.4791791,
            34.8054816
          ],
          [
            135.4793007,
            34.8055102
          ],
          [
            135.4794133,
            34.8055328
          ],
          [
            135.479651,
            34.8055835
          ],
          [
            135.479878,
            34.8056253
          ],
          [
            135.4800417,
            34.8056573
          ],
          [
            135.4801859,
            34.8056829
          ],
          [
            135.4804574,
            34.8057288
          ],
          [
            135.4806948,
            34.8057668
          ],
          [
            135.4809435,
            34.805807
          ],
          [
            135.4811766,
            34.8058402
          ],
          [
            135.4814096,
            34.8058747
          ],
          [
            135.4816852,
            34.8059122
          ],
          [
            135.4819601,
            34.8059458
          ],
          [
            135.482176,
            34.8059733
          ],
          [
            135.4822828,
            34.8059881
          ],
          [
            135.4823719,
            34.8059978
          ],
          [
            135.4824794,
            34.80601
          ],
          [
            135.4825533,
            34.8060175
          ],
          [
            135.4826233,
            34.806025
          ],
          [
            135.4832207,
            34.8060837
          ],
          [
            135.4835493,
            34.8061175
          ],
          [
            135.4839825,
            34.8061568
          ],
          [
            135.488573,
            34.8065325
          ],
          [
            135.4892981,
            34.8065913
          ],
          [
            135.4901964,
            34.8066706
          ]
        ]
      },
      "id": "way/555882184"
    },
    {
      "type": "Feature",
      "properties": {
        "@id": "way/555882194",
        "highway": "primary",
        "lanes": "3",
        "maxspeed": "60",
        "name": "大阪中央環状線",
        "name:en": "Osaka Central Outer Ring Road",
        "name:ja": "大阪中央環状線",
        "name:ja-Hira": "おおさかちゅうおうかんじょうせん",
        "name:ja-Latn": "Ōsaka Chūō Kanjō-sen",
        "oneway": "yes",
        "oneway:bicycle": "yes",
        "ref": "2",
        "surface": "asphalt",
        "wikidata": "Q11441371",
        "wikipedia": "ja:大阪府道2号大阪中央環状線"
      },
      "geometry": {
        "type": "LineString",
        "coordinates": [
          [
            135.4661332,
            34.7996983
          ],
          [
            135.4660624,
            34.7996796
          ],
          [
            135.4656386,
            34.7995806
          ],
          [
            135.4652137,
            34.7994998
          ],
          [
            135.4644524,
            34.7994001
          ],
          [
            135.4638579,
            34.7993484
          ],
          [
            135.4635947,
            34.7993242
          ]
        ]
      },
      "id": "way/555882194"
    },
    {
      "type": "Feature",
      "properties": {
        "@id": "way/555882198",
        "bridge": "yes",
        "highway": "primary",
        "lanes": "3",
        "layer": "1",
        "maxspeed": "60",
        "name": "大阪中央環状線",
        "name:en": "Osaka Central Outer Ring Road",
        "name:ja": "大阪中央環状線",
        "name:ja-Hira": "おおさかちゅうおうかんじょうせん",
        "name:ja-Latn": "Ōsaka Chūō Kanjō-sen",
        "oneway": "yes",
        "ref": "2",
        "surface": "asphalt",
        "wikidata": "Q11441371",
        "wikipedia": "ja:大阪府道2号大阪中央環状線"
      },
      "geometry": {
        "type": "LineString",
        "coordinates": [
          [
            135.4672034,
            34.8003913
          ],
          [
            135.4672644,
            34.8004112
          ],
          [
            135.4673186,
            34.8004293
          ]
        ]
      },
      "id": "way/555882198"
    },
    {
      "type": "Feature",
      "properties": {
        "@id": "way/555882202",
        "bicycle": "no",
        "foot": "no",
        "highway": "motorway",
        "lanes": "2",
        "maxspeed": "100",
        "motorcar": "designated",
        "motorcycle": "designated",
        "name": "中国自動車道",
        "name:en": "Chugoku Expressway",
        "name:es": "Autopista Chugoku",
        "name:ja": "中国自動車道",
        "name:ko": "주코쿠자동차도",
        "name:ru": "Автомагистраль Тюгоку",
        "oneway": "yes",
        "ref": "E2A",
        "smoothness": "excellent",
        "source": "Bing 2010",
        "surface": "paved",
        "toll": "yes"
      },
      "geometry": {
        "type": "LineString",
        "coordinates": [
          [
            135.4586356,
            34.8000791
          ],
          [
            135.4584606,
            34.8001303
          ],
          [
            135.4582574,
            34.8001815
          ],
          [
            135.4579084,
            34.8002706
          ],
          [
            135.4576264,
            34.8003439
          ],
          [
            135.4574212,
            34.800394
          ],
          [
            135.4569998,
            34.8004983
          ],
          [
            135.4564643,
            34.8006143
          ],
          [
            135.4559168,
            34.8007296
          ],
          [
            135.4553611,
            34.800826
          ],
          [
            135.4548195,
            34.8009032
          ],
          [
            135.4543105,
            34.8009543
          ],
          [
            135.4537489,
            34.800982
          ],
          [
            135.4532693,
            34.8009886
          ],
          [
            135.4527251,
            34.8009723
          ],
          [
            135.4521892,
            34.8009293
          ],
          [
            135.4516448,
            34.8008637
          ],
          [
            135.4510477,
            34.8007697
          ]
        ]
      },
      "id": "way/555882202"
    },
    {
      "type": "Feature",
      "properties": {
        "@id": "way/555882209",
        "bicycle": "no",
        "bridge": "yes",
        "foot": "no",
        "highway": "motorway",
        "lanes": "2",
        "layer": "1",
        "maxspeed": "100",
        "motorcar": "designated",
        "motorcycle": "designated",
        "name": "中国自動車道",
        "name:en": "Chugoku Expressway",
        "name:es": "Autopista Chugoku",
        "name:ja": "中国自動車道",
        "name:ko": "주코쿠자동차도",
        "name:ru": "Автомагистраль Тюгоку",
        "oneway": "yes",
        "ref": "E2A",
        "smoothness": "excellent",
        "source": "Bing 2010",
        "surface": "paved",
        "toll": "yes"
      },
      "geometry": {
        "type": "LineString",
        "coordinates": [
          [
            135.4586678,
            34.8001835
          ],
          [
            135.4588971,
            34.8001336
          ],
          [
            135.4590909,
            34.8000752
          ],
          [
            135.459295,
            34.8000278
          ],
          [
            135.4603086,
            34.7998073
          ],
          [
            135.4607693,
            34.7997267
          ],
          [
            135.4612065,
            34.799661
          ],
          [
            135.4617609,
            34.7995953
          ],
          [
            135.4620902,
            34.7995693
          ],
          [
            135.4625702,
            34.799551
          ],
          [
            135.4631991,
            34.7995449
          ],
          [
            135.4636642,
            34.7995602
          ],
          [
            135.4641665,
            34.7996014
          ],
          [
            135.4645851,
            34.7996503
          ],
          [
            135.465026,
            34.7997114
          ],
          [
            135.4654379,
            34.7997793
          ],
          [
            135.4659674,
            34.7999008
          ],
          [
            135.4664716,
            34.8000276
          ],
          [
            135.4668548,
            34.8001392
          ],
          [
            135.4672455,
            34.8002675
          ],
          [
            135.4676548,
            34.8004111
          ],
          [
            135.4684399,
            34.8007151
          ],
          [
            135.4690129,
            34.8009626
          ]
        ]
      },
      "id": "way/555882209"
    },
    {
      "type": "Feature",
      "properties": {
        "@id": "way/555882217",
        "bicycle": "no",
        "bridge": "yes",
        "foot": "no",
        "highway": "motorway",
        "lanes": "2",
        "layer": "2",
        "maxspeed": "100",
        "motorcar": "designated",
        "motorcycle": "designated",
        "name": "中国自動車道",
        "name:en": "Chugoku Expressway",
        "name:es": "Autopista Chugoku",
        "name:ja": "中国自動車道",
        "name:ko": "주코쿠자동차도",
        "name:ru": "Автомагистраль Тюгоку",
        "oneway": "yes",
        "ref": "E2A",
        "smoothness": "excellent",
        "source": "Bing 2010",
        "surface": "asphalt",
        "toll": "yes"
      },
      "geometry": {
        "type": "LineString",
        "coordinates": [
          [
            135.4510477,
            34.8007697
          ],
          [
            135.4504834,
            34.8006683
          ],
          [
            135.4499099,
            34.8005623
          ],
          [
            135.4492466,
            34.8004462
          ],
          [
            135.4487643,
            34.8003734
          ],
          [
            135.4482417,
            34.8003053
          ],
          [
            135.4476633,
            34.8002398
          ],
          [
            135.4469969,
            34.8001855
          ],
          [
            135.4462303,
            34.8001429
          ],
          [
            135.4453557,
            34.8001176
          ],
          [
            135.4447904,
            34.8001191
          ],
          [
            135.444237,
            34.8001258
          ],
          [
            135.4436842,
            34.8001491
          ],
          [
            135.443147,
            34.800181
          ],
          [
            135.4425928,
            34.8002271
          ],
          [
            135.4420545,
            34.8002818
          ],
          [
            135.4415643,
            34.8003385
          ],
          [
            135.4414373,
            34.8003577
          ],
          [
            135.4412334,
            34.8003852
          ],
          [
            135.4411523,
            34.8003979
          ],
          [
            135.4410297,
            34.8004187
          ],
          [
            135.4407332,
            34.8004651
          ],
          [
            135.4404644,
            34.8005108
          ],
          [
            135.4399748,
            34.8006031
          ],
          [
            135.4395151,
            34.800702
          ],
          [
            135.4389369,
            34.8008426
          ],
          [
            135.438459,
            34.8009793
          ],
          [
            135.4380105,
            34.801127
          ],
          [
            135.4375403,
            34.8012962
          ],
          [
            135.4370654,
            34.8014977
          ],
          [
            135.4365872,
            34.8017257
          ],
          [
            135.4361375,
            34.8019704
          ],
          [
            135.4356756,
            34.8022444
          ],
          [
            135.4352347,
            34.8025359
          ],
          [
            135.4347965,
            34.8028532
          ],
          [
            135.4343574,
            34.8031977
          ],
          [
            135.4339439,
            34.8035377
          ],
          [
            135.4335006,
            34.8039275
          ],
          [
            135.4331284,
            34.8042799
          ],
          [
            135.4327614,
            34.8046292
          ],
          [
            135.4319361,
            34.8054481
          ],
          [
            135.4308855,
            34.8064602
          ]
        ]
      },
      "id": "way/555882217"
    },
    {
      "type": "Feature",
      "properties": {
        "@id": "way/555882225",
        "bicycle": "no",
        "foot": "no",
        "highway": "motorway",
        "lanes": "2",
        "maxspeed": "100",
        "motorcar": "designated",
        "motorcycle": "designated",
        "name": "中国自動車道",
        "name:en": "Chugoku Expressway",
        "name:es": "Autopista Chugoku",
        "name:ja": "中国自動車道",
        "name:ko": "주코쿠자동차도",
        "name:ru": "Автомагистраль Тюгоку",
        "oneway": "yes",
        "ref": "E2A",
        "smoothness": "excellent",
        "source": "Bing 2010",
        "surface": "paved",
        "toll": "yes"
      },
      "geometry": {
        "type": "LineString",
        "coordinates": [
          [
            135.4510245,
            34.8008588
          ],
          [
            135.4515733,
            34.8009463
          ],
          [
            135.4521929,
            34.8010291
          ],
          [
            135.4527274,
            34.8010731
          ],
          [
            135.4532768,
            34.8010914
          ],
          [
            135.4537367,
            34.8010889
          ],
          [
            135.4543101,
            34.801061
          ],
          [
            135.4548422,
            34.8010082
          ],
          [
            135.4553908,
            34.8009293
          ],
          [
            135.4559319,
            34.8008364
          ],
          [
            135.4565261,
            34.8007123
          ],
          [
            135.4570513,
            34.8005934
          ],
          [
            135.4578571,
            34.8003962
          ],
          [
            135.458067,
            34.8003428
          ],
          [
            135.4582782,
            34.8002889
          ],
          [
            135.458472,
            34.8002399
          ],
          [
            135.4586678,
            34.8001835
          ]
        ]
      },
      "id": "way/555882225"
    },
    {
      "type": "Feature",
      "properties": {
        "@id": "way/555882233",
        "bicycle": "no",
        "bridge": "yes",
        "foot": "no",
        "hgv:lanes": "yes|no|no",
        "highway": "motorway",
        "lanes": "3",
        "layer": "1",
        "maxspeed": "100",
        "motorcar": "designated",
        "motorcycle": "designated",
        "name": "中国自動車道",
        "name:en": "Chugoku Expressway",
        "name:es": "Autopista Chugoku",
        "name:ja": "中国自動車道",
        "name:ko": "주코쿠자동차도",
        "name:ru": "Автомагистраль Тюгоку",
        "oneway": "yes",
        "ref": "E2A",
        "smoothness": "excellent",
        "source": "Bing 2010",
        "surface": "asphalt",
        "toll": "yes"
      },
      "geometry": {
        "type": "LineString",
        "coordinates": [
          [
            135.4102215,
            34.811186
          ],
          [
            135.4115142,
            34.8111543
          ],
          [
            135.4136208,
            34.811077
          ],
          [
            135.4140014,
            34.8110613
          ],
          [
            135.4169698,
            34.810889
          ],
          [
            135.4186886,
            34.8107639
          ],
          [
            135.4204073,
            34.8106207
          ],
          [
            135.421359,
            34.8105311
          ],
          [
            135.4219471,
            34.8104666
          ],
          [
            135.4225398,
            34.8103931
          ],
          [
            135.4230488,
            34.8103282
          ],
          [
            135.4235702,
            34.8102485
          ],
          [
            135.4240845,
            34.8101615
          ],
          [
            135.4246209,
            34.8100508
          ],
          [
            135.4251295,
            34.8099285
          ],
          [
            135.4256651,
            34.8097827
          ],
          [
            135.4261225,
            34.8096298
          ],
          [
            135.426572,
            34.8094673
          ],
          [
            135.4270138,
            34.8092879
          ],
          [
            135.4273281,
            34.8091399
          ],
          [
            135.4275477,
            34.809031
          ],
          [
            135.4278958,
            34.8088504
          ],
          [
            135.4281887,
            34.8086897
          ],
          [
            135.4285358,
            34.8084816
          ],
          [
            135.4288721,
            34.8082645
          ],
          [
            135.4293548,
            34.8079198
          ],
          [
            135.4298372,
            34.8075461
          ],
          [
            135.4301655,
            34.8072738
          ],
          [
            135.430485,
            34.8069945
          ]
        ]
      },
      "id": "way/555882233"
    },
    {
      "type": "Feature",
      "properties": {
        "@id": "way/555892249",
        "bridge": "yes",
        "highway": "trunk",
        "lanes": "4",
        "layer": "1",
        "maxspeed": "60",
        "name": "国道176号",
        "name:en": "National Highway Route 176",
        "name:ja": "国道176号",
        "oneway": "yes",
        "ref": "176",
        "source": "Bing 2012;GSImaps/std",
        "surface": "asphalt"
      },
      "geometry": {
        "type": "LineString",
        "coordinates": [
          [
            135.4362617,
            34.8017557
          ],
          [
            135.4358044,
            34.8020148
          ],
          [
            135.435418,
            34.8022505
          ],
          [
            135.4349024,
            34.8026081
          ],
          [
            135.4344211,
            34.8029676
          ]
        ]
      },
      "id": "way/555892249"
    },
    {
      "type": "Feature",
      "properties": {
        "@id": "way/556178710",
        "highway": "trunk",
        "lanes": "2",
        "maxspeed": "50",
        "name": "国道176号",
        "name:en": "National Highway Route 176",
        "name:ja": "国道176号",
        "oneway": "yes",
        "ref": "176",
        "source": "Bing 2012;GSImaps/std",
        "surface": "asphalt"
      },
      "geometry": {
        "type": "LineString",
        "coordinates": [
          [
            135.4102054,
            34.8109172
          ],
          [
            135.4092747,
            34.8109182
          ],
          [
            135.40832,
            34.8109083
          ],
          [
            135.406921,
            34.810864
          ]
        ]
      },
      "id": "way/556178710"
    },
    {
      "type": "Feature",
      "properties": {
        "@id": "way/556178711",
        "bridge": "yes",
        "highway": "trunk",
        "lanes": "2",
        "layer": "1",
        "maxspeed": "50",
        "name": "国道176号",
        "name:en": "National Highway Route 176",
        "name:ja": "国道176号",
        "oneway": "yes",
        "oneway:bicycle": "yes",
        "ref": "176",
        "source": "GSImaps/std;Bing 2012",
        "surface": "asphalt"
      },
      "geometry": {
        "type": "LineString",
        "coordinates": [
          [
            135.410226,
            34.8113263
          ],
          [
            135.4116568,
            34.8112789
          ],
          [
            135.4133242,
            34.8112143
          ],
          [
            135.4146191,
            34.8111518
          ],
          [
            135.4159816,
            34.8110717
          ],
          [
            135.4169752,
            34.810998
          ]
        ]
      },
      "id": "way/556178711"
    },
    {
      "type": "Feature",
      "properties": {
        "@id": "way/556191879",
        "bicycle": "no",
        "bridge": "yes",
        "foot": "no",
        "highway": "motorway",
        "lanes": "2",
        "layer": "2",
        "maxspeed": "100",
        "motorcar": "designated",
        "motorcycle": "designated",
        "name": "中国自動車道",
        "name:en": "Chugoku Expressway",
        "name:es": "Autopista Chugoku",
        "name:ja": "中国自動車道",
        "name:ko": "주코쿠자동차도",
        "name:ru": "Автомагистраль Тюгоку",
        "oneway": "yes",
        "ref": "E2A",
        "smoothness": "excellent",
        "source": "Bing 2010",
        "surface": "asphalt",
        "toll": "yes"
      },
      "geometry": {
        "type": "LineString",
        "coordinates": [
          [
            135.4309914,
            34.8065233
          ],
          [
            135.4320174,
            34.8055162
          ],
          [
            135.432845,
            34.8046886
          ],
          [
            135.4330353,
            34.8045093
          ],
          [
            135.4332153,
            34.804338
          ],
          [
            135.4335942,
            34.8039863
          ],
          [
            135.4340361,
            34.8035917
          ],
          [
            135.4344477,
            34.8032535
          ],
          [
            135.4348822,
            34.8029152
          ],
          [
            135.4353066,
            34.8026104
          ],
          [
            135.4357444,
            34.802321
          ],
          [
            135.4361945,
            34.8020564
          ],
          [
            135.4366299,
            34.8018256
          ],
          [
            135.4371163,
            34.8015915
          ],
          [
            135.4375713,
            34.8013999
          ],
          [
            135.4380593,
            34.8012181
          ],
          [
            135.4385232,
            34.8010696
          ],
          [
            135.438914,
            34.8009527
          ],
          [
            135.4391172,
            34.8009001
          ],
          [
            135.4393337,
            34.8008458
          ],
          [
            135.4395369,
            34.8007954
          ],
          [
            135.4397448,
            34.8007497
          ],
          [
            135.4399562,
            34.8007052
          ],
          [
            135.4401746,
            34.8006616
          ],
          [
            135.4402953,
            34.8006402
          ],
          [
            135.4403805,
            34.8006236
          ],
          [
            135.4405168,
            34.8005997
          ],
          [
            135.4407319,
            34.8005631
          ],
          [
            135.4409377,
            34.8005295
          ],
          [
            135.4411523,
            34.8004949
          ],
          [
            135.4413629,
            34.8004656
          ],
          [
            135.441539,
            34.8004383
          ],
          [
            135.441796,
            34.8004073
          ],
          [
            135.4420206,
            34.8003792
          ],
          [
            135.4422741,
            34.8003494
          ],
          [
            135.4424807,
            34.8003324
          ],
          [
            135.4426931,
            34.8003132
          ],
          [
            135.443206,
            34.8002759
          ],
          [
            135.4437013,
            34.8002495
          ],
          [
            135.4442208,
            34.8002246
          ],
          [
            135.4446709,
            34.8002148
          ],
          [
            135.4448322,
            34.8002129
          ],
          [
            135.4453508,
            34.8002132
          ],
          [
            135.4462227,
            34.8002345
          ],
          [
            135.4469749,
            34.8002777
          ],
          [
            135.4476204,
            34.8003238
          ],
          [
            135.4482251,
            34.8003969
          ],
          [
            135.4487273,
            34.8004631
          ],
          [
            135.4492269,
            34.8005359
          ],
          [
            135.4498899,
            34.8006538
          ],
          [
            135.4504506,
            34.8007571
          ],
          [
            135.4510245,
            34.8008588
          ]
        ]
      },
      "id": "way/556191879"
    },
    {
      "type": "Feature",
      "properties": {
        "@id": "way/557945832",
        "bicycle": "no",
        "bridge": "yes",
        "foot": "no",
        "highway": "trunk",
        "lanes": "2",
        "layer": "1",
        "maxspeed": "60",
        "name": "新御堂筋",
        "name:en": "shin-midousuji",
        "name:ja": "新御堂筋",
        "name:ja-Hira": "しんみどうすじ",
        "name:ja-Latn": "shin-midousuji",
        "official_name": "国道423号",
        "official_name:en": "National Route 423",
        "oneway": "yes",
        "ref": "423",
        "source": "GSImaps/std",
        "surface": "paved"
      },
      "geometry": {
        "type": "LineString",
        "coordinates": [
          [
            135.4957201,
            34.7969525
          ],
          [
            135.4951977,
            34.7980411
          ],
          [
            135.4948303,
            34.7987992
          ]
        ]
      },
      "id": "way/557945832"
    },
    {
      "type": "Feature",
      "properties": {
        "@id": "way/557945833",
        "bicycle": "no",
        "bridge": "yes",
        "foot": "no",
        "highway": "trunk",
        "lanes": "2",
        "layer": "1",
        "maxspeed": "60",
        "name": "新御堂筋",
        "name:en": "shin-midousuji",
        "name:ja": "新御堂筋",
        "name:ja-Hira": "しんみどうすじ",
        "name:ja-Latn": "shin-midousuji",
        "official_name": "国道423号",
        "official_name:en": "National Route 423",
        "oneway": "yes",
        "ref": "423",
        "source": "GSImaps/std",
        "surface": "paved"
      },
      "geometry": {
        "type": "LineString",
        "coordinates": [
          [
            135.4971669,
            34.7851184
          ],
          [
            135.4972473,
            34.7871334
          ]
        ]
      },
      "id": "way/557945833"
    },
    {
      "type": "Feature",
      "properties": {
        "@id": "way/557945835",
        "bicycle": "no",
        "bridge": "yes",
        "foot": "no",
        "highway": "trunk",
        "lanes": "2",
        "layer": "1",
        "maxspeed": "60",
        "name": "新御堂筋",
        "name:en": "shin-midousuji",
        "name:ja": "新御堂筋",
        "name:ja-Hira": "しんみどうすじ",
        "name:ja-Latn": "shin-midousuji",
        "official_name": "国道423号",
        "official_name:en": "National Route 423",
        "oneway": "yes",
        "ref": "423",
        "source": "GSImaps/std",
        "surface": "paved"
      },
      "geometry": {
        "type": "LineString",
        "coordinates": [
          [
            135.4974318,
            34.7871276
          ],
          [
            135.497354,
            34.7851137
          ]
        ]
      },
      "id": "way/557945835"
    },
    {
      "type": "Feature",
      "properties": {
        "@id": "way/557945836",
        "bicycle": "no",
        "foot": "no",
        "highway": "trunk",
        "lanes": "2",
        "maxspeed": "60",
        "name": "新御堂筋",
        "name:en": "shin-midousuji",
        "name:ja": "新御堂筋",
        "name:ja-Hira": "しんみどうすじ",
        "name:ja-Latn": "shin-midousuji",
        "official_name": "国道423号",
        "official_name:en": "National Route 423",
        "oneway": "yes",
        "ref": "423",
        "source": "GSImaps/std",
        "surface": "paved"
      },
      "geometry": {
        "type": "LineString",
        "coordinates": [
          [
            135.4970798,
            34.7827571
          ],
          [
            135.4971241,
            34.7840486
          ],
          [
            135.4971669,
            34.7851184
          ]
        ]
      },
      "id": "way/557945836"
    },
    {
      "type": "Feature",
      "properties": {
        "@id": "way/557945838",
        "bicycle": "no",
        "foot": "no",
        "highway": "trunk",
        "lanes": "2",
        "maxspeed": "60",
        "name": "新御堂筋",
        "name:en": "shin-midousuji",
        "name:ja": "新御堂筋",
        "name:ja-Hira": "しんみどうすじ",
        "name:ja-Latn": "shin-midousuji",
        "official_name": "国道423号",
        "official_name:en": "National Route 423",
        "oneway": "yes",
        "ref": "423",
        "source": "GSImaps/std",
        "surface": "paved"
      },
      "geometry": {
        "type": "LineString",
        "coordinates": [
          [
            135.497354,
            34.7851137
          ],
          [
            135.497323,
            34.7840479
          ],
          [
            135.4972663,
            34.782757
          ]
        ]
      },
      "id": "way/557945838"
    },
    {
      "type": "Feature",
      "properties": {
        "@id": "way/557945839",
        "bicycle": "no",
        "bridge": "yes",
        "foot": "no",
        "highway": "trunk",
        "lanes": "2",
        "layer": "1",
        "maxspeed": "60",
        "name": "新御堂筋",
        "name:en": "shin-midousuji",
        "name:ja": "新御堂筋",
        "name:ja-Hira": "しんみどうすじ",
        "name:ja-Latn": "shin-midousuji",
        "official_name": "国道423号",
        "official_name:en": "National Route 423",
        "oneway": "yes",
        "ref": "423",
        "source": "GSImaps/std",
        "surface": "paved"
      },
      "geometry": {
        "type": "LineString",
        "coordinates": [
          [
            135.4972663,
            34.782757
          ],
          [
            135.4972308,
            34.7819822
          ],
          [
            135.497221,
            34.7818232
          ]
        ]
      },
      "id": "way/557945839"
    },
    {
      "type": "Feature",
      "properties": {
        "@id": "way/557945841",
        "bicycle": "no",
        "bridge": "yes",
        "foot": "no",
        "highway": "trunk",
        "lanes": "2",
        "layer": "1",
        "maxspeed": "60",
        "name": "新御堂筋",
        "name:en": "shin-midousuji",
        "name:ja": "新御堂筋",
        "name:ja-Hira": "しんみどうすじ",
        "name:ja-Latn": "shin-midousuji",
        "official_name": "国道423号",
        "official_name:en": "National Route 423",
        "oneway": "yes",
        "ref": "423",
        "source": "GSImaps/std",
        "surface": "paved"
      },
      "geometry": {
        "type": "LineString",
        "coordinates": [
          [
            135.4970398,
            34.7818343
          ],
          [
            135.4970798,
            34.7827571
          ]
        ]
      },
      "id": "way/557945841"
    },
    {
      "type": "Feature",
      "properties": {
        "@id": "way/557945842",
        "bridge": "yes",
        "highway": "trunk",
        "lanes": "1",
        "layer": "2",
        "maxspeed": "40",
        "name": "国道423号",
        "oneway": "yes",
        "ref": "423",
        "source": "GSImaps/std",
        "surface": "paved"
      },
      "geometry": {
        "type": "LineString",
        "coordinates": [
          [
            135.4973767,
            34.7827558
          ],
          [
            135.4973398,
            34.7818164
          ]
        ]
      },
      "id": "way/557945842"
    },
    {
      "type": "Feature",
      "properties": {
        "@id": "way/557945844",
        "bicycle": "no",
        "foot": "no",
        "highway": "trunk",
        "lanes": "2",
        "maxspeed": "60",
        "name": "新御堂筋",
        "name:en": "shin-midousuji",
        "name:ja": "新御堂筋",
        "name:ja-Hira": "しんみどうすじ",
        "name:ja-Latn": "shin-midousuji",
        "official_name": "国道423号",
        "official_name:en": "National Route 423",
        "oneway": "yes",
        "ref": "423",
        "source": "GSImaps/std",
        "surface": "asphalt"
      },
      "geometry": {
        "type": "LineString",
        "coordinates": [
          [
            135.497221,
            34.7818232
          ],
          [
            135.4971741,
            34.7811463
          ],
          [
            135.4971104,
            34.7806727
          ],
          [
            135.4970334,
            34.7802658
          ],
          [
            135.4968955,
            34.7796408
          ]
        ]
      },
      "id": "way/557945844"
    },
    {
      "type": "Feature",
      "properties": {
        "@id": "way/557945846",
        "bicycle": "no",
        "foot": "no",
        "highway": "trunk",
        "lanes": "2",
        "maxspeed": "60",
        "name": "新御堂筋",
        "name:en": "shin-midousuji",
        "name:ja": "新御堂筋",
        "name:ja-Hira": "しんみどうすじ",
        "name:ja-Latn": "shin-midousuji",
        "official_name": "国道423号",
        "official_name:en": "National Route 423",
        "oneway": "yes",
        "ref": "423",
        "source": "GSImaps/std",
        "surface": "asphalt"
      },
      "geometry": {
        "type": "LineString",
        "coordinates": [
          [
            135.4967125,
            34.7796677
          ],
          [
            135.4968497,
            34.7803077
          ],
          [
            135.4969088,
            34.7806843
          ],
          [
            135.4969819,
            34.7811366
          ],
          [
            135.4970391,
            34.7818124
          ],
          [
            135.4970398,
            34.7818343
          ]
        ]
      },
      "id": "way/557945846"
    },
    {
      "type": "Feature",
      "properties": {
        "@id": "way/557945848",
        "bridge": "yes",
        "highway": "trunk",
        "lanes": "1",
        "layer": "2",
        "maxspeed": "40",
        "name": "国道423号",
        "oneway": "yes",
        "ref": "423",
        "source": "GSImaps/std",
        "surface": "paved"
      },
      "geometry": {
        "type": "LineString",
        "coordinates": [
          [
            135.496928,
            34.7818323
          ],
          [
            135.496964,
            34.7827626
          ]
        ]
      },
      "id": "way/557945848"
    },
    {
      "type": "Feature",
      "properties": {
        "@id": "way/557945850",
        "bicycle": "no",
        "bridge": "yes",
        "foot": "no",
        "highway": "trunk",
        "lanes": "2",
        "layer": "1",
        "maxspeed": "60",
        "name": "新御堂筋",
        "name:en": "shin-midousuji",
        "name:ja": "新御堂筋",
        "name:ja-Hira": "しんみどうすじ",
        "name:ja-Latn": "shin-midousuji",
        "official_name": "国道423号",
        "official_name:en": "National Route 423",
        "oneway": "yes",
        "ref": "423",
        "source": "GSImaps/std",
        "surface": "asphalt"
      },
      "geometry": {
        "type": "LineString",
        "coordinates": [
          [
            135.4960133,
            34.7776267
          ],
          [
            135.4965029,
            34.7789788
          ],
          [
            135.4967125,
            34.7796677
          ]
        ]
      },
      "id": "way/557945850"
    },
    {
      "type": "Feature",
      "properties": {
        "@id": "way/557945855",
        "bicycle": "no",
        "bridge": "yes",
        "foot": "no",
        "highway": "trunk",
        "lanes": "2",
        "layer": "1",
        "maxspeed": "60",
        "name": "新御堂筋",
        "name:en": "shin-midousuji",
        "name:ja": "新御堂筋",
        "name:ja-Hira": "しんみどうすじ",
        "name:ja-Latn": "shin-midousuji",
        "official_name": "国道423号",
        "official_name:en": "National Route 423",
        "oneway": "yes",
        "ref": "423",
        "source": "GSImaps/std",
        "surface": "asphalt"
      },
      "geometry": {
        "type": "LineString",
        "coordinates": [
          [
            135.4968955,
            34.7796408
          ],
          [
            135.4966919,
            34.7789372
          ],
          [
            135.4961852,
            34.7775791
          ]
        ]
      },
      "id": "way/557945855"
    },
    {
      "type": "Feature",
      "properties": {
        "@id": "way/562394805",
        "highway": "primary",
        "lanes": "2",
        "name": "大阪池田線",
        "name:en": "Osaka Ikeda Line",
        "name:ja": "大阪池田線",
        "name:ja-Hira": "おおさかいけだせん",
        "name:ja-Latn": "Ōsaka Ikeda-sen",
        "ref": "10",
        "source": "GSImaps/std",
        "surface": "asphalt",
        "wikidata": "Q11441238",
        "wikipedia": "ja:大阪府道10号・兵庫県道100号大阪池田線"
      },
      "geometry": {
        "type": "LineString",
        "coordinates": [
          [
            135.4403686,
            34.8048418
          ],
          [
            135.4404575,
            34.8048868
          ]
        ]
      },
      "id": "way/562394805"
    },
    {
      "type": "Feature",
      "properties": {
        "@id": "way/562409458",
        "highway": "trunk",
        "lanes": "2",
        "name": "国道171号",
        "name:en": "National Highway Route 171",
        "name:ja": "国道171号",
        "oneway": "yes",
        "oneway:bicycle": "yes",
        "ref": "171",
        "source": "GSImaps/std",
        "surface": "asphalt"
      },
      "geometry": {
        "type": "LineString",
        "coordinates": [
          [
            135.4412166,
            34.8108457
          ],
          [
            135.440907,
            34.8108542
          ],
          [
            135.4405517,
            34.8108639
          ],
          [
            135.440356,
            34.8108693
          ],
          [
            135.4401261,
            34.8108704
          ],
          [
            135.4400145,
            34.810871
          ],
          [
            135.4398762,
            34.8108717
          ],
          [
            135.4385914,
            34.8108977
          ],
          [
            135.4385481,
            34.8108978
          ],
          [
            135.4372402,
            34.8109136
          ],
          [
            135.4362123,
            34.8109224
          ],
          [
            135.4351479,
            34.8109348
          ],
          [
            135.4350076,
            34.8109374
          ]
        ]
      },
      "id": "way/562409458"
    },
    {
      "type": "Feature",
      "properties": {
        "@id": "way/562409462",
        "bicycle": "no",
        "foot": "no",
        "highway": "trunk",
        "lanes": "2",
        "name": "国道171号",
        "name:en": "National Highway Route 171",
        "name:ja": "国道171号",
        "oneway": "yes",
        "oneway:bicycle": "yes",
        "ref": "171",
        "source": "GSImaps/std",
        "surface": "asphalt"
      },
      "geometry": {
        "type": "LineString",
        "coordinates": [
          [
            135.4408896,
            34.8109505
          ],
          [
            135.4413753,
            34.8109213
          ],
          [
            135.442307,
            34.8108932
          ],
          [
            135.4434083,
            34.8108652
          ]
        ]
      },
      "id": "way/562409462"
    },
    {
      "type": "Feature",
      "properties": {
        "@id": "way/562499557",
        "highway": "trunk",
        "lanes": "2",
        "maxspeed": "40",
        "motorroad": "no",
        "name": "国道176号",
        "name:en": "National Highway Route 176",
        "name:ja": "国道176号",
        "ref": "176;423;477",
        "source": "GSImaps/std",
        "surface": "asphalt"
      },
      "geometry": {
        "type": "LineString",
        "coordinates": [
          [
            135.4472387,
            34.8071601
          ],
          [
            135.4472497,
            34.8070232
          ],
          [
            135.4472615,
            34.8069609
          ],
          [
            135.447268,
            34.8069267
          ]
        ]
      },
      "id": "way/562499557"
    },
    {
      "type": "Feature",
      "properties": {
        "@id": "way/562499562",
        "highway": "trunk",
        "lanes": "2",
        "maxspeed": "40",
        "name": "国道176号",
        "name:en": "National Highway Route 176",
        "name:ja": "国道176号",
        "ref": "176;423;477",
        "source": "Bing,2009-11;GSImaps/std",
        "surface": "asphalt"
      },
      "geometry": {
        "type": "LineString",
        "coordinates": [
          [
            135.4449605,
            34.8100722
          ],
          [
            135.4449397,
            34.8100874
          ]
        ]
      },
      "id": "way/562499562"
    },
    {
      "type": "Feature",
      "properties": {
        "@id": "way/562520403",
        "highway": "primary",
        "lanes": "2",
        "name": "大阪池田線",
        "name:en": "Osaka Ikeda Line",
        "name:ja": "大阪池田線",
        "name:ja-Hira": "おおさかいけだせん",
        "name:ja-Latn": "Ōsaka Ikeda-sen",
        "ref": "10",
        "source": "GSImaps/std",
        "surface": "asphalt",
        "wikidata": "Q11441238",
        "wikipedia": "ja:大阪府道10号・兵庫県道100号大阪池田線"
      },
      "geometry": {
        "type": "LineString",
        "coordinates": [
          [
            135.4471471,
            34.8069283
          ],
          [
            135.447268,
            34.8069267
          ]
        ]
      },
      "id": "way/562520403"
    },
    {
      "type": "Feature",
      "properties": {
        "@id": "way/563501053",
        "highway": "primary",
        "lanes": "2",
        "name": "大阪池田線",
        "name:en": "Osaka Ikeda Line",
        "name:ja": "大阪池田線",
        "name:ja-Hira": "おおさかいけだせん",
        "name:ja-Latn": "Ōsaka Ikeda-sen",
        "oneway": "yes",
        "ref": "10",
        "source": "NRPB of MLIT Japan",
        "source:ja": "国土画像情報（オルソ化空中写真）国土交通省",
        "surface": "asphalt",
        "wikidata": "Q11441238",
        "wikipedia": "ja:大阪府道10号・兵庫県道100号大阪池田線"
      },
      "geometry": {
        "type": "LineString",
        "coordinates": [
          [
            135.44911,
            34.7871926
          ],
          [
            135.4486472,
            34.7877144
          ],
          [
            135.4482544,
            34.7881596
          ],
          [
            135.4482198,
            34.7881988
          ],
          [
            135.4481098,
            34.7883032
          ],
          [
            135.4479218,
            34.7885333
          ],
          [
            135.4477296,
            34.7887634
          ]
        ]
      },
      "id": "way/563501053"
    },
    {
      "type": "Feature",
      "properties": {
        "@id": "way/563598506",
        "highway": "primary",
        "lanes": "2",
        "name": "大阪池田線",
        "name:en": "Osaka Ikeda Line",
        "name:ja": "大阪池田線",
        "name:ja-Hira": "おおさかいけだせん",
        "name:ja-Latn": "Ōsaka Ikeda-sen",
        "oneway": "yes",
        "oneway:bicycle": "yes",
        "ref": "10",
        "surface": "asphalt",
        "wikidata": "Q11441238",
        "wikipedia": "ja:大阪府道10号・兵庫県道100号大阪池田線"
      },
      "geometry": {
        "type": "LineString",
        "coordinates": [
          [
            135.4464367,
            34.7907101
          ],
          [
            135.4473901,
            34.7895529
          ],
          [
            135.4474716,
            34.789454
          ],
          [
            135.4475224,
            34.7893911
          ],
          [
            135.4477407,
            34.789121
          ],
          [
            135.4480779,
            34.7887105
          ],
          [
            135.4485277,
            34.7881681
          ],
          [
            135.4488235,
            34.7878161
          ],
          [
            135.4493725,
            34.7871868
          ]
        ]
      },
      "id": "way/563598506"
    },
    {
      "type": "Feature",
      "properties": {
        "@id": "way/563637662",
        "highway": "primary",
        "lanes": "1",
        "name": "大阪国際空港線",
        "name:en": "Osaka International Airport Line",
        "name:ja": "大阪国際空港線",
        "name:ja-Hira": "おおさかこくさいくうこうせん",
        "name:ja-Latn": "Ōsakakokusaikūkō-sen",
        "oneway": "yes",
        "oneway:bicycle": "yes",
        "ref": "11",
        "surface": "asphalt",
        "wikidata": "Q11441244",
        "wikipedia": "ja:大阪府道11号大阪国際空港線"
      },
      "geometry": {
        "type": "LineString",
        "coordinates": [
          [
            135.4506595,
            34.7918572
          ],
          [
            135.4506068,
            34.7919485
          ],
          [
            135.4505665,
            34.7920224
          ],
          [
            135.4504335,
            34.7922461
          ],
          [
            135.4504049,
            34.7922984
          ],
          [
            135.4503808,
            34.7923425
          ],
          [
            135.4503842,
            34.792378
          ]
        ]
      },
      "id": "way/563637662"
    },
    {
      "type": "Feature",
      "properties": {
        "@id": "way/563637665",
        "bridge": "yes",
        "highway": "primary",
        "lanes": "1",
        "layer": "1",
        "name": "大阪国際空港線",
        "name:en": "Osaka International Airport Line",
        "name:ja": "大阪国際空港線",
        "name:ja-Hira": "おおさかこくさいくうこうせん",
        "name:ja-Latn": "Ōsakakokusaikūkō-sen",
        "oneway": "yes",
        "oneway:bicycle": "yes",
        "ref": "11",
        "surface": "asphalt",
        "wikidata": "Q11441244",
        "wikipedia": "ja:大阪府道11号大阪国際空港線"
      },
      "geometry": {
        "type": "LineString",
        "coordinates": [
          [
            135.450755,
            34.7918948
          ],
          [
            135.4507701,
            34.7918678
          ],
          [
            135.4508036,
            34.7918028
          ],
          [
            135.4508343,
            34.7917364
          ],
          [
            135.4508763,
            34.7916101
          ],
          [
            135.4508881,
            34.7915533
          ],
          [
            135.4509017,
            34.7914835
          ],
          [
            135.4509095,
            34.791381
          ],
          [
            135.4509088,
            34.7913314
          ],
          [
            135.4509061,
            34.7912728
          ],
          [
            135.4508974,
            34.7912108
          ],
          [
            135.4508867,
            34.7911581
          ],
          [
            135.4508776,
            34.7911102
          ]
        ]
      },
      "id": "way/563637665"
    },
    {
      "type": "Feature",
      "properties": {
        "@id": "way/563637673",
        "highway": "primary",
        "lanes": "1",
        "maxspeed": "40",
        "name": "大阪国際空港線",
        "name:en": "Osaka International Airport Line",
        "name:ja": "大阪国際空港線",
        "name:ja-Hira": "おおさかこくさいくうこうせん",
        "name:ja-Latn": "Ōsakakokusaikūkō-sen",
        "oneway": "yes",
        "oneway:bicycle": "yes",
        "ref": "11",
        "surface": "asphalt",
        "wikidata": "Q11441244",
        "wikipedia": "ja:大阪府道11号大阪国際空港線"
      },
      "geometry": {
        "type": "LineString",
        "coordinates": [
          [
            135.4508776,
            34.7911102
          ],
          [
            135.4508746,
            34.7911025
          ],
          [
            135.4508592,
            34.7910416
          ],
          [
            135.4508168,
            34.7909266
          ],
          [
            135.4507873,
            34.7908593
          ],
          [
            135.4507128,
            34.790719
          ],
          [
            135.4505429,
            34.7904636
          ],
          [
            135.4504387,
            34.7903312
          ],
          [
            135.4501009,
            34.7898988
          ],
          [
            135.4499384,
            34.7897196
          ],
          [
            135.4498162,
            34.7896066
          ],
          [
            135.4496992,
            34.7895092
          ],
          [
            135.4495869,
            34.7894391
          ],
          [
            135.4494367,
            34.7893624
          ],
          [
            135.4492296,
            34.7892858
          ],
          [
            135.449073,
            34.7892443
          ],
          [
            135.4488422,
            34.7892105
          ],
          [
            135.4487558,
            34.7892018
          ],
          [
            135.4486404,
            34.7892036
          ],
          [
            135.4485123,
            34.7892075
          ],
          [
            135.4484519,
            34.7892113
          ],
          [
            135.4484023,
            34.7892173
          ],
          [
            135.4482913,
            34.7892362
          ],
          [
            135.4481098,
            34.7892686
          ],
          [
            135.4480456,
            34.7892801
          ],
          [
            135.4479906,
            34.7892851
          ],
          [
            135.4479239,
            34.7892854
          ],
          [
            135.4478454,
            34.789278
          ],
          [
            135.4477957,
            34.7892646
          ],
          [
            135.4477421,
            34.7892436
          ],
          [
            135.4477184,
            34.7892217
          ],
          [
            135.4477107,
            34.7892042
          ],
          [
            135.4477116,
            34.7891782
          ],
          [
            135.4477407,
            34.789121
          ]
        ]
      },
      "id": "way/563637673"
    },
    {
      "type": "Feature",
      "properties": {
        "@id": "way/563838769",
        "highway": "trunk",
        "lanes": "4",
        "layer": "1",
        "maxspeed": "60",
        "name": "国道176号",
        "name:en": "National Highway Route 176",
        "name:ja": "国道176号",
        "oneway": "yes",
        "ref": "176",
        "source": "Bing 2012;GSImaps/std",
        "surface": "asphalt"
      },
      "geometry": {
        "type": "LineString",
        "coordinates": [
          [
            135.4366371,
            34.8019692
          ],
          [
            135.4371854,
            34.8017056
          ]
        ]
      },
      "id": "way/563838769"
    },
    {
      "type": "Feature",
      "properties": {
        "@id": "way/563838770",
        "bridge": "yes",
        "highway": "trunk",
        "lanes": "2",
        "layer": "1",
        "maxspeed": "60",
        "name": "国道176号",
        "name:en": "National Highway Route 176",
        "name:ja": "国道176号",
        "oneway": "yes",
        "oneway:bicycle": "yes",
        "ref": "176",
        "source": "Bing 2012;GSImaps/std",
        "surface": "asphalt"
      },
      "geometry": {
        "type": "LineString",
        "coordinates": [
          [
            135.4203308,
            34.8107435
          ],
          [
            135.4215978,
            34.8106146
          ],
          [
            135.4224401,
            34.8105221
          ],
          [
            135.4230662,
            34.8104368
          ],
          [
            135.4236851,
            34.8103358
          ],
          [
            135.4241424,
            34.8102583
          ],
          [
            135.4246583,
            34.8101556
          ],
          [
            135.4251579,
            34.8100376
          ],
          [
            135.4256309,
            34.8099075
          ],
          [
            135.4260279,
            34.8097836
          ],
          [
            135.4265098,
            34.8096177
          ],
          [
            135.4270293,
            34.8094232
          ],
          [
            135.4274986,
            34.8092063
          ],
          [
            135.4279627,
            34.8089673
          ],
          [
            135.4284335,
            34.8086997
          ],
          [
            135.4288937,
            34.80841
          ],
          [
            135.429352,
            34.8081107
          ],
          [
            135.4298671,
            34.8077495
          ],
          [
            135.4303736,
            34.8073582
          ],
          [
            135.4308874,
            34.8069256
          ],
          [
            135.4315149,
            34.806326
          ],
          [
            135.4316899,
            34.80618
          ],
          [
            135.4318626,
            34.8060579
          ],
          [
            135.4320456,
            34.8059432
          ],
          [
            135.4323228,
            34.805782
          ],
          [
            135.4325159,
            34.8056662
          ],
          [
            135.4326944,
            34.8055408
          ],
          [
            135.4328415,
            34.8054184
          ],
          [
            135.4329933,
            34.8052628
          ],
          [
            135.4331084,
            34.8051138
          ],
          [
            135.4332222,
            34.8049449
          ],
          [
            135.433344,
            34.8047243
          ],
          [
            135.4334992,
            34.8044449
          ],
          [
            135.4335825,
            34.8043125
          ],
          [
            135.4336602,
            34.8042086
          ],
          [
            135.4337748,
            34.8040745
          ],
          [
            135.4339946,
            34.8038611
          ],
          [
            135.4342315,
            34.8036477
          ],
          [
            135.4349694,
            34.8029995
          ]
        ]
      },
      "id": "way/563838770"
    },
    {
      "type": "Feature",
      "properties": {
        "@id": "way/584285971",
        "highway": "trunk",
        "lanes": "1",
        "maxspeed": "40",
        "name": "国道423号",
        "oneway": "yes",
        "ref": "423",
        "source": "GSImaps/std",
        "surface": "paved"
      },
      "geometry": {
        "type": "LineString",
        "coordinates": [
          [
            135.496964,
            34.7827626
          ],
          [
            135.4969938,
            34.7834556
          ],
          [
            135.4969991,
            34.784038
          ],
          [
            135.4970292,
            34.7846463
          ],
          [
            135.497086,
            34.7854282
          ],
          [
            135.4970891,
            34.7855068
          ],
          [
            135.4970975,
            34.7859409
          ],
          [
            135.4970989,
            34.78606
          ],
          [
            135.4971009,
            34.7861549
          ],
          [
            135.4971074,
            34.7862808
          ],
          [
            135.4971221,
            34.787293
          ],
          [
            135.4971659,
            34.7879264
          ],
          [
            135.4971927,
            34.7884981
          ],
          [
            135.4972313,
            34.7894827
          ],
          [
            135.497238,
            34.7896541
          ],
          [
            135.4972767,
            34.7913135
          ],
          [
            135.4972722,
            34.7915258
          ],
          [
            135.497245,
            34.7919476
          ],
          [
            135.4971545,
            34.7926897
          ],
          [
            135.4971479,
            34.7927349
          ],
          [
            135.4971375,
            34.7928107
          ],
          [
            135.4971314,
            34.7928581
          ],
          [
            135.4969837,
            34.7935597
          ],
          [
            135.4968764,
            34.793976
          ],
          [
            135.4967277,
            34.7944521
          ],
          [
            135.4965733,
            34.7948924
          ],
          [
            135.4963246,
            34.7954864
          ],
          [
            135.4961041,
            34.7959554
          ],
          [
            135.4956374,
            34.7969157
          ],
          [
            135.4954167,
            34.7974052
          ]
        ]
      },
      "id": "way/584285971"
    },
    {
      "type": "Feature",
      "properties": {
        "@id": "way/585959398",
        "highway": "trunk",
        "maxspeed": "40",
        "name": "国道423号",
        "oneway": "yes",
        "ref": "423",
        "surface": "asphalt"
      },
      "geometry": {
        "type": "LineString",
        "coordinates": [
          [
            135.4929572,
            34.8078533
          ],
          [
            135.4930307,
            34.8086234
          ],
          [
            135.4930423,
            34.8087713
          ],
          [
            135.4930395,
            34.8089155
          ]
        ]
      },
      "id": "way/585959398"
    },
    {
      "type": "Feature",
      "properties": {
        "@id": "way/585968186",
        "bicycle": "no",
        "foot": "no",
        "highway": "trunk",
        "lanes": "2",
        "maxspeed": "60",
        "name": "新御堂筋",
        "name:en": "shin-midousuji",
        "name:ja": "新御堂筋",
        "name:ja-Hira": "しんみどうすじ",
        "name:ja-Latn": "shin-midousuji",
        "official_name": "国道423号",
        "official_name:en": "National Route 423",
        "oneway": "yes",
        "ref": "423",
        "source": "GSImaps/std",
        "surface": "paved"
      },
      "geometry": {
        "type": "LineString",
        "coordinates": [
          [
            135.4972473,
            34.7871334
          ],
          [
            135.4973123,
            34.7889744
          ],
          [
            135.4973539,
            34.7901186
          ],
          [
            135.4973727,
            34.790621
          ]
        ]
      },
      "id": "way/585968186"
    },
    {
      "type": "Feature",
      "properties": {
        "@id": "way/585968189",
        "bicycle": "no",
        "foot": "no",
        "highway": "trunk",
        "lanes": "2",
        "maxspeed": "60",
        "name": "新御堂筋",
        "name:en": "shin-midousuji",
        "name:ja": "新御堂筋",
        "name:ja-Hira": "しんみどうすじ",
        "name:ja-Latn": "shin-midousuji",
        "official_name": "国道423号",
        "official_name:en": "National Route 423",
        "oneway": "yes",
        "ref": "423",
        "source": "GSImaps/std",
        "surface": "paved"
      },
      "geometry": {
        "type": "LineString",
        "coordinates": [
          [
            135.4945294,
            34.7998749
          ],
          [
            135.4950233,
            34.7988505
          ]
        ]
      },
      "id": "way/585968189"
    },
    {
      "type": "Feature",
      "properties": {
        "@id": "way/585980807",
        "bicycle": "no",
        "foot": "no",
        "highway": "trunk",
        "lanes": "2",
        "maxspeed": "60",
        "name": "新御堂筋",
        "name:en": "shin-midousuji",
        "name:ja": "新御堂筋",
        "name:ja-Hira": "しんみどうすじ",
        "name:ja-Latn": "shin-midousuji",
        "official_name": "国道423号",
        "official_name:en": "National Route 423",
        "oneway": "yes",
        "ref": "423",
        "source": "GSImaps/std",
        "surface": "asphalt"
      },
      "geometry": {
        "type": "LineString",
        "coordinates": [
          [
            135.4954738,
            34.7718141
          ],
          [
            135.4953691,
            34.7722057
          ],
          [
            135.4952625,
            34.772752
          ],
          [
            135.4951747,
            34.7733018
          ],
          [
            135.495149,
            34.7737981
          ],
          [
            135.4951626,
            34.7744232
          ],
          [
            135.4951797,
            34.7746633
          ],
          [
            135.4952298,
            34.7750788
          ],
          [
            135.4952875,
            34.7754351
          ],
          [
            135.4954354,
            34.7760657
          ],
          [
            135.495513,
            34.7763764
          ],
          [
            135.4960133,
            34.7776267
          ]
        ]
      },
      "id": "way/585980807"
    },
    {
      "type": "Feature",
      "properties": {
        "@id": "way/585980808",
        "bicycle": "no",
        "foot": "no",
        "highway": "trunk",
        "lanes": "2",
        "maxspeed": "60",
        "name": "新御堂筋",
        "name:en": "shin-midousuji",
        "name:ja": "新御堂筋",
        "name:ja-Hira": "しんみどうすじ",
        "name:ja-Latn": "shin-midousuji",
        "official_name": "国道423号",
        "official_name:en": "National Route 423",
        "oneway": "yes",
        "ref": "423",
        "source": "GSImaps/std",
        "surface": "asphalt"
      },
      "geometry": {
        "type": "LineString",
        "coordinates": [
          [
            135.4961852,
            34.7775791
          ],
          [
            135.4958117,
            34.7766154
          ],
          [
            135.4957306,
            34.7763441
          ],
          [
            135.4956181,
            34.7760344
          ],
          [
            135.4954762,
            34.7754068
          ],
          [
            135.4954156,
            34.7750595
          ],
          [
            135.4953663,
            34.7746402
          ],
          [
            135.4953532,
            34.7744286
          ],
          [
            135.4953514,
            34.7741315
          ],
          [
            135.4953535,
            34.7737975
          ],
          [
            135.4953611,
            34.7734186
          ],
          [
            135.4954053,
            34.7729999
          ],
          [
            135.4954845,
            34.7725692
          ],
          [
            135.4955757,
            34.7721674
          ]
        ]
      },
      "id": "way/585980808"
    },
    {
      "type": "Feature",
      "properties": {
        "@id": "way/585980812",
        "bicycle": "no",
        "cutting": "left",
        "foot": "no",
        "highway": "trunk",
        "lanes": "2",
        "maxspeed": "60",
        "name": "新御堂筋",
        "name:en": "shin-midousuji",
        "name:ja": "新御堂筋",
        "name:ja-Hira": "しんみどうすじ",
        "name:ja-Latn": "shin-midousuji",
        "official_name": "国道423号",
        "official_name:en": "National Route 423",
        "oneway": "yes",
        "ref": "423",
        "source": "GSImaps/std",
        "surface": "paved"
      },
      "geometry": {
        "type": "LineString",
        "coordinates": [
          [
            135.4973727,
            34.790621
          ],
          [
            135.4973808,
            34.790985
          ],
          [
            135.4973769,
            34.7914377
          ],
          [
            135.4973513,
            34.7919311
          ],
          [
            135.4972712,
            34.7925871
          ],
          [
            135.4971863,
            34.7930952
          ],
          [
            135.4970816,
            34.7935729
          ],
          [
            135.4969678,
            34.7939895
          ],
          [
            135.4968148,
            34.7944675
          ],
          [
            135.4966567,
            34.7949095
          ],
          [
            135.4965121,
            34.7952627
          ]
        ]
      },
      "id": "way/585980812"
    },
    {
      "type": "Feature",
      "properties": {
        "@id": "way/585980813",
        "bicycle": "no",
        "foot": "no",
        "highway": "trunk",
        "lanes": "2",
        "maxspeed": "60",
        "name": "新御堂筋",
        "name:en": "shin-midousuji",
        "name:ja": "新御堂筋",
        "name:ja-Hira": "しんみどうすじ",
        "name:ja-Latn": "shin-midousuji",
        "official_name": "国道423号",
        "official_name:en": "National Route 423",
        "oneway": "yes",
        "ref": "423",
        "source": "GSImaps/std",
        "surface": "paved"
      },
      "geometry": {
        "type": "LineString",
        "coordinates": [
          [
            135.4975818,
            34.7909195
          ],
          [
            135.4975143,
            34.7889709
          ],
          [
            135.4974318,
            34.7871276
          ]
        ]
      },
      "id": "way/585980813"
    },
    {
      "type": "Feature",
      "properties": {
        "@id": "way/585980814",
        "bicycle": "no",
        "foot": "no",
        "highway": "trunk",
        "lanes": "2",
        "maxspeed": "60",
        "name": "新御堂筋",
        "name:en": "shin-midousuji",
        "name:ja": "新御堂筋",
        "name:ja-Hira": "しんみどうすじ",
        "name:ja-Latn": "shin-midousuji",
        "official_name": "国道423号",
        "official_name:en": "National Route 423",
        "oneway": "yes",
        "ref": "423",
        "source": "GSImaps/std",
        "surface": "paved"
      },
      "geometry": {
        "type": "LineString",
        "coordinates": [
          [
            135.4965121,
            34.7952627
          ],
          [
            135.4964576,
            34.7953919
          ],
          [
            135.4964003,
            34.7955251
          ],
          [
            135.4961938,
            34.7959847
          ],
          [
            135.4957201,
            34.7969525
          ]
        ]
      },
      "id": "way/585980814"
    },
    {
      "type": "Feature",
      "properties": {
        "@id": "way/585980815",
        "bicycle": "no",
        "cutting": "left",
        "foot": "no",
        "highway": "trunk",
        "lanes": "2",
        "maxheight:signed": "no",
        "maxspeed": "60",
        "name": "新御堂筋",
        "name:en": "shin-midousuji",
        "name:ja": "新御堂筋",
        "name:ja-Hira": "しんみどうすじ",
        "name:ja-Latn": "shin-midousuji",
        "official_name": "国道423号",
        "official_name:en": "National Route 423",
        "oneway": "yes",
        "ref": "423",
        "source": "GSImaps/std",
        "surface": "paved"
      },
      "geometry": {
        "type": "LineString",
        "coordinates": [
          [
            135.4967169,
            34.795348
          ],
          [
            135.4968941,
            34.7949589
          ],
          [
            135.4970683,
            34.7945226
          ],
          [
            135.497236,
            34.7940258
          ],
          [
            135.4973,
            34.7938168
          ],
          [
            135.4973234,
            34.7937273
          ],
          [
            135.497355,
            34.7936062
          ],
          [
            135.4974091,
            34.7933774
          ],
          [
            135.4974533,
            34.7931655
          ],
          [
            135.4974768,
            34.7930413
          ],
          [
            135.4974905,
            34.7929614
          ],
          [
            135.4975279,
            34.7926941
          ],
          [
            135.4975393,
            34.7926052
          ],
          [
            135.4975535,
            34.7924995
          ],
          [
            135.4975592,
            34.792443
          ],
          [
            135.4975618,
            34.7924064
          ],
          [
            135.4975662,
            34.7923603
          ],
          [
            135.4975736,
            34.7922796
          ],
          [
            135.4975802,
            34.7921975
          ],
          [
            135.4975861,
            34.7921124
          ],
          [
            135.497595,
            34.7919538
          ],
          [
            135.4975964,
            34.7918927
          ],
          [
            135.4975992,
            34.7918288
          ],
          [
            135.4976013,
            34.7916919
          ],
          [
            135.4976007,
            34.7914319
          ],
          [
            135.4975945,
            34.7912383
          ],
          [
            135.4975818,
            34.7909195
          ]
        ]
      },
      "id": "way/585980815"
    },
    {
      "type": "Feature",
      "properties": {
        "@id": "way/585980816",
        "bicycle": "no",
        "foot": "no",
        "highway": "trunk",
        "lanes": "2",
        "maxspeed": "60",
        "name": "新御堂筋",
        "name:en": "shin-midousuji",
        "name:ja": "新御堂筋",
        "name:ja-Hira": "しんみどうすじ",
        "name:ja-Latn": "shin-midousuji",
        "official_name": "国道423号",
        "official_name:en": "National Route 423",
        "oneway": "yes",
        "ref": "423",
        "source": "GSImaps/std",
        "surface": "paved"
      },
      "geometry": {
        "type": "LineString",
        "coordinates": [
          [
            135.4948303,
            34.7987992
          ],
          [
            135.4944759,
            34.7995347
          ]
        ]
      },
      "id": "way/585980816"
    },
    {
      "type": "Feature",
      "properties": {
        "@id": "way/585980817",
        "bicycle": "no",
        "bridge": "yes",
        "foot": "no",
        "highway": "trunk",
        "lanes": "2",
        "layer": "1",
        "maxspeed": "60",
        "maxweight:signed": "no",
        "name": "新御堂筋",
        "name:en": "shin-midousuji",
        "name:ja": "新御堂筋",
        "name:ja-Hira": "しんみどうすじ",
        "name:ja-Latn": "shin-midousuji",
        "official_name": "国道423号",
        "official_name:en": "National Route 423",
        "oneway": "yes",
        "ref": "423",
        "source": "GSImaps/std",
        "surface": "paved"
      },
      "geometry": {
        "type": "LineString",
        "coordinates": [
          [
            135.4950233,
            34.7988505
          ],
          [
            135.4959149,
            34.7970052
          ]
        ]
      },
      "id": "way/585980817"
    },
    {
      "type": "Feature",
      "properties": {
        "@id": "way/585980818",
        "bicycle": "no",
        "foot": "no",
        "highway": "trunk",
        "lanes": "2",
        "maxspeed": "60",
        "name": "新御堂筋",
        "name:en": "shin-midousuji",
        "name:ja": "新御堂筋",
        "name:ja-Hira": "しんみどうすじ",
        "name:ja-Latn": "shin-midousuji",
        "official_name": "国道423号",
        "official_name:en": "National Route 423",
        "oneway": "yes",
        "ref": "423",
        "source": "GSImaps/std",
        "surface": "paved"
      },
      "geometry": {
        "type": "LineString",
        "coordinates": [
          [
            135.4932821,
            34.8134918
          ],
          [
            135.4932683,
            34.8135567
          ],
          [
            135.493222,
            34.8137725
          ],
          [
            135.4931617,
            34.8139933
          ],
          [
            135.493087,
            34.8142683
          ],
          [
            135.4930349,
            34.8144315
          ],
          [
            135.4929478,
            34.8146935
          ],
          [
            135.4928559,
            34.8149517
          ],
          [
            135.492789,
            34.8151191
          ]
        ]
      },
      "id": "way/585980818"
    },
    {
      "type": "Feature",
      "properties": {
        "@id": "way/585980819",
        "bicycle": "no",
        "bridge": "yes",
        "foot": "no",
        "highway": "trunk",
        "lanes": "2",
        "layer": "1",
        "maxspeed": "60",
        "name": "新御堂筋",
        "name:en": "shin-midousuji",
        "name:ja": "新御堂筋",
        "name:ja-Hira": "しんみどうすじ",
        "name:ja-Latn": "shin-midousuji",
        "official_name": "国道423号",
        "official_name:en": "National Route 423",
        "oneway": "yes",
        "ref": "423",
        "source": "GSImaps/std",
        "surface": "paved"
      },
      "geometry": {
        "type": "LineString",
        "coordinates": [
          [
            135.4933842,
            34.8135072
          ],
          [
            135.4934091,
            34.813378
          ],
          [
            135.4934403,
            34.8132019
          ],
          [
            135.4934698,
            34.8130219
          ],
          [
            135.4934822,
            34.8129346
          ],
          [
            135.4934993,
            34.8128005
          ],
          [
            135.4935218,
            34.8126101
          ],
          [
            135.4935328,
            34.8124884
          ],
          [
            135.4935446,
            34.8123466
          ],
          [
            135.4935533,
            34.8122024
          ],
          [
            135.4935578,
            34.8120949
          ],
          [
            135.49356,
            34.8120655
          ],
          [
            135.493564,
            34.8119329
          ],
          [
            135.4935687,
            34.8117677
          ],
          [
            135.4935667,
            34.8116317
          ],
          [
            135.4935637,
            34.8114867
          ]
        ]
      },
      "id": "way/585980819"
    },
    {
      "type": "Feature",
      "properties": {
        "@id": "way/585985351",
        "highway": "primary",
        "lanes": "3",
        "maxspeed": "60",
        "name": "大阪中央環状線",
        "name:en": "Osaka Central Outer Ring Road",
        "name:ja": "大阪中央環状線",
        "name:ja-Hira": "おおさかちゅうおうかんじょうせん",
        "name:ja-Latn": "Ōsaka Chūō Kanjō-sen",
        "oneway": "yes",
        "ref": "2",
        "surface": "asphalt",
        "wikidata": "Q11441371",
        "wikipedia": "ja:大阪府道2号大阪中央環状線"
      },
      "geometry": {
        "type": "LineString",
        "coordinates": [
          [
            135.4927398,
            34.8065091
          ],
          [
            135.4908988,
            34.8063585
          ],
          [
            135.4904799,
            34.8063213
          ]
        ]
      },
      "id": "way/585985351"
    },
    {
      "type": "Feature",
      "properties": {
        "@id": "way/585985352",
        "bridge": "yes",
        "highway": "primary",
        "lanes": "3",
        "layer": "1",
        "maxspeed": "60",
        "name": "大阪中央環状線",
        "name:en": "Osaka Central Outer Ring Road",
        "name:ja": "大阪中央環状線",
        "name:ja-Hira": "おおさかちゅうおうかんじょうせん",
        "name:ja-Latn": "Ōsaka Chūō Kanjō-sen",
        "oneway": "yes",
        "ref": "2",
        "surface": "asphalt",
        "wikidata": "Q11441371",
        "wikipedia": "ja:大阪府道2号大阪中央環状線"
      },
      "geometry": {
        "type": "LineString",
        "coordinates": [
          [
            135.4932746,
            34.8065543
          ],
          [
            135.4927398,
            34.8065091
          ]
        ]
      },
      "id": "way/585985352"
    },
    {
      "type": "Feature",
      "properties": {
        "@id": "way/585985353",
        "bridge": "yes",
        "highway": "primary",
        "lanes": "2",
        "layer": "1",
        "maxspeed": "60",
        "name": "大阪中央環状線",
        "name:en": "Osaka Central Outer Ring Road",
        "name:ja": "大阪中央環状線",
        "name:ja-Hira": "おおさかちゅうおうかんじょうせん",
        "name:ja-Latn": "Ōsaka Chūō Kanjō-sen",
        "oneway": "yes",
        "ref": "2",
        "surface": "asphalt",
        "wikidata": "Q11441371",
        "wikipedia": "ja:大阪府道2号大阪中央環状線"
      },
      "geometry": {
        "type": "LineString",
        "coordinates": [
          [
            135.4927772,
            34.8068552
          ],
          [
            135.4933157,
            34.8069021
          ]
        ]
      },
      "id": "way/585985353"
    },
    {
      "type": "Feature",
      "properties": {
        "@id": "way/585985354",
        "highway": "primary",
        "lanes": "2",
        "maxspeed": "60",
        "name": "大阪中央環状線",
        "name:en": "Osaka Central Outer Ring Road",
        "name:ja": "大阪中央環状線",
        "name:ja-Hira": "おおさかちゅうおうかんじょうせん",
        "name:ja-Latn": "Ōsaka Chūō Kanjō-sen",
        "oneway": "yes",
        "ref": "2",
        "surface": "asphalt",
        "wikidata": "Q11441371",
        "wikipedia": "ja:大阪府道2号大阪中央環状線"
      },
      "geometry": {
        "type": "LineString",
        "coordinates": [
          [
            135.4933157,
            34.8069021
          ],
          [
            135.4945204,
            34.8070083
          ],
          [
            135.495244,
            34.8070694
          ]
        ]
      },
      "id": "way/585985354"
    },
    {
      "type": "Feature",
      "properties": {
        "@id": "way/585989081",
        "bicycle": "no",
        "bridge": "yes",
        "foot": "no",
        "highway": "motorway",
        "lanes": "2",
        "layer": "1",
        "maxspeed": "100",
        "motorcar": "designated",
        "motorcycle": "designated",
        "name": "中国自動車道",
        "name:en": "Chugoku Expressway",
        "name:es": "Autopista Chugoku",
        "name:ja": "中国自動車道",
        "name:ko": "주코쿠자동차도",
        "name:ru": "Автомагистраль Тюгоку",
        "oneway": "yes",
        "ref": "E2A",
        "smoothness": "excellent",
        "source": "Bing 2010",
        "surface": "paved",
        "toll": "yes"
      },
      "geometry": {
        "type": "LineString",
        "coordinates": [
          [
            135.4927653,
            34.8067448
          ],
          [
            135.4933025,
            34.8067904
          ]
        ]
      },
      "id": "way/585989081"
    },
    {
      "type": "Feature",
      "properties": {
        "@id": "way/585989082",
        "bicycle": "no",
        "foot": "no",
        "highway": "motorway",
        "lanes": "2",
        "maxspeed": "100",
        "motorcar": "designated",
        "motorcycle": "designated",
        "name": "中国自動車道",
        "name:en": "Chugoku Expressway",
        "name:es": "Autopista Chugoku",
        "name:ja": "中国自動車道",
        "name:ko": "주코쿠자동차도",
        "name:ru": "Автомагистраль Тюгоку",
        "oneway": "yes",
        "ref": "E2A",
        "smoothness": "excellent",
        "source": "Bing 2010",
        "surface": "paved",
        "toll": "yes"
      },
      "geometry": {
        "type": "LineString",
        "coordinates": [
          [
            135.4933025,
            34.8067904
          ],
          [
            135.4965908,
            34.8070953
          ]
        ]
      },
      "id": "way/585989082"
    },
    {
      "type": "Feature",
      "properties": {
        "@id": "way/585989083",
        "bicycle": "no",
        "foot": "no",
        "highway": "motorway",
        "lanes": "2",
        "maxspeed": "100",
        "motorcar": "designated",
        "motorcycle": "designated",
        "name": "中国自動車道",
        "name:en": "Chugoku Expressway",
        "name:es": "Autopista Chugoku",
        "name:ja": "中国自動車道",
        "name:ko": "주코쿠자동차도",
        "name:ru": "Автомагистраль Тюгоку",
        "oneway": "yes",
        "ref": "E2A",
        "smoothness": "excellent",
        "source": "Bing 2010",
        "surface": "paved",
        "toll": "yes"
      },
      "geometry": {
        "type": "LineString",
        "coordinates": [
          [
            135.4927535,
            34.8066359
          ],
          [
            135.4922142,
            34.8065905
          ],
          [
            135.4916985,
            34.8065486
          ],
          [
            135.4909167,
            34.8064815
          ],
          [
            135.490464,
            34.8064424
          ]
        ]
      },
      "id": "way/585989083"
    },
    {
      "type": "Feature",
      "properties": {
        "@id": "way/585989084",
        "bicycle": "no",
        "bridge": "yes",
        "foot": "no",
        "highway": "motorway",
        "lanes": "2",
        "layer": "1",
        "maxspeed": "100",
        "motorcar": "designated",
        "motorcycle": "designated",
        "name": "中国自動車道",
        "name:en": "Chugoku Expressway",
        "name:es": "Autopista Chugoku",
        "name:ja": "中国自動車道",
        "name:ko": "주코쿠자동차도",
        "name:ru": "Автомагистраль Тюгоку",
        "oneway": "yes",
        "ref": "E2A",
        "smoothness": "excellent",
        "source": "Bing 2010",
        "surface": "paved",
        "toll": "yes"
      },
      "geometry": {
        "type": "LineString",
        "coordinates": [
          [
            135.4932895,
            34.8066809
          ],
          [
            135.4927535,
            34.8066359
          ]
        ]
      },
      "id": "way/585989084"
    },
    {
      "type": "Feature",
      "properties": {
        "@id": "way/585989097",
        "highway": "primary",
        "lanes": "3",
        "maxspeed": "60",
        "name": "大阪中央環状線",
        "name:en": "Osaka Central Outer Ring Road",
        "name:ja": "大阪中央環状線",
        "name:ja-Hira": "おおさかちゅうおうかんじょうせん",
        "name:ja-Latn": "Ōsaka Chūō Kanjō-sen",
        "oneway": "yes",
        "ref": "2",
        "surface": "asphalt",
        "wikidata": "Q11441371",
        "wikipedia": "ja:大阪府道2号大阪中央環状線"
      },
      "geometry": {
        "type": "LineString",
        "coordinates": [
          [
            135.4902407,
            34.8063005
          ],
          [
            135.4872864,
            34.8060546
          ]
        ]
      },
      "id": "way/585989097"
    },
    {
      "type": "Feature",
      "properties": {
        "@id": "way/585989098",
        "bridge": "yes",
        "highway": "primary",
        "lanes": "3",
        "layer": "1",
        "maxspeed": "60",
        "name": "大阪中央環状線",
        "name:en": "Osaka Central Outer Ring Road",
        "name:ja": "大阪中央環状線",
        "name:ja-Hira": "おおさかちゅうおうかんじょうせん",
        "name:ja-Latn": "Ōsaka Chūō Kanjō-sen",
        "oneway": "yes",
        "ref": "2",
        "surface": "asphalt",
        "wikidata": "Q11441371",
        "wikipedia": "ja:大阪府道2号大阪中央環状線"
      },
      "geometry": {
        "type": "LineString",
        "coordinates": [
          [
            135.4904799,
            34.8063213
          ],
          [
            135.4902407,
            34.8063005
          ]
        ]
      },
      "id": "way/585989098"
    },
    {
      "type": "Feature",
      "properties": {
        "@id": "way/585989099",
        "bicycle": "no",
        "foot": "no",
        "highway": "motorway",
        "lanes": "2",
        "maxheight:signed": "no",
        "maxspeed": "100",
        "motorcar": "designated",
        "motorcycle": "designated",
        "name": "中国自動車道",
        "name:en": "Chugoku Expressway",
        "name:es": "Autopista Chugoku",
        "name:ja": "中国自動車道",
        "name:ko": "주코쿠자동차도",
        "name:ru": "Автомагистраль Тюгоку",
        "oneway": "yes",
        "ref": "E2A",
        "smoothness": "excellent",
        "source": "Bing 2010",
        "surface": "paved",
        "toll": "yes"
      },
      "geometry": {
        "type": "LineString",
        "coordinates": [
          [
            135.490226,
            34.8064232
          ],
          [
            135.4844829,
            34.8059502
          ],
          [
            135.4830053,
            34.8058021
          ],
          [
            135.482049,
            34.8056906
          ],
          [
            135.4817049,
            34.8056494
          ],
          [
            135.48081,
            34.8055226
          ],
          [
            135.4800881,
            34.8053989
          ],
          [
            135.4796007,
            34.8053087
          ],
          [
            135.4791021,
            34.8051972
          ],
          [
            135.4784826,
            34.8050506
          ],
          [
            135.4777403,
            34.8048398
          ],
          [
            135.4773217,
            34.8047053
          ],
          [
            135.4767494,
            34.804508
          ],
          [
            135.476356,
            34.8043628
          ],
          [
            135.4759586,
            34.8042051
          ],
          [
            135.4755751,
            34.8040402
          ],
          [
            135.4753895,
            34.8039568
          ],
          [
            135.4750085,
            34.803783
          ],
          [
            135.4746338,
            34.8036041
          ],
          [
            135.4742467,
            34.8034163
          ],
          [
            135.4737908,
            34.8031867
          ],
          [
            135.4728901,
            34.8027347
          ],
          [
            135.470505,
            34.80154
          ],
          [
            135.4698892,
            34.8012483
          ],
          [
            135.4694762,
            34.8010512
          ],
          [
            135.4690762,
            34.8008709
          ]
        ]
      },
      "id": "way/585989099"
    },
    {
      "type": "Feature",
      "properties": {
        "@id": "way/585989100",
        "bicycle": "no",
        "bridge": "yes",
        "foot": "no",
        "highway": "motorway",
        "lanes": "2",
        "layer": "1",
        "maxspeed": "100",
        "motorcar": "designated",
        "motorcycle": "designated",
        "name": "中国自動車道",
        "name:en": "Chugoku Expressway",
        "name:es": "Autopista Chugoku",
        "name:ja": "中国自動車道",
        "name:ko": "주코쿠자동차도",
        "name:ru": "Автомагистраль Тюгоку",
        "oneway": "yes",
        "ref": "E2A",
        "smoothness": "excellent",
        "source": "Bing 2010",
        "surface": "paved",
        "toll": "yes"
      },
      "geometry": {
        "type": "LineString",
        "coordinates": [
          [
            135.4902127,
            34.8065347
          ],
          [
            135.4904498,
            34.8065511
          ]
        ]
      },
      "id": "way/585989100"
    },
    {
      "type": "Feature",
      "properties": {
        "@id": "way/585989101",
        "highway": "primary",
        "lanes": "2",
        "maxspeed": "60",
        "name": "大阪中央環状線",
        "name:en": "Osaka Central Outer Ring Road",
        "name:ja": "大阪中央環状線",
        "name:ja-Hira": "おおさかちゅうおうかんじょうせん",
        "name:ja-Latn": "Ōsaka Chūō Kanjō-sen",
        "oneway": "yes",
        "ref": "2",
        "surface": "asphalt",
        "wikidata": "Q11441371",
        "wikipedia": "ja:大阪府道2号大阪中央環状線"
      },
      "geometry": {
        "type": "LineString",
        "coordinates": [
          [
            135.4904315,
            34.8066906
          ],
          [
            135.490908,
            34.8067248
          ],
          [
            135.4913532,
            34.8067528
          ],
          [
            135.4916811,
            34.8067667
          ],
          [
            135.4918393,
            34.8067793
          ],
          [
            135.4920553,
            34.8067964
          ],
          [
            135.4927772,
            34.8068552
          ]
        ]
      },
      "id": "way/585989101"
    },
    {
      "type": "Feature",
      "properties": {
        "@id": "way/617674181",
        "highway": "primary",
        "lanes": "2",
        "maxspeed": "50",
        "name": "伊丹豊中線",
        "name:en": "Itami-Toyonaka Line",
        "name:ja": "伊丹豊中線",
        "name:ja-Hira": "いたみとよなかせん",
        "name:ja_rm": "Itami Toyonaka-sen",
        "oneway": "yes",
        "ref": "99",
        "surface": "asphalt",
        "wikidata": "Q11393639",
        "wikipedia": "ja:兵庫県道・大阪府道99号伊丹豊中線"
      },
      "geometry": {
        "type": "LineString",
        "coordinates": [
          [
            135.4304696,
            34.7828221
          ],
          [
            135.431234,
            34.7827811
          ],
          [
            135.4315371,
            34.7827544
          ],
          [
            135.4316883,
            34.7827411
          ],
          [
            135.4321822,
            34.7826976
          ],
          [
            135.4323661,
            34.7826847
          ],
          [
            135.4328249,
            34.7826608
          ],
          [
            135.4335939,
            34.7826416
          ],
          [
            135.4343188,
            34.7826196
          ],
          [
            135.4348668,
            34.782603
          ],
          [
            135.435032,
            34.7825988
          ]
        ]
      },
      "id": "way/617674181"
    },
    {
      "type": "Feature",
      "properties": {
        "@id": "way/617674182",
        "highway": "primary",
        "lanes": "1",
        "maxspeed": "40",
        "name": "伊丹豊中線",
        "name:en": "Itami-Toyonaka Line",
        "name:ja": "伊丹豊中線",
        "name:ja-Hira": "いたみとよなかせん",
        "name:ja_rm": "Itami Toyonaka-sen",
        "oneway": "yes",
        "ref": "99",
        "surface": "asphalt",
        "wikidata": "Q11393639",
        "wikipedia": "ja:兵庫県道・大阪府道99号伊丹豊中線"
      },
      "geometry": {
        "type": "LineString",
        "coordinates": [
          [
            135.435032,
            34.7825988
          ],
          [
            135.4352156,
            34.7825946
          ],
          [
            135.4355564,
            34.7825862
          ],
          [
            135.4369535,
            34.7825645
          ]
        ]
      },
      "id": "way/617674182"
    },
    {
      "type": "Feature",
      "properties": {
        "@id": "way/617674187",
        "highway": "primary",
        "lanes": "2",
        "maxspeed": "50",
        "name": "伊丹豊中線",
        "name:en": "Itami-Toyonaka Line",
        "name:ja": "伊丹豊中線",
        "name:ja-Hira": "いたみとよなかせん",
        "name:ja_rm": "Itami Toyonaka-sen",
        "oneway": "yes",
        "ref": "99",
        "surface": "asphalt",
        "wikidata": "Q11393639",
        "wikipedia": "ja:兵庫県道・大阪府道99号伊丹豊中線"
      },
      "geometry": {
        "type": "LineString",
        "coordinates": [
          [
            135.4328299,
            34.7825984
          ],
          [
            135.4321742,
            34.7826373
          ],
          [
            135.4320243,
            34.7826499
          ],
          [
            135.4315773,
            34.7826853
          ],
          [
            135.4312014,
            34.7827119
          ],
          [
            135.4308894,
            34.7827339
          ],
          [
            135.4304871,
            34.7827579
          ]
        ]
      },
      "id": "way/617674187"
    },
    {
      "type": "Feature",
      "properties": {
        "@id": "way/681292215",
        "highway": "primary",
        "name": "旧大阪中央環状線",
        "name:en": "Old Osaka Central Outer Ring Road",
        "name:ja": "旧大阪中央環状線",
        "name:ja-Hira": "きゅうおおさかちゅうおうかんじょうせん",
        "name:ja-Latn": "Kyū Ōsaka Chūō Kanjō-sen",
        "ref": "2",
        "surface": "asphalt",
        "wikidata": "Q11441371",
        "wikipedia": "ja:大阪府道2号大阪中央環状線"
      },
      "geometry": {
        "type": "LineString",
        "coordinates": [
          [
            135.5149156,
            34.8055571
          ],
          [
            135.5148244,
            34.8055613
          ]
        ]
      },
      "id": "way/681292215"
    },
    {
      "type": "Feature",
      "properties": {
        "@id": "way/681292217",
        "covered": "building_arcade",
        "highway": "primary",
        "name": "旧大阪中央環状線",
        "name:en": "Old Osaka Central Outer Ring Road",
        "name:ja": "旧大阪中央環状線",
        "name:ja-Hira": "きゅうおおさかちゅうおうかんじょうせん",
        "name:ja-Latn": "Kyū Ōsaka Chūō Kanjō-sen",
        "oneway": "yes",
        "ref": "2",
        "surface": "asphalt",
        "wikidata": "Q11441371",
        "wikipedia": "ja:大阪府道2号大阪中央環状線"
      },
      "geometry": {
        "type": "LineString",
        "coordinates": [
          [
            135.5156532,
            34.8055607
          ],
          [
            135.5157137,
            34.8055802
          ],
          [
            135.5158022,
            34.8056077
          ],
          [
            135.5159611,
            34.8056193
          ],
          [
            135.5161116,
            34.8056167
          ]
        ]
      },
      "id": "way/681292217"
    },
    {
      "type": "Feature",
      "properties": {
        "@id": "way/686374696",
        "highway": "trunk",
        "lanes": "2",
        "maxspeed": "40",
        "motorroad": "no",
        "name": "国道176号",
        "name:en": "National Highway Route 176",
        "name:ja": "国道176号",
        "ref": "176",
        "source": "GSImaps/std",
        "source:ja": "国土画像情報（オルソ化空中写真）国土交通省",
        "surface": "asphalt"
      },
      "geometry": {
        "type": "LineString",
        "coordinates": [
          [
            135.4725228,
            34.7740701
          ],
          [
            135.4725691,
            34.7739607
          ],
          [
            135.4727755,
            34.7734725
          ],
          [
            135.4727855,
            34.7734465
          ],
          [
            135.473129,
            34.7724374
          ],
          [
            135.4731589,
            34.7723495
          ],
          [
            135.4731881,
            34.7722587
          ],
          [
            135.4733286,
            34.7718208
          ],
          [
            135.4733976,
            34.771625
          ],
          [
            135.4734516,
            34.7714651
          ],
          [
            135.473464,
            34.7714259
          ],
          [
            135.4735823,
            34.7710505
          ],
          [
            135.4736236,
            34.7709195
          ],
          [
            135.4736588,
            34.7708298
          ],
          [
            135.4737728,
            34.7705073
          ],
          [
            135.4739065,
            34.7701288
          ],
          [
            135.4739541,
            34.7700173
          ],
          [
            135.4740851,
            34.7696904
          ],
          [
            135.4741983,
            34.7694366
          ],
          [
            135.4743204,
            34.7691388
          ],
          [
            135.4744318,
            34.7688777
          ],
          [
            135.4744513,
            34.7688314
          ],
          [
            135.4744989,
            34.7687144
          ],
          [
            135.4745505,
            34.7685961
          ],
          [
            135.4745708,
            34.7685481
          ],
          [
            135.4747204,
            34.7682031
          ],
          [
            135.474783,
            34.7680614
          ],
          [
            135.4751257,
            34.7673116
          ],
          [
            135.475163,
            34.7672324
          ]
        ]
      },
      "id": "way/686374696"
    },
    {
      "type": "Feature",
      "properties": {
        "@id": "way/686374697",
        "highway": "trunk",
        "lanes": "4",
        "name": "国道176号",
        "name:en": "National Highway Route 176",
        "name:ja": "国道176号",
        "ref": "176",
        "source": "NRPB of MLIT Japan;GSImaps/std",
        "source:ja": "国土画像情報（オルソ化空中写真）国土交通省",
        "surface": "asphalt"
      },
      "geometry": {
        "type": "LineString",
        "coordinates": [
          [
            135.475163,
            34.7672324
          ],
          [
            135.4751944,
            34.767162
          ],
          [
            135.4753821,
            34.7667374
          ],
          [
            135.4754725,
            34.7665402
          ],
          [
            135.4755118,
            34.7664545
          ],
          [
            135.4755532,
            34.7663699
          ],
          [
            135.4755934,
            34.7662878
          ],
          [
            135.475642,
            34.7661792
          ],
          [
            135.475931,
            34.7655335
          ],
          [
            135.475962,
            34.7654643
          ],
          [
            135.475988,
            34.7654085
          ],
          [
            135.4762228,
            34.7649042
          ],
          [
            135.4762343,
            34.7648794
          ],
          [
            135.4764116,
            34.7644987
          ],
          [
            135.4764506,
            34.7644129
          ],
          [
            135.4765466,
            34.7641994
          ],
          [
            135.4765717,
            34.7641436
          ],
          [
            135.476635,
            34.7639478
          ],
          [
            135.4766827,
            34.7638
          ]
        ]
      },
      "id": "way/686374697"
    },
    {
      "type": "Feature",
      "properties": {
        "@id": "way/687104440",
        "bicycle": "no",
        "foot": "no",
        "highway": "motorway",
        "lanes": "2",
        "maxspeed": "100",
        "motorcar": "designated",
        "motorcycle": "designated",
        "name": "中国自動車道",
        "name:en": "Chugoku Expressway",
        "name:es": "Autopista Chugoku",
        "name:ja": "中国自動車道",
        "name:ko": "주코쿠자동차도",
        "name:ru": "Автомагистраль Тюгоку",
        "oneway": "yes",
        "ref": "E2A",
        "smoothness": "excellent",
        "source": "Bing 2010",
        "surface": "paved",
        "toll": "yes"
      },
      "geometry": {
        "type": "LineString",
        "coordinates": [
          [
            135.4862279,
            34.8061986
          ],
          [
            135.4902127,
            34.8065347
          ]
        ]
      },
      "id": "way/687104440"
    },
    {
      "type": "Feature",
      "properties": {
        "@id": "way/687104444",
        "bicycle": "no",
        "foot": "no",
        "highway": "motorway",
        "lanes": "3",
        "maxheight:signed": "no",
        "maxspeed": "100",
        "motorcar": "designated",
        "motorcycle": "designated",
        "name": "中国自動車道",
        "name:en": "Chugoku Expressway",
        "name:es": "Autopista Chugoku",
        "name:ja": "中国自動車道",
        "name:ko": "주코쿠자동차도",
        "name:ru": "Автомагистраль Тюгоку",
        "oneway": "yes",
        "ref": "E2A",
        "smoothness": "excellent",
        "source": "Bing 2010",
        "surface": "paved",
        "toll": "yes",
        "traffic_sign:lanes": "登坂車線||"
      },
      "geometry": {
        "type": "LineString",
        "coordinates": [
          [
            135.4794796,
            34.8053967
          ],
          [
            135.4797486,
            34.8054519
          ],
          [
            135.4800296,
            34.8055052
          ],
          [
            135.4805934,
            34.8056046
          ],
          [
            135.4808859,
            34.8056512
          ],
          [
            135.4813184,
            34.8057145
          ],
          [
            135.4816599,
            34.8057609
          ],
          [
            135.4819574,
            34.8057999
          ],
          [
            135.4823269,
            34.8058434
          ],
          [
            135.482996,
            34.8059106
          ],
          [
            135.4845493,
            34.8060709
          ],
          [
            135.4862279,
            34.8061986
          ]
        ]
      },
      "id": "way/687104444"
    },
    {
      "type": "Feature",
      "properties": {
        "@id": "way/687104448",
        "bicycle": "no",
        "foot": "no",
        "highway": "motorway",
        "lanes": "2",
        "maxspeed": "100",
        "motorcar": "designated",
        "motorcycle": "designated",
        "name": "中国自動車道",
        "name:en": "Chugoku Expressway",
        "name:es": "Autopista Chugoku",
        "name:ja": "中国自動車道",
        "name:ko": "주코쿠자동차도",
        "name:ru": "Автомагистраль Тюгоку",
        "oneway": "yes",
        "ref": "E2A",
        "smoothness": "excellent",
        "source": "Bing 2010",
        "surface": "paved",
        "toll": "yes"
      },
      "geometry": {
        "type": "LineString",
        "coordinates": [
          [
            135.4690129,
            34.8009626
          ],
          [
            135.4694929,
            34.801178
          ],
          [
            135.4702724,
            34.8015538
          ],
          [
            135.4728306,
            34.8028309
          ],
          [
            135.473713,
            34.8032754
          ],
          [
            135.4741502,
            34.8034907
          ],
          [
            135.4745949,
            34.8037132
          ]
        ]
      },
      "id": "way/687104448"
    },
    {
      "type": "Feature",
      "properties": {
        "@id": "way/687104459",
        "bicycle": "no",
        "bridge": "yes",
        "foot": "no",
        "highway": "motorway",
        "lanes": "3",
        "layer": "1",
        "maxspeed": "100",
        "motorcar": "designated",
        "motorcycle": "designated",
        "name": "中国自動車道",
        "name:en": "Chugoku Expressway",
        "name:es": "Autopista Chugoku",
        "name:ja": "中国自動車道",
        "name:ko": "주코쿠자동차도",
        "name:ru": "Автомагистраль Тюгоку",
        "oneway": "yes",
        "ref": "E2A",
        "smoothness": "excellent",
        "source": "Bing 2010",
        "surface": "asphalt",
        "toll": "yes",
        "turn:lanes": "merge_to_right|none|none"
      },
      "geometry": {
        "type": "LineString",
        "coordinates": [
          [
            135.430485,
            34.8069945
          ],
          [
            135.4309914,
            34.8065233
          ]
        ]
      },
      "id": "way/687104459"
    },
    {
      "type": "Feature",
      "properties": {
        "@id": "way/724350304",
        "bridge": "yes",
        "bridge:name": "猪名川大橋",
        "bridge:name:en": "Inagawa-Ohashi Bridge",
        "highway": "trunk",
        "lanes": "2",
        "layer": "2",
        "maxspeed": "60",
        "name": "国道176号",
        "name:en": "National Highway Route 176",
        "name:ja": "国道176号",
        "oneway": "yes",
        "ref": "176",
        "source": "Bing 2012;GSImaps/std",
        "surface": "asphalt"
      },
      "geometry": {
        "type": "LineString",
        "coordinates": [
          [
            135.4205441,
            34.8103606
          ],
          [
            135.4188696,
            34.8105044
          ],
          [
            135.4170628,
            34.8106286
          ]
        ]
      },
      "id": "way/724350304"
    },
    {
      "type": "Feature",
      "properties": {
        "@id": "way/780144067",
        "bridge": "yes",
        "highway": "primary",
        "layer": "1",
        "name": "旧大阪中央環状線",
        "name:en": "Old Osaka Central Outer Ring Road",
        "name:ja": "旧大阪中央環状線",
        "name:ja-Hira": "きゅうおおさかちゅうおうかんじょうせん",
        "name:ja-Latn": "Kyū Ōsaka Chūō Kanjō-sen",
        "ref": "2",
        "source": "YahooJapan/ALPSMAP",
        "surface": "asphalt",
        "wikidata": "Q11441371",
        "wikipedia": "ja:大阪府道2号大阪中央環状線"
      },
      "geometry": {
        "type": "LineString",
        "coordinates": [
          [
            135.4869081,
            34.7905406
          ],
          [
            135.4868457,
            34.7904178
          ]
        ]
      },
      "id": "way/780144067"
    },
    {
      "type": "Feature",
      "properties": {
        "@id": "way/780144068",
        "highway": "primary",
        "name": "旧大阪中央環状線",
        "name:en": "Old Osaka Central Outer Ring Road",
        "name:ja": "旧大阪中央環状線",
        "name:ja-Hira": "きゅうおおさかちゅうおうかんじょうせん",
        "name:ja-Latn": "Kyū Ōsaka Chūō Kanjō-sen",
        "ref": "2",
        "source": "YahooJapan/ALPSMAP",
        "surface": "asphalt",
        "wikidata": "Q11441371",
        "wikipedia": "ja:大阪府道2号大阪中央環状線"
      },
      "geometry": {
        "type": "LineString",
        "coordinates": [
          [
            135.4869081,
            34.7905406
          ],
          [
            135.4869204,
            34.7905683
          ],
          [
            135.4869894,
            34.7907298
          ],
          [
            135.4870161,
            34.7907853
          ],
          [
            135.4873779,
            34.7915386
          ],
          [
            135.4874736,
            34.7917104
          ],
          [
            135.4875201,
            34.7917939
          ],
          [
            135.4875758,
            34.7918939
          ],
          [
            135.4876338,
            34.7919773
          ],
          [
            135.4878549,
            34.7922951
          ],
          [
            135.4879576,
            34.7924047
          ],
          [
            135.4879831,
            34.7924502
          ],
          [
            135.4881693,
            34.7926429
          ],
          [
            135.4884356,
            34.7928981
          ],
          [
            135.4889972,
            34.7933579
          ],
          [
            135.489071,
            34.7934217
          ],
          [
            135.4893074,
            34.7936244
          ],
          [
            135.489357,
            34.793661
          ],
          [
            135.4894063,
            34.7936902
          ],
          [
            135.4894583,
            34.793727
          ],
          [
            135.4897647,
            34.7939788
          ],
          [
            135.4903867,
            34.7944142
          ],
          [
            135.4910547,
            34.794841
          ],
          [
            135.4922052,
            34.7956132
          ]
        ]
      },
      "id": "way/780144068"
    },
    {
      "type": "Feature",
      "properties": {
        "@id": "way/780887773",
        "bicycle": "no",
        "bridge": "yes",
        "foot": "no",
        "highway": "motorway",
        "lanes": "2",
        "layer": "1",
        "maxspeed": "60",
        "motorcar": "designated",
        "motorcycle": "designated",
        "oneway": "yes",
        "ref": "11",
        "smoothness": "excellent",
        "source": "Bing",
        "surface": "paved",
        "toll": "yes"
      },
      "geometry": {
        "type": "LineString",
        "coordinates": [
          [
            135.4427798,
            34.7958829
          ],
          [
            135.4430098,
            34.7954966
          ],
          [
            135.4434096,
            34.7947855
          ],
          [
            135.4437842,
            34.7941142
          ],
          [
            135.44396,
            34.7937993
          ],
          [
            135.4441728,
            34.7934531
          ],
          [
            135.4444109,
            34.7931184
          ],
          [
            135.4446701,
            34.7927768
          ],
          [
            135.4451309,
            34.7922097
          ],
          [
            135.446077,
            34.7910767
          ],
          [
            135.4472142,
            34.7896965
          ]
        ]
      },
      "id": "way/780887773"
    },
    {
      "type": "Feature",
      "properties": {
        "@id": "way/782428342",
        "bridge": "yes",
        "highway": "trunk",
        "lanes": "1",
        "layer": "1",
        "maxspeed": "40",
        "name": "国道423号",
        "oneway": "yes",
        "ref": "423",
        "source": "GSImaps/std",
        "surface": "paved"
      },
      "geometry": {
        "type": "LineString",
        "coordinates": [
          [
            135.4954167,
            34.7974052
          ],
          [
            135.4953615,
            34.7975216
          ]
        ]
      },
      "id": "way/782428342"
    },
    {
      "type": "Feature",
      "properties": {
        "@id": "way/782428343",
        "highway": "trunk",
        "lanes": "1",
        "maxspeed": "40",
        "name": "国道423号",
        "oneway": "yes",
        "ref": "423",
        "source": "GSImaps/std",
        "surface": "paved"
      },
      "geometry": {
        "type": "LineString",
        "coordinates": [
          [
            135.4945983,
            34.7990576
          ],
          [
            135.4945638,
            34.7991279
          ],
          [
            135.4944585,
            34.7993245
          ],
          [
            135.4944009,
            34.7994354
          ],
          [
            135.4943639,
            34.7995059
          ],
          [
            135.4935729,
            34.8011447
          ],
          [
            135.4935415,
            34.8012461
          ],
          [
            135.4933162,
            34.8017172
          ],
          [
            135.4931855,
            34.8019898
          ],
          [
            135.4930923,
            34.8022077
          ],
          [
            135.4930266,
            34.8023762
          ],
          [
            135.4929467,
            34.8025967
          ],
          [
            135.492879,
            34.8028129
          ],
          [
            135.4928281,
            34.8029913
          ],
          [
            135.4926992,
            34.8035718
          ]
        ]
      },
      "id": "way/782428343"
    },
    {
      "type": "Feature",
      "properties": {
        "@id": "way/782428344",
        "bridge": "yes",
        "highway": "trunk",
        "lanes": "1",
        "layer": "2",
        "maxspeed": "40",
        "name": "国道423号",
        "oneway": "yes",
        "ref": "423",
        "source": "GSImaps/std",
        "surface": "paved"
      },
      "geometry": {
        "type": "LineString",
        "coordinates": [
          [
            135.4957695,
            34.7975308
          ],
          [
            135.4958311,
            34.7974047
          ]
        ]
      },
      "id": "way/782428344"
    },
    {
      "type": "Feature",
      "properties": {
        "@id": "way/782428345",
        "highway": "trunk",
        "lanes": "2",
        "maxspeed": "40",
        "name": "国道423号",
        "oneway": "yes",
        "ref": "423",
        "source": "GSImaps/std",
        "surface": "paved"
      },
      "geometry": {
        "type": "LineString",
        "coordinates": [
          [
            135.4930725,
            34.8038566
          ],
          [
            135.4930909,
            34.8037202
          ],
          [
            135.4931041,
            34.8036319
          ],
          [
            135.4931264,
            34.8035007
          ],
          [
            135.493154,
            34.8033645
          ],
          [
            135.4931731,
            34.8032756
          ],
          [
            135.4932166,
            34.8030965
          ],
          [
            135.4932626,
            34.8029266
          ],
          [
            135.4933181,
            34.8027491
          ],
          [
            135.4933756,
            34.8025775
          ],
          [
            135.4934406,
            34.8024035
          ],
          [
            135.493509,
            34.8022347
          ],
          [
            135.4935739,
            34.8020853
          ],
          [
            135.493849,
            34.8015145
          ],
          [
            135.4941332,
            34.8009289
          ],
          [
            135.4942477,
            34.8006901
          ],
          [
            135.4948967,
            34.7993459
          ],
          [
            135.4952713,
            34.7985641
          ],
          [
            135.4953202,
            34.7984283
          ],
          [
            135.4954712,
            34.7981124
          ],
          [
            135.4955126,
            34.798039
          ],
          [
            135.4955641,
            34.7979476
          ],
          [
            135.4955837,
            34.7979131
          ],
          [
            135.4955938,
            34.7978942
          ],
          [
            135.4956404,
            34.7978011
          ],
          [
            135.4957695,
            34.7975308
          ]
        ]
      },
      "id": "way/782428345"
    },
    {
      "type": "Feature",
      "properties": {
        "@id": "way/798627224",
        "highway": "primary",
        "lanes": "2",
        "lit": "yes",
        "maxspeed": "40",
        "name": "大阪国際空港線",
        "name:en": "Osaka International Airport Line",
        "name:ja": "大阪国際空港線",
        "name:ja-Hira": "おおさかこくさいくうこうせん",
        "name:ja-Latn": "Ōsakakokusaikūkō-sen",
        "ref": "11",
        "sidewalk:both": "separate",
        "source": "Bing,2007-09",
        "surface": "asphalt",
        "wikidata": "Q11441244",
        "wikipedia": "ja:大阪府道11号大阪国際空港線"
      },
      "geometry": {
        "type": "LineString",
        "coordinates": [
          [
            135.4503842,
            34.792378
          ],
          [
            135.450173,
            34.7927282
          ],
          [
            135.4500581,
            34.7929102
          ],
          [
            135.4500153,
            34.7929873
          ],
          [
            135.4497164,
            34.7933903
          ],
          [
            135.4495959,
            34.7935501
          ],
          [
            135.4493949,
            34.7938581
          ],
          [
            135.4493466,
            34.7939327
          ],
          [
            135.4492919,
            34.7940233
          ],
          [
            135.448865,
            34.7947443
          ],
          [
            135.4488411,
            34.7947898
          ],
          [
            135.448736,
            34.7949718
          ],
          [
            135.4485439,
            34.7953265
          ],
          [
            135.4485005,
            34.7954034
          ],
          [
            135.4484251,
            34.7955666
          ],
          [
            135.4482809,
            34.7958772
          ],
          [
            135.4481998,
            34.7960657
          ],
          [
            135.4481676,
            34.796136
          ],
          [
            135.4480317,
            34.7964187
          ],
          [
            135.4477761,
            34.7968904
          ],
          [
            135.4477379,
            34.796954
          ]
        ]
      },
      "id": "way/798627224"
    },
    {
      "type": "Feature",
      "properties": {
        "@id": "way/798627225",
        "bridge": "yes",
        "highway": "primary",
        "lanes": "1",
        "layer": "1",
        "name": "大阪国際空港線",
        "name:en": "Osaka International Airport Line",
        "name:ja": "大阪国際空港線",
        "name:ja-Hira": "おおさかこくさいくうこうせん",
        "name:ja-Latn": "Ōsakakokusaikūkō-sen",
        "oneway": "yes",
        "oneway:bicycle": "yes",
        "ref": "11",
        "surface": "asphalt",
        "wikidata": "Q11441244",
        "wikipedia": "ja:大阪府道11号大阪国際空港線"
      },
      "geometry": {
        "type": "LineString",
        "coordinates": [
          [
            135.4507901,
            34.7911305
          ],
          [
            135.4507966,
            34.7911694
          ],
          [
            135.4508016,
            34.791207
          ],
          [
            135.4508065,
            34.7912781
          ],
          [
            135.4508066,
            34.791306
          ],
          [
            135.4508062,
            34.7913843
          ],
          [
            135.4508055,
            34.7914456
          ],
          [
            135.4508002,
            34.7915027
          ],
          [
            135.4507918,
            34.7915576
          ],
          [
            135.4507818,
            34.7915956
          ],
          [
            135.4507425,
            34.7917081
          ],
          [
            135.4507245,
            34.7917468
          ],
          [
            135.4506936,
            34.7918039
          ],
          [
            135.4506595,
            34.7918572
          ]
        ]
      },
      "id": "way/798627225"
    },
    {
      "type": "Feature",
      "properties": {
        "@id": "way/884581990",
        "bicycle": "no",
        "highway": "primary",
        "lanes": "2",
        "maxspeed": "50",
        "name": "伊丹豊中線",
        "name:en": "Itami-Toyonaka Line",
        "name:ja": "伊丹豊中線",
        "name:ja-Hira": "いたみとよなかせん",
        "name:ja_rm": "Itami Toyonaka-sen",
        "oneway": "yes",
        "ref": "99",
        "surface": "asphalt",
        "wikidata": "Q11393639",
        "wikipedia": "ja:兵庫県道・大阪府道99号伊丹豊中線"
      },
      "geometry": {
        "type": "LineString",
        "coordinates": [
          [
            135.4275135,
            34.7828569
          ],
          [
            135.4274564,
            34.7828562
          ],
          [
            135.427414,
            34.7828557
          ],
          [
            135.4273664,
            34.7828569
          ]
        ]
      },
      "id": "way/884581990"
    },
    {
      "type": "Feature",
      "properties": {
        "@id": "way/884581997",
        "bicycle": "no",
        "highway": "primary",
        "lanes": "2",
        "name": "伊丹豊中線",
        "name:en": "Itami-Toyonaka Line",
        "name:ja": "伊丹豊中線",
        "name:ja-Hira": "いたみとよなかせん",
        "name:ja_rm": "Itami Toyonaka-sen",
        "oneway": "yes",
        "ref": "99",
        "wikidata": "Q11393639",
        "wikipedia": "ja:兵庫県道・大阪府道99号伊丹豊中線"
      },
      "geometry": {
        "type": "LineString",
        "coordinates": [
          [
            135.4247244,
            34.7828529
          ],
          [
            135.4246114,
            34.7828585
          ]
        ]
      },
      "id": "way/884581997"
    },
    {
      "type": "Feature",
      "properties": {
        "@id": "way/884581998",
        "bicycle": "no",
        "highway": "primary",
        "lanes": "2",
        "name": "伊丹豊中線",
        "name:en": "Itami-Toyonaka Line",
        "name:ja": "伊丹豊中線",
        "name:ja-Hira": "いたみとよなかせん",
        "name:ja_rm": "Itami Toyonaka-sen",
        "oneway": "yes",
        "ref": "99",
        "wikidata": "Q11393639",
        "wikipedia": "ja:兵庫県道・大阪府道99号伊丹豊中線"
      },
      "geometry": {
        "type": "LineString",
        "coordinates": [
          [
            135.424596,
            34.78297
          ],
          [
            135.424695,
            34.7829702
          ]
        ]
      },
      "id": "way/884581998"
    },
    {
      "type": "Feature",
      "properties": {
        "@id": "way/897569941",
        "highway": "trunk",
        "lanes": "4",
        "maxspeed": "50",
        "name": "国道171号",
        "name:en": "National Highway Route 171",
        "name:ja": "国道171号",
        "ref": "171",
        "source": "GSImaps/std",
        "surface": "asphalt"
      },
      "geometry": {
        "type": "LineString",
        "coordinates": [
          [
            135.4108831,
            34.7941754
          ],
          [
            135.4111488,
            34.7944413
          ]
        ]
      },
      "id": "way/897569941"
    },
    {
      "type": "Feature",
      "properties": {
        "@id": "way/921152448",
        "highway": "trunk",
        "lanes": "2",
        "name": "国道171号",
        "name:en": "National Highway Route 171",
        "name:ja": "国道171号",
        "oneway": "yes",
        "ref": "171",
        "source": "GSImaps/std",
        "surface": "asphalt"
      },
      "geometry": {
        "type": "LineString",
        "coordinates": [
          [
            135.4261528,
            34.7996861
          ],
          [
            135.4264354,
            34.7997282
          ]
        ]
      },
      "id": "way/921152448"
    },
    {
      "type": "Feature",
      "properties": {
        "@id": "way/921152452",
        "highway": "trunk",
        "lanes": "2",
        "name": "国道171号",
        "name:en": "National Highway Route 171",
        "name:ja": "国道171号",
        "oneway": "yes",
        "ref": "171",
        "source": "GSImaps/std",
        "surface": "asphalt"
      },
      "geometry": {
        "type": "LineString",
        "coordinates": [
          [
            135.4276972,
            34.7998766
          ],
          [
            135.4274922,
            34.7998307
          ],
          [
            135.4270868,
            34.7997466
          ],
          [
            135.4270307,
            34.799735
          ],
          [
            135.426482,
            34.7996348
          ],
          [
            135.4261675,
            34.7995798
          ],
          [
            135.4261322,
            34.7995741
          ]
        ]
      },
      "id": "way/921152452"
    },
    {
      "type": "Feature",
      "properties": {
        "@id": "way/921152464",
        "highway": "trunk",
        "lanes": "2",
        "name": "国道171号",
        "name:en": "National Highway Route 171",
        "name:ja": "国道171号",
        "oneway": "yes",
        "ref": "171",
        "source": "GSImaps/std",
        "surface": "asphalt"
      },
      "geometry": {
        "type": "LineString",
        "coordinates": [
          [
            135.4295978,
            34.8004226
          ],
          [
            135.4303708,
            34.8005996
          ],
          [
            135.4306076,
            34.8007251
          ],
          [
            135.4308495,
            34.8009388
          ],
          [
            135.4309096,
            34.8010332
          ],
          [
            135.4309569,
            34.801138
          ],
          [
            135.4310035,
            34.8013104
          ],
          [
            135.4310242,
            34.8014286
          ]
        ]
      },
      "id": "way/921152464"
    },
    {
      "type": "Feature",
      "properties": {
        "@id": "way/921152465",
        "highway": "trunk",
        "lanes": "2",
        "name": "国道171号",
        "name:en": "National Highway Route 171",
        "name:ja": "国道171号",
        "oneway": "yes",
        "oneway:bicycle": "yes",
        "ref": "171",
        "source": "GSImaps/std",
        "surface": "asphalt"
      },
      "geometry": {
        "type": "LineString",
        "coordinates": [
          [
            135.4311053,
            34.8014276
          ],
          [
            135.4310751,
            34.800795
          ]
        ]
      },
      "id": "way/921152465"
    },
    {
      "type": "Feature",
      "properties": {
        "@id": "way/921152466",
        "highway": "trunk",
        "lanes": "2",
        "name": "国道171号",
        "name:en": "National Highway Route 171",
        "name:ja": "国道171号",
        "oneway": "yes",
        "ref": "171",
        "source": "GSImaps/std",
        "surface": "asphalt"
      },
      "geometry": {
        "type": "LineString",
        "coordinates": [
          [
            135.4311454,
            34.8043851
          ],
          [
            135.4311902,
            34.8057417
          ]
        ]
      },
      "id": "way/921152466"
    },
    {
      "type": "Feature",
      "properties": {
        "@id": "way/921152467",
        "highway": "trunk",
        "lanes": "2",
        "name": "国道171号",
        "name:en": "National Highway Route 171",
        "name:ja": "国道171号",
        "oneway": "yes",
        "oneway:bicycle": "yes",
        "ref": "171",
        "source": "GSImaps/std",
        "surface": "asphalt"
      },
      "geometry": {
        "type": "LineString",
        "coordinates": [
          [
            135.4312399,
            34.8043828
          ],
          [
            135.4312277,
            34.8041157
          ],
          [
            135.4311965,
            34.8034412
          ],
          [
            135.4311556,
            34.8025334
          ],
          [
            135.4311512,
            34.8024364
          ],
          [
            135.4311053,
            34.8014276
          ]
        ]
      },
      "id": "way/921152467"
    },
    {
      "type": "Feature",
      "properties": {
        "@id": "way/982010905",
        "bicycle": "no",
        "bridge": "yes",
        "foot": "no",
        "highway": "motorway",
        "lanes": "2",
        "layer": "1",
        "maxspeed": "50",
        "motorcar": "designated",
        "motorcycle": "designated",
        "name": "阪神高速11号池田線",
        "name:en": "Hanshin Expressway Route 11 Ikeda Line",
        "name:ja": "阪神高速11号池田線",
        "oneway": "yes",
        "ref": "11",
        "smoothness": "excellent",
        "source": "Bing 2010",
        "surface": "paved",
        "toll": "yes"
      },
      "geometry": {
        "type": "LineString",
        "coordinates": [
          [
            135.4422858,
            34.7928578
          ],
          [
            135.4424147,
            34.7927465
          ],
          [
            135.4425462,
            34.7926471
          ],
          [
            135.4426646,
            34.7925769
          ],
          [
            135.4427418,
            34.7925391
          ],
          [
            135.4428255,
            34.7925084
          ],
          [
            135.4429172,
            34.7924824
          ],
          [
            135.4430212,
            34.7924613
          ],
          [
            135.4431224,
            34.7924483
          ],
          [
            135.4432527,
            34.7924419
          ],
          [
            135.443404,
            34.7924494
          ],
          [
            135.443575,
            34.7924764
          ],
          [
            135.4439374,
            34.7925537
          ],
          [
            135.444067,
            34.7925791
          ],
          [
            135.444178,
            34.7925923
          ],
          [
            135.4442939,
            34.7925973
          ],
          [
            135.444417,
            34.792592
          ],
          [
            135.4445411,
            34.7925751
          ],
          [
            135.444637,
            34.7925533
          ],
          [
            135.4446862,
            34.792538
          ]
        ]
      },
      "id": "way/982010905"
    },
    {
      "type": "Feature",
      "properties": {
        "@id": "way/982150621",
        "bicycle": "no",
        "bridge": "yes",
        "foot": "no",
        "highway": "motorway",
        "lanes": "2",
        "layer": "2",
        "maxspeed": "50",
        "motorcar": "designated",
        "motorcycle": "designated",
        "name": "阪神高速11号池田線",
        "name:en": "Hanshin Expressway Route 11 Ikeda Line",
        "name:ja": "阪神高速11号池田線",
        "oneway": "yes",
        "ref": "11",
        "smoothness": "excellent",
        "source": "Bing 2010",
        "surface": "asphalt",
        "toll": "yes"
      },
      "geometry": {
        "type": "LineString",
        "coordinates": [
          [
            135.4201832,
            34.8115848
          ],
          [
            135.4205993,
            34.8108609
          ],
          [
            135.4208832,
            34.8103959
          ],
          [
            135.4211726,
            34.8099397
          ],
          [
            135.4214778,
            34.8094809
          ]
        ]
      },
      "id": "way/982150621"
    },
    {
      "type": "Feature",
      "properties": {
        "@id": "way/982150622",
        "bicycle": "no",
        "bridge": "yes",
        "foot": "no",
        "highway": "motorway",
        "lanes": "2",
        "layer": "2",
        "maxspeed": "50",
        "motorcar": "designated",
        "motorcycle": "designated",
        "name": "阪神高速11号池田線",
        "name:en": "Hanshin Expressway Route 11 Ikeda Line",
        "name:ja": "阪神高速11号池田線",
        "oneway": "yes",
        "ref": "11",
        "smoothness": "excellent",
        "source": "Bing 2010",
        "surface": "asphalt",
        "toll": "yes"
      },
      "geometry": {
        "type": "LineString",
        "coordinates": [
          [
            135.4213926,
            34.8094365
          ],
          [
            135.4210807,
            34.8099014
          ],
          [
            135.4207895,
            34.8103644
          ],
          [
            135.4205146,
            34.8108319
          ],
          [
            135.4200909,
            34.8115502
          ]
        ]
      },
      "id": "way/982150622"
    },
    {
      "type": "Feature",
      "properties": {
        "@id": "way/982158479",
        "bicycle": "no",
        "bridge": "yes",
        "foot": "no",
        "highway": "motorway",
        "lanes": "2",
        "layer": "1",
        "motorcar": "designated",
        "motorcycle": "designated",
        "name": "阪神高速11号池田線",
        "name:en": "Hanshin Expressway Route 11 Ikeda Line",
        "name:ja": "阪神高速11号池田線",
        "oneway": "yes",
        "ref": "11",
        "smoothness": "excellent",
        "source": "Bing 2010",
        "surface": "paved",
        "toll": "yes"
      },
      "geometry": {
        "type": "LineString",
        "coordinates": [
          [
            135.445882,
            34.7914304
          ],
          [
            135.4463331,
            34.7908948
          ],
          [
            135.4467377,
            34.7903708
          ],
          [
            135.4472142,
            34.7896965
          ]
        ]
      },
      "id": "way/982158479"
    },
    {
      "type": "Feature",
      "properties": {
        "@id": "way/982802476",
        "bicycle": "no",
        "highway": "primary",
        "lanes": "2",
        "maxspeed": "50",
        "name": "伊丹豊中線",
        "name:en": "Itami-Toyonaka Line",
        "name:ja": "伊丹豊中線",
        "name:ja-Hira": "いたみとよなかせん",
        "name:ja_rm": "Itami Toyonaka-sen",
        "oneway": "yes",
        "ref": "99",
        "surface": "asphalt",
        "wikidata": "Q11393639",
        "wikipedia": "ja:兵庫県道・大阪府道99号伊丹豊中線"
      },
      "geometry": {
        "type": "LineString",
        "coordinates": [
          [
            135.4246114,
            34.7828585
          ],
          [
            135.424429,
            34.7828706
          ],
          [
            135.4242508,
            34.782895
          ],
          [
            135.4234352,
            34.7830614
          ]
        ]
      },
      "id": "way/982802476"
    },
    {
      "type": "Feature",
      "properties": {
        "@id": "way/982802477",
        "bicycle": "no",
        "highway": "primary",
        "lanes": "2",
        "maxspeed": "50",
        "name": "伊丹豊中線",
        "name:en": "Itami-Toyonaka Line",
        "name:ja": "伊丹豊中線",
        "name:ja-Hira": "いたみとよなかせん",
        "name:ja_rm": "Itami Toyonaka-sen",
        "oneway": "yes",
        "ref": "99",
        "surface": "asphalt",
        "wikidata": "Q11393639",
        "wikipedia": "ja:兵庫県道・大阪府道99号伊丹豊中線"
      },
      "geometry": {
        "type": "LineString",
        "coordinates": [
          [
            135.4234548,
            34.7831297
          ],
          [
            135.4241206,
            34.7829962
          ],
          [
            135.4242722,
            34.7829806
          ],
          [
            135.424428,
            34.782972
          ],
          [
            135.424596,
            34.78297
          ]
        ]
      },
      "id": "way/982802477"
    },
    {
      "type": "Feature",
      "properties": {
        "@id": "way/1076766471",
        "bicycle": "no",
        "foot": "no",
        "highway": "motorway",
        "lanes": "2",
        "maxspeed": "50",
        "motorcar": "designated",
        "motorcycle": "designated",
        "name": "阪神高速11号池田線",
        "name:en": "Hanshin Expressway Route 11 Ikeda Line",
        "name:ja": "阪神高速11号池田線",
        "oneway": "yes",
        "ref": "11",
        "smoothness": "excellent",
        "source": "Bing 2010",
        "surface": "paved",
        "toll": "yes"
      },
      "geometry": {
        "type": "LineString",
        "coordinates": [
          [
            135.4252685,
            34.8021642
          ],
          [
            135.4253926,
            34.8018198
          ],
          [
            135.4254645,
            34.8016223
          ],
          [
            135.4255338,
            34.8014069
          ],
          [
            135.4255856,
            34.8011977
          ],
          [
            135.4256257,
            34.8009869
          ],
          [
            135.4256499,
            34.8007797
          ]
        ]
      },
      "id": "way/1076766471"
    },
    {
      "type": "Feature",
      "properties": {
        "@id": "way/1076766472",
        "bicycle": "no",
        "foot": "no",
        "highway": "motorway",
        "lanes": "2",
        "maxspeed": "50",
        "motorcar": "designated",
        "motorcycle": "designated",
        "name": "阪神高速11号池田線",
        "name:en": "Hanshin Expressway Route 11 Ikeda Line",
        "name:ja": "阪神高速11号池田線",
        "oneway": "yes",
        "ref": "11",
        "smoothness": "excellent",
        "source": "Bing 2010",
        "surface": "paved",
        "toll": "yes"
      },
      "geometry": {
        "type": "LineString",
        "coordinates": [
          [
            135.4255343,
            34.8007762
          ],
          [
            135.4255119,
            34.8009766
          ],
          [
            135.4254722,
            34.8011831
          ],
          [
            135.4254252,
            34.8013739
          ],
          [
            135.4253675,
            34.8015824
          ],
          [
            135.4253052,
            34.8017871
          ],
          [
            135.4251787,
            34.8021408
          ]
        ]
      },
      "id": "way/1076766472"
    },
    {
      "type": "Feature",
      "properties": {
        "@id": "way/1088959976",
        "highway": "trunk",
        "lanes": "3",
        "maxspeed": "40",
        "name": "国道423号",
        "oneway": "yes",
        "ref": "423",
        "source": "GSImaps/std",
        "surface": "paved"
      },
      "geometry": {
        "type": "LineString",
        "coordinates": [
          [
            135.4932856,
            34.8125087
          ],
          [
            135.4932752,
            34.8126413
          ],
          [
            135.4932308,
            34.8130139
          ]
        ]
      },
      "id": "way/1088959976"
    },
    {
      "type": "Feature",
      "properties": {
        "@id": "way/1159295889",
        "bicycle": "no",
        "foot": "no",
        "highway": "trunk",
        "lanes": "2",
        "maxspeed": "60",
        "name": "新御堂筋",
        "name:en": "shin-midousuji",
        "name:ja": "新御堂筋",
        "name:ja-Hira": "しんみどうすじ",
        "name:ja-Latn": "shin-midousuji",
        "official_name": "国道423号",
        "official_name:en": "National Route 423",
        "oneway": "yes",
        "ref": "423",
        "source": "GSImaps/std",
        "surface": "paved"
      },
      "geometry": {
        "type": "LineString",
        "coordinates": [
          [
            135.4934262,
            34.8109445
          ],
          [
            135.4934596,
            34.8114729
          ]
        ]
      },
      "id": "way/1159295889"
    },
    {
      "type": "Feature",
      "properties": {
        "@id": "way/1179897031",
        "highway": "primary",
        "lanes": "2",
        "name": "伊丹停車場線",
        "name:en": "Itami Station Line",
        "name:ja": "伊丹停車場線",
        "name:ja-Hira": "いたみていしゃじょうせん",
        "name:ja_rm": "Itami teishajō-sen",
        "ref": "55",
        "sidewalk": "both",
        "surface": "asphalt",
        "wikidata": "Q11393548",
        "wikipedia": "ja:兵庫県道55号伊丹停車場線"
      },
      "geometry": {
        "type": "LineString",
        "coordinates": [
          [
            135.4213464,
            34.7806161
          ],
          [
            135.4213499,
            34.7805526
          ],
          [
            135.4213474,
            34.7805047
          ],
          [
            135.4213393,
            34.7804559
          ],
          [
            135.4213242,
            34.7804108
          ],
          [
            135.4213122,
            34.7803877
          ],
          [
            135.4212989,
            34.7803637
          ],
          [
            135.4211803,
            34.7801939
          ],
          [
            135.4210278,
            34.7799676
          ],
          [
            135.4210151,
            34.7799425
          ],
          [
            135.4210077,
            34.7799139
          ],
          [
            135.4209939,
            34.7798285
          ]
        ]
      },
      "id": "way/1179897031"
    },
    {
      "type": "Feature",
      "properties": {
        "@id": "way/1203033649",
        "highway": "primary",
        "lanes": "3",
        "maxspeed": "60",
        "name": "大阪中央環状線",
        "name:en": "Osaka Central Outer Ring Road",
        "name:ja": "大阪中央環状線",
        "name:ja-Hira": "おおさかちゅうおうかんじょうせん",
        "name:ja-Latn": "Ōsaka Chūō Kanjō-sen",
        "oneway": "yes",
        "ref": "2",
        "surface": "asphalt",
        "wikidata": "Q11441371",
        "wikipedia": "ja:大阪府道2号大阪中央環状線"
      },
      "geometry": {
        "type": "LineString",
        "coordinates": [
          [
            135.4999605,
            34.807474
          ],
          [
            135.5002608,
            34.8074964
          ],
          [
            135.5013468,
            34.8075172
          ],
          [
            135.5020566,
            34.8074924
          ],
          [
            135.5071915,
            34.8069324
          ],
          [
            135.5084666,
            34.8067879
          ]
        ]
      },
      "id": "way/1203033649"
    },
    {
      "type": "Feature",
      "properties": {
        "@id": "way/1203033650",
        "bridge": "yes",
        "highway": "primary",
        "lanes": "3",
        "layer": "1",
        "maxspeed": "60",
        "name": "大阪中央環状線",
        "name:en": "Osaka Central Outer Ring Road",
        "name:ja": "大阪中央環状線",
        "name:ja-Hira": "おおさかちゅうおうかんじょうせん",
        "name:ja-Latn": "Ōsaka Chūō Kanjō-sen",
        "oneway": "yes",
        "ref": "2",
        "surface": "asphalt",
        "wikidata": "Q11441371",
        "wikipedia": "ja:大阪府道2号大阪中央環状線"
      },
      "geometry": {
        "type": "LineString",
        "coordinates": [
          [
            135.5084666,
            34.8067879
          ],
          [
            135.5086142,
            34.806772
          ]
        ]
      },
      "id": "way/1203033650"
    },
    {
      "type": "Feature",
      "properties": {
        "@id": "way/1203033651",
        "bicycle": "no",
        "foot": "no",
        "highway": "motorway",
        "lanes": "2",
        "maxspeed": "100",
        "motorcar": "designated",
        "motorcycle": "designated",
        "name": "中国自動車道",
        "name:en": "Chūgoku Expressway",
        "name:es": "Autopista Chūgoku",
        "name:fr": "Autoroute Chūgoku",
        "name:ja": "中国自動車道",
        "name:ja-Hira": "ちゅうごくじどうしゃどう",
        "name:ja-Latn": "Chūgoku jidōsha-dō",
        "name:ko": "주코쿠자동차도",
        "name:ru": "Автомагистраль Тюгоку",
        "oneway": "yes",
        "ref": "E2A",
        "smoothness": "excellent",
        "source": "Bing 2010",
        "surface": "paved",
        "toll": "yes",
        "wikidata": "Q1091207"
      },
      "geometry": {
        "type": "LineString",
        "coordinates": [
          [
            135.5190454,
            34.8062255
          ],
          [
            135.5186429,
            34.8061383
          ],
          [
            135.5182036,
            34.8060564
          ],
          [
            135.5178248,
            34.8059911
          ],
          [
            135.5174581,
            34.8059429
          ],
          [
            135.5171414,
            34.8059102
          ],
          [
            135.5167554,
            34.8058813
          ],
          [
            135.5164687,
            34.8058632
          ],
          [
            135.5161517,
            34.8058544
          ],
          [
            135.5153905,
            34.8058625
          ],
          [
            135.5147656,
            34.8058896
          ],
          [
            135.5142479,
            34.8059233
          ],
          [
            135.5137023,
            34.8059722
          ],
          [
            135.5131698,
            34.8060305
          ],
          [
            135.5112195,
            34.8062492
          ],
          [
            135.508564,
            34.8065355
          ]
        ]
      },
      "id": "way/1203033651"
    },
    {
      "type": "Feature",
      "properties": {
        "@id": "way/1203033652",
        "bicycle": "no",
        "bridge": "yes",
        "foot": "no",
        "highway": "motorway",
        "lanes": "2",
        "layer": "1",
        "motorcar": "designated",
        "motorcycle": "designated",
        "name": "中国自動車道",
        "name:en": "Chugoku Expressway",
        "name:es": "Autopista Chugoku",
        "name:ja": "中国自動車道",
        "name:ko": "주코쿠자동차도",
        "name:ru": "Автомагистраль Тюгоку",
        "oneway": "yes",
        "ref": "E2A",
        "smoothness": "excellent",
        "source": "Bing 2010",
        "surface": "paved",
        "toll": "yes"
      },
      "geometry": {
        "type": "LineString",
        "coordinates": [
          [
            135.508564,
            34.8065355
          ],
          [
            135.5084301,
            34.8065509
          ]
        ]
      },
      "id": "way/1203033652"
    },
    {
      "type": "Feature",
      "properties": {
        "@id": "way/1203033653",
        "bicycle": "no",
        "foot": "no",
        "highway": "motorway",
        "lanes": "2",
        "maxspeed": "100",
        "motorcar": "designated",
        "motorcycle": "designated",
        "name": "中国自動車道",
        "name:en": "Chugoku Expressway",
        "name:es": "Autopista Chugoku",
        "name:ja": "中国自動車道",
        "name:ko": "주코쿠자동차도",
        "name:ru": "Автомагистраль Тюгоку",
        "oneway": "yes",
        "ref": "E2A",
        "smoothness": "excellent",
        "source": "Bing 2010",
        "surface": "paved",
        "toll": "yes"
      },
      "geometry": {
        "type": "LineString",
        "coordinates": [
          [
            135.4982969,
            34.807232
          ],
          [
            135.5000945,
            34.8073455
          ],
          [
            135.5007997,
            34.8073895
          ],
          [
            135.5011633,
            34.8073935
          ],
          [
            135.5015477,
            34.8073889
          ],
          [
            135.5019536,
            34.8073704
          ],
          [
            135.5023843,
            34.8073355
          ],
          [
            135.5032798,
            34.8072453
          ],
          [
            135.5070909,
            34.8068199
          ],
          [
            135.5084473,
            34.8066676
          ]
        ]
      },
      "id": "way/1203033653"
    },
    {
      "type": "Feature",
      "properties": {
        "@id": "way/1203033654",
        "bicycle": "no",
        "bridge": "yes",
        "foot": "no",
        "highway": "motorway",
        "lanes": "2",
        "layer": "1",
        "maxspeed": "100",
        "motorcar": "designated",
        "motorcycle": "designated",
        "name": "中国自動車道",
        "name:en": "Chugoku Expressway",
        "name:es": "Autopista Chugoku",
        "name:ja": "中国自動車道",
        "name:ko": "주코쿠자동차도",
        "name:ru": "Автомагистраль Тюгоку",
        "oneway": "yes",
        "ref": "E2A",
        "smoothness": "excellent",
        "source": "Bing 2010",
        "surface": "paved",
        "toll": "yes"
      },
      "geometry": {
        "type": "LineString",
        "coordinates": [
          [
            135.5084473,
            34.8066676
          ],
          [
            135.508583,
            34.8066524
          ]
        ]
      },
      "id": "way/1203033654"
    },
    {
      "type": "Feature",
      "properties": {
        "@id": "way/1203033655",
        "highway": "primary",
        "lanes": "3",
        "maxspeed": "60",
        "name": "大阪中央環状線",
        "name:en": "Osaka Central Outer Ring Road",
        "name:ja": "大阪中央環状線",
        "name:ja-Hira": "おおさかちゅうおうかんじょうせん",
        "name:ja-Latn": "Ōsaka Chūō Kanjō-sen",
        "oneway": "yes",
        "ref": "2",
        "surface": "asphalt",
        "wikidata": "Q11441371",
        "wikipedia": "ja:大阪府道2号大阪中央環状線"
      },
      "geometry": {
        "type": "LineString",
        "coordinates": [
          [
            135.5084087,
            34.8064227
          ],
          [
            135.5073039,
            34.8065448
          ],
          [
            135.5032733,
            34.8070058
          ],
          [
            135.5023774,
            34.8071001
          ],
          [
            135.501889,
            34.8071321
          ],
          [
            135.5013764,
            34.8071464
          ],
          [
            135.5004891,
            34.8071393
          ],
          [
            135.5003179,
            34.8071289
          ]
        ]
      },
      "id": "way/1203033655"
    },
    {
      "type": "Feature",
      "properties": {
        "@id": "way/1203033656",
        "bridge": "yes",
        "highway": "primary",
        "lanes": "3",
        "layer": "1",
        "maxspeed": "60",
        "name": "大阪中央環状線",
        "name:en": "Osaka Central Outer Ring Road",
        "name:ja": "大阪中央環状線",
        "name:ja-Hira": "おおさかちゅうおうかんじょうせん",
        "name:ja-Latn": "Ōsaka Chūō Kanjō-sen",
        "oneway": "yes",
        "ref": "2",
        "surface": "asphalt",
        "wikidata": "Q11441371",
        "wikipedia": "ja:大阪府道2号大阪中央環状線"
      },
      "geometry": {
        "type": "LineString",
        "coordinates": [
          [
            135.5085611,
            34.806402
          ],
          [
            135.5084087,
            34.8064227
          ]
        ]
      },
      "id": "way/1203033656"
    },
    {
      "type": "Feature",
      "properties": {
        "@id": "way/1211486653",
        "highway": "primary",
        "name": "旧大阪中央環状線",
        "name:en": "Old Osaka Central Outer Ring Road",
        "name:ja": "旧大阪中央環状線",
        "name:ja-Hira": "きゅうおおさかちゅうおうかんじょうせん",
        "name:ja-Latn": "Kyū Ōsaka Chūō Kanjō-sen",
        "ref": "2",
        "surface": "asphalt",
        "wikidata": "Q11441371",
        "wikipedia": "ja:大阪府道2号大阪中央環状線"
      },
      "geometry": {
        "type": "LineString",
        "coordinates": [
          [
            135.5162298,
            34.805538
          ],
          [
            135.5161113,
            34.8055299
          ],
          [
            135.5158639,
            34.8055306
          ],
          [
            135.5156782,
            34.8055356
          ],
          [
            135.5155618,
            34.8055472
          ]
        ]
      },
      "id": "way/1211486653"
    },
    {
      "type": "Feature",
      "properties": {
        "@id": "way/1211486655",
        "highway": "primary",
        "name": "旧大阪中央環状線",
        "name:en": "Old Osaka Central Outer Ring Road",
        "name:ja": "旧大阪中央環状線",
        "name:ja-Hira": "きゅうおおさかちゅうおうかんじょうせん",
        "name:ja-Latn": "Kyū Ōsaka Chūō Kanjō-sen",
        "ref": "2",
        "surface": "asphalt",
        "wikidata": "Q11441371",
        "wikipedia": "ja:大阪府道2号大阪中央環状線"
      },
      "geometry": {
        "type": "LineString",
        "coordinates": [
          [
            135.5155618,
            34.8055472
          ],
          [
            135.515544,
            34.8055477
          ],
          [
            135.5154291,
            34.8055511
          ],
          [
            135.5152832,
            34.8055344
          ],
          [
            135.5149961,
            34.805539
          ],
          [
            135.5149156,
            34.8055571
          ]
        ]
      },
      "id": "way/1211486655"
    },
    {
      "type": "Feature",
      "properties": {
        "@id": "way/1214478581",
        "bridge": "yes",
        "bridge:name": "軍行橋",
        "bridge:name:en": "Gunkou Bridge",
        "highway": "trunk",
        "lanes": "2",
        "layer": "1",
        "name": "国道171号",
        "name:en": "National Highway Route 171",
        "name:ja": "国道171号",
        "oneway": "yes",
        "ref": "171",
        "source": "GSImaps/std",
        "surface": "asphalt"
      },
      "geometry": {
        "type": "LineString",
        "coordinates": [
          [
            135.42529,
            34.7994436
          ],
          [
            135.4223151,
            34.7990789
          ]
        ]
      },
      "id": "way/1214478581"
    },
    {
      "type": "Feature",
      "properties": {
        "@id": "way/1214478583",
        "highway": "trunk",
        "lanes": "2",
        "name": "国道171号",
        "name:en": "National Highway Route 171",
        "name:ja": "国道171号",
        "oneway": "yes",
        "ref": "171",
        "source": "GSImaps/std",
        "surface": "asphalt"
      },
      "geometry": {
        "type": "LineString",
        "coordinates": [
          [
            135.4222039,
            34.7991717
          ],
          [
            135.4222951,
            34.7991925
          ]
        ]
      },
      "id": "way/1214478583"
    },
    {
      "type": "Feature",
      "properties": {
        "@id": "way/1214478584",
        "highway": "trunk",
        "lanes": "2",
        "maxspeed": "50",
        "name": "国道171号",
        "name:en": "National Highway Route 171",
        "name:ja": "国道171号",
        "oneway": "yes",
        "ref": "171",
        "source": "GSImaps/std",
        "surface": "asphalt"
      },
      "geometry": {
        "type": "LineString",
        "coordinates": [
          [
            135.4222288,
            34.7990682
          ],
          [
            135.4220464,
            34.7990473
          ]
        ]
      },
      "id": "way/1214478584"
    },
    {
      "type": "Feature",
      "properties": {
        "@id": "way/1214478587",
        "highway": "trunk",
        "lanes": "2",
        "maxspeed": "50",
        "name": "国道171号",
        "name:en": "National Highway Route 171",
        "name:ja": "国道171号",
        "oneway": "yes",
        "ref": "171",
        "source": "GSImaps/std",
        "surface": "asphalt"
      },
      "geometry": {
        "type": "LineString",
        "coordinates": [
          [
            135.4220366,
            34.7991442
          ],
          [
            135.4222039,
            34.7991717
          ]
        ]
      },
      "id": "way/1214478587"
    },
    {
      "type": "Feature",
      "properties": {
        "@id": "way/1240918297",
        "bicycle": "no",
        "bridge": "yes",
        "foot": "no",
        "highway": "motorway",
        "lanes": "2",
        "layer": "1",
        "motorcar": "designated",
        "motorcycle": "designated",
        "name": "阪神高速11号池田線",
        "name:en": "Hanshin Expressway Route 11 Ikeda Line",
        "name:ja": "阪神高速11号池田線",
        "oneway": "yes",
        "ref": "11",
        "smoothness": "excellent",
        "source": "Bing 2010",
        "surface": "paved",
        "toll": "yes"
      },
      "geometry": {
        "type": "LineString",
        "coordinates": [
          [
            135.4451097,
            34.7923273
          ],
          [
            135.4452046,
            34.792244
          ],
          [
            135.4452932,
            34.7921538
          ],
          [
            135.4454357,
            34.791985
          ],
          [
            135.445882,
            34.7914304
          ]
        ]
      },
      "id": "way/1240918297"
    },
    {
      "type": "Feature",
      "properties": {
        "@id": "way/1240918298",
        "bicycle": "no",
        "bridge": "yes",
        "foot": "no",
        "highway": "motorway",
        "lanes": "2",
        "layer": "2",
        "motorcar": "designated",
        "motorcycle": "designated",
        "name": "阪神高速11号池田線",
        "name:en": "Hanshin Expressway Route 11 Ikeda Line",
        "name:ja": "阪神高速11号池田線",
        "oneway": "yes",
        "ref": "11",
        "smoothness": "excellent",
        "source": "Bing 2010",
        "surface": "paved",
        "toll": "yes"
      },
      "geometry": {
        "type": "LineString",
        "coordinates": [
          [
            135.4446862,
            34.792538
          ],
          [
            135.4447551,
            34.7925153
          ],
          [
            135.4448392,
            34.7924826
          ],
          [
            135.4449224,
            34.7924459
          ],
          [
            135.4450222,
            34.792391
          ],
          [
            135.4451097,
            34.7923273
          ]
        ]
      },
      "id": "way/1240918298"
    },
    {
      "type": "Feature",
      "properties": {
        "@id": "way/1241398524",
        "bridge": "yes",
        "highway": "primary",
        "lanes": "3",
        "layer": "1",
        "maxspeed": "60",
        "name": "大阪中央環状線",
        "name:en": "Osaka Central Outer Ring Road",
        "name:ja": "大阪中央環状線",
        "name:ja-Hira": "おおさかちゅうおうかんじょうせん",
        "name:ja-Latn": "Ōsaka Chūō Kanjō-sen",
        "oneway": "yes",
        "oneway:bicycle": "yes",
        "ref": "2",
        "surface": "asphalt",
        "wikidata": "Q11441371",
        "wikipedia": "ja:大阪府道2号大阪中央環状線"
      },
      "geometry": {
        "type": "LineString",
        "coordinates": [
          [
            135.4664179,
            34.7997737
          ],
          [
            135.4661332,
            34.7996983
          ]
        ]
      },
      "id": "way/1241398524"
    },
    {
      "type": "Feature",
      "properties": {
        "@id": "way/1241398525",
        "highway": "primary",
        "lanes": "3",
        "maxspeed": "60",
        "name": "大阪中央環状線",
        "name:en": "Osaka Central Outer Ring Road",
        "name:ja": "大阪中央環状線",
        "name:ja-Hira": "おおさかちゅうおうかんじょうせん",
        "name:ja-Latn": "Ōsaka Chūō Kanjō-sen",
        "oneway": "yes",
        "oneway:bicycle": "yes",
        "ref": "2",
        "surface": "asphalt",
        "wikidata": "Q11441371",
        "wikipedia": "ja:大阪府道2号大阪中央環状線"
      },
      "geometry": {
        "type": "LineString",
        "coordinates": [
          [
            135.4673594,
            34.8000571
          ],
          [
            135.4669445,
            34.7999203
          ],
          [
            135.4665282,
            34.7998029
          ],
          [
            135.4664179,
            34.7997737
          ]
        ]
      },
      "id": "way/1241398525"
    },
    {
      "type": "Feature",
      "properties": {
        "@id": "way/1241398529",
        "bridge": "yes",
        "highway": "primary",
        "lanes": "3",
        "layer": "1",
        "maxspeed": "60",
        "name": "大阪中央環状線",
        "name:en": "Osaka Central Outer Ring Road",
        "name:ja": "大阪中央環状線",
        "name:ja-Hira": "おおさかちゅうおうかんじょうせん",
        "name:ja-Latn": "Ōsaka Chūō Kanjō-sen",
        "oneway": "yes",
        "oneway:bicycle": "yes",
        "ref": "2",
        "surface": "asphalt",
        "wikidata": "Q11441371",
        "wikipedia": "ja:大阪府道2号大阪中央環状線"
      },
      "geometry": {
        "type": "LineString",
        "coordinates": [
          [
            135.4663214,
            34.8001209
          ],
          [
            135.4665809,
            34.8001933
          ]
        ]
      },
      "id": "way/1241398529"
    },
    {
      "type": "Feature",
      "properties": {
        "@id": "way/1241398530",
        "highway": "primary",
        "lanes": "3",
        "maxspeed": "60",
        "name": "大阪中央環状線",
        "name:en": "Osaka Central Outer Ring Road",
        "name:ja": "大阪中央環状線",
        "name:ja-Hira": "おおさかちゅうおうかんじょうせん",
        "name:ja-Latn": "Ōsaka Chūō Kanjō-sen",
        "oneway": "yes",
        "oneway:bicycle": "yes",
        "ref": "2",
        "surface": "asphalt",
        "wikidata": "Q11441371",
        "wikipedia": "ja:大阪府道2号大阪中央環状線"
      },
      "geometry": {
        "type": "LineString",
        "coordinates": [
          [
            135.4665809,
            34.8001933
          ],
          [
            135.4666537,
            34.8002139
          ],
          [
            135.4667541,
            34.8002461
          ],
          [
            135.4669588,
            34.8003095
          ],
          [
            135.4672034,
            34.8003913
          ]
        ]
      },
      "id": "way/1241398530"
    },
    {
      "type": "Feature",
      "properties": {
        "@id": "way/1244607956",
        "bicycle": "no",
        "foot": "no",
        "highway": "trunk",
        "lanes": "2",
        "maxspeed": "60",
        "name": "新御堂筋",
        "name:en": "shin-midousuji",
        "name:ja": "新御堂筋",
        "name:ja-Hira": "しんみどうすじ",
        "name:ja-Latn": "shin-midousuji",
        "official_name": "国道423号",
        "official_name:en": "National Route 423",
        "oneway": "yes",
        "ref": "423",
        "source": "GSImaps/std",
        "surface": "paved"
      },
      "geometry": {
        "type": "LineString",
        "coordinates": [
          [
            135.4929373,
            34.8042836
          ],
          [
            135.4929581,
            34.8039765
          ],
          [
            135.4930018,
            34.8036186
          ],
          [
            135.4930229,
            34.8035284
          ],
          [
            135.4930517,
            34.803388
          ],
          [
            135.4930834,
            34.8032395
          ],
          [
            135.4932126,
            34.8027468
          ],
          [
            135.4933563,
            34.8023486
          ]
        ]
      },
      "id": "way/1244607956"
    },
    {
      "type": "Feature",
      "properties": {
        "@id": "way/1244607957",
        "bicycle": "no",
        "foot": "no",
        "highway": "trunk",
        "lanes": "2",
        "maxspeed": "60",
        "name": "新御堂筋",
        "name:en": "shin-midousuji",
        "name:ja": "新御堂筋",
        "name:ja-Hira": "しんみどうすじ",
        "name:ja-Latn": "shin-midousuji",
        "official_name": "国道423号",
        "official_name:en": "National Route 423",
        "oneway": "yes",
        "ref": "423",
        "source": "GSImaps/std",
        "surface": "paved"
      },
      "geometry": {
        "type": "LineString",
        "coordinates": [
          [
            135.4935637,
            34.8114867
          ],
          [
            135.493528,
            34.8108669
          ],
          [
            135.4931565,
            34.8074394
          ]
        ]
      },
      "id": "way/1244607957"
    },
    {
      "type": "Feature",
      "properties": {
        "@id": "way/1244963023",
        "highway": "trunk",
        "lanes": "2",
        "maxspeed": "40",
        "name": "国道423号",
        "oneway": "yes",
        "ref": "423",
        "source": "GSImaps/std",
        "surface": "paved"
      },
      "geometry": {
        "type": "LineString",
        "coordinates": [
          [
            135.4953615,
            34.7975216
          ],
          [
            135.4952976,
            34.7976403
          ],
          [
            135.4952442,
            34.7977356
          ],
          [
            135.4951929,
            34.7978238
          ],
          [
            135.4948088,
            34.7986237
          ],
          [
            135.4946875,
            34.7988731
          ],
          [
            135.4945983,
            34.7990576
          ]
        ]
      },
      "id": "way/1244963023"
    },
    {
      "type": "Feature",
      "properties": {
        "@id": "way/1245868966",
        "highway": "trunk",
        "lanes": "3",
        "maxspeed": "40",
        "name": "国道423号",
        "oneway": "yes",
        "ref": "423",
        "source": "GSImaps/std",
        "surface": "paved"
      },
      "geometry": {
        "type": "LineString",
        "coordinates": [
          [
            135.4935622,
            34.8132609
          ],
          [
            135.4936136,
            34.8129627
          ],
          [
            135.4936496,
            34.8126626
          ],
          [
            135.4936671,
            34.8125387
          ]
        ]
      },
      "id": "way/1245868966"
    },
    {
      "type": "Feature",
      "properties": {
        "@id": "way/1312299002",
        "bicycle": "no",
        "foot": "no",
        "highway": "motorway",
        "lanes": "2",
        "layer": "-1",
        "motorcar": "designated",
        "motorcycle": "designated",
        "name": "伊丹トンネル",
        "name:en": "Itami Tunnel",
        "name:es": "Túnel Itami",
        "name:ja": "伊丹トンネル",
        "oneway": "yes",
        "ref": "11",
        "smoothness": "excellent",
        "surface": "paved",
        "toll": "yes",
        "tunnel": "yes"
      },
      "geometry": {
        "type": "LineString",
        "coordinates": [
          [
            135.4259304,
            34.7987252
          ],
          [
            135.4258558,
            34.7988615
          ],
          [
            135.4257704,
            34.7990663
          ],
          [
            135.4257067,
            34.7992533
          ],
          [
            135.4256513,
            34.7994588
          ],
          [
            135.4256157,
            34.7996564
          ],
          [
            135.425585,
            34.7999327
          ],
          [
            135.4255454,
            34.8003952
          ],
          [
            135.4255343,
            34.8007762
          ]
        ]
      },
      "id": "way/1312299002"
    },
    {
      "type": "Feature",
      "properties": {
        "@id": "way/1312299003",
        "bicycle": "no",
        "foot": "no",
        "highway": "motorway",
        "lanes": "2",
        "layer": "-2",
        "motorcar": "designated",
        "motorcycle": "designated",
        "name": "伊丹トンネル",
        "name:en": "Itami Tunnel",
        "name:es": "Túnel Itami",
        "name:ja": "伊丹トンネル",
        "oneway": "yes",
        "ref": "11",
        "smoothness": "excellent",
        "surface": "paved",
        "toll": "yes",
        "tunnel": "yes"
      },
      "geometry": {
        "type": "LineString",
        "coordinates": [
          [
            135.4259408,
            34.7987061
          ],
          [
            135.4259304,
            34.7987252
          ]
        ]
      },
      "id": "way/1312299003"
    },
    {
      "type": "Feature",
      "properties": {
        "@id": "way/1312299004",
        "bicycle": "no",
        "foot": "no",
        "highway": "motorway",
        "lanes": "2",
        "layer": "-2",
        "motorcar": "designated",
        "motorcycle": "designated",
        "name": "伊丹トンネル",
        "name:es": "Túnel Itami",
        "name:ja": "伊丹トンネル",
        "oneway": "yes",
        "ref": "11",
        "smoothness": "excellent",
        "surface": "paved",
        "toll": "yes",
        "tunnel": "yes"
      },
      "geometry": {
        "type": "LineString",
        "coordinates": [
          [
            135.4260205,
            34.7988328
          ],
          [
            135.4260323,
            34.7988112
          ]
        ]
      },
      "id": "way/1312299004"
    },
    {
      "type": "Feature",
      "properties": {
        "@id": "way/1312299005",
        "bicycle": "no",
        "foot": "no",
        "highway": "motorway",
        "lanes": "2",
        "layer": "-1",
        "motorcar": "designated",
        "motorcycle": "designated",
        "name": "伊丹トンネル",
        "name:es": "Túnel Itami",
        "name:ja": "伊丹トンネル",
        "oneway": "yes",
        "ref": "11",
        "smoothness": "excellent",
        "surface": "paved",
        "toll": "yes",
        "tunnel": "yes"
      },
      "geometry": {
        "type": "LineString",
        "coordinates": [
          [
            135.4256499,
            34.8007797
          ],
          [
            135.4256782,
            34.8004147
          ],
          [
            135.4257194,
            34.7999424
          ],
          [
            135.4257538,
            34.7996766
          ],
          [
            135.4257892,
            34.7994808
          ],
          [
            135.425837,
            34.7992863
          ],
          [
            135.4258991,
            34.7991035
          ],
          [
            135.4259783,
            34.7989102
          ],
          [
            135.4260205,
            34.7988328
          ]
        ]
      },
      "id": "way/1312299005"
    },
    {
      "type": "Feature",
      "properties": {
        "@id": "way/1317513127",
        "highway": "primary",
        "lanes": "3",
        "maxspeed": "50",
        "name": "尼崎池田線",
        "name:en": "Amagasaki Ikeda Line",
        "name:ja": "尼崎池田線",
        "name:ja-Hira": "あまがさきいけだせん",
        "name:ja_rm": "Amagasaki Ikeda-sen",
        "oneway": "yes",
        "ref": "13",
        "source": "Bing,2006-06",
        "surface": "asphalt",
        "wikidata": "Q11393188",
        "wikipedia": "ja:兵庫県道13号尼崎池田線"
      },
      "geometry": {
        "type": "LineString",
        "coordinates": [
          [
            135.4111482,
            34.8108217
          ],
          [
            135.4110935,
            34.8113714
          ],
          [
            135.4110505,
            34.8117589
          ],
          [
            135.4110459,
            34.8121461
          ],
          [
            135.4110941,
            34.8126913
          ],
          [
            135.4111719,
            34.8133903
          ],
          [
            135.411253,
            34.8140867
          ],
          [
            135.4113554,
            34.8150355
          ],
          [
            135.4114079,
            34.8155078
          ],
          [
            135.4114547,
            34.815908
          ],
          [
            135.4114578,
            34.8159351
          ]
        ]
      },
      "id": "way/1317513127"
    },
    {
      "type": "Feature",
      "properties": {
        "@id": "way/1317513129",
        "highway": "primary",
        "lanes": "1",
        "maxspeed": "40",
        "name": "伊丹豊中線",
        "name:en": "Itami-Toyonaka Line",
        "name:ja": "伊丹豊中線",
        "name:ja-Hira": "いたみとよなかせん",
        "name:ja_rm": "Itami Toyonaka-sen",
        "oneway": "yes",
        "ref": "99",
        "surface": "asphalt",
        "wikidata": "Q11393639",
        "wikipedia": "ja:兵庫県道・大阪府道99号伊丹豊中線"
      },
      "geometry": {
        "type": "LineString",
        "coordinates": [
          [
            135.4369525,
            34.7825031
          ],
          [
            135.4352149,
            34.7825306
          ],
          [
            135.4350349,
            34.7825345
          ]
        ]
      },
      "id": "way/1317513129"
    },
    {
      "type": "Feature",
      "properties": {
        "@id": "way/1322389289",
        "highway": "primary",
        "lanes": "2",
        "name": "伊丹停車場線",
        "name:en": "Itami Station Line",
        "name:ja": "伊丹停車場線",
        "name:ja-Hira": "いたみていしゃじょうせん",
        "name:ja_rm": "Itami teishajō-sen",
        "ref": "55",
        "surface": "asphalt"
      },
      "geometry": {
        "type": "LineString",
        "coordinates": [
          [
            135.4213324,
            34.7809706
          ],
          [
            135.4213383,
            34.7807979
          ]
        ]
      },
      "id": "way/1322389289"
    },
    {
      "type": "Feature",
      "properties": {
        "@id": "way/1330582492",
        "bicycle": "no",
        "bridge": "yes",
        "foot": "no",
        "hgv:lanes": "yes|no|no",
        "highway": "motorway",
        "lanes": "3",
        "layer": "1",
        "maxspeed": "100",
        "motorcar": "designated",
        "motorcycle": "designated",
        "name": "中国自動車道",
        "name:en": "Chugoku Expressway",
        "name:es": "Autopista Chugoku",
        "name:ja": "中国自動車道",
        "name:ko": "주코쿠자동차도",
        "name:ru": "Автомагистраль Тюгоку",
        "oneway": "yes",
        "ref": "E2A",
        "smoothness": "excellent",
        "source": "Bing 2010",
        "surface": "paved",
        "toll": "no"
      },
      "geometry": {
        "type": "LineString",
        "coordinates": [
          [
            135.3885427,
            34.8099738
          ],
          [
            135.3890123,
            34.8100462
          ],
          [
            135.3894596,
            34.8101116
          ],
          [
            135.390365,
            34.8102296
          ],
          [
            135.3912922,
            34.8103369
          ],
          [
            135.3917659,
            34.8103881
          ],
          [
            135.3922154,
            34.8104371
          ],
          [
            135.3931407,
            34.8105303
          ],
          [
            135.3940659,
            34.8106167
          ],
          [
            135.3945277,
            34.8106597
          ],
          [
            135.3949972,
            34.8107009
          ],
          [
            135.3958973,
            34.8107739
          ],
          [
            135.3964669,
            34.8108166
          ]
        ]
      },
      "id": "way/1330582492"
    },
    {
      "type": "Feature",
      "properties": {
        "@id": "way/1330582493",
        "bicycle": "no",
        "bridge": "yes",
        "foot": "no",
        "highway": "motorway",
        "lanes": "3",
        "layer": "1",
        "maxspeed": "100",
        "motorcar": "designated",
        "motorcycle": "designated",
        "name": "中国自動車道",
        "name:en": "Chugoku Expressway",
        "name:es": "Autopista Chugoku",
        "name:ja": "中国自動車道",
        "name:ko": "주코쿠자동차도",
        "name:ru": "Автомагистраль Тюгоку",
        "oneway": "yes",
        "ref": "E2A",
        "smoothness": "excellent",
        "source": "Bing 2010",
        "surface": "paved",
        "toll": "no"
      },
      "geometry": {
        "type": "LineString",
        "coordinates": [
          [
            135.3964944,
            34.8106941
          ],
          [
            135.3959156,
            34.8106502
          ],
          [
            135.3950122,
            34.8105772
          ],
          [
            135.3940773,
            34.8104917
          ],
          [
            135.3931542,
            34.8104073
          ],
          [
            135.3922338,
            34.8103139
          ],
          [
            135.3913089,
            34.8102123
          ],
          [
            135.3903862,
            34.8101085
          ],
          [
            135.3894909,
            34.8099877
          ],
          [
            135.3885665,
            34.8098498
          ]
        ]
      },
      "id": "way/1330582493"
    },
    {
      "type": "Feature",
      "properties": {
        "@id": "way/1378122515",
        "highway": "trunk",
        "lanes": "4",
        "maxspeed": "50",
        "name": "国道171号",
        "name:en": "National Highway Route 171",
        "name:ja": "国道171号",
        "ref": "171",
        "sidewalk:both": "separate",
        "source": "GSImaps/std",
        "surface": "asphalt"
      },
      "geometry": {
        "type": "LineString",
        "coordinates": [
          [
            135.4098796,
            34.7931302
          ],
          [
            135.4101129,
            34.7933932
          ]
        ]
      },
      "id": "way/1378122515"
    },
    {
      "type": "Feature",
      "properties": {
        "@id": "way/1425779097",
        "highway": "trunk",
        "lanes": "2",
        "maxspeed": "40",
        "motorroad": "no",
        "name": "国道176号",
        "name:en": "National Highway Route 176",
        "name:ja": "国道176号",
        "ref": "176",
        "sidewalk:both": "separate",
        "source": "GSImaps/std",
        "surface": "asphalt"
      },
      "geometry": {
        "type": "LineString",
        "coordinates": [
          [
            135.4493999,
            34.7952716
          ],
          [
            135.4494088,
            34.7952296
          ],
          [
            135.4494195,
            34.7951944
          ],
          [
            135.4494584,
            34.7950425
          ],
          [
            135.4494693,
            34.7950002
          ],
          [
            135.4495102,
            34.794857
          ],
          [
            135.4495449,
            34.7947395
          ],
          [
            135.449681,
            34.7942747
          ],
          [
            135.4497159,
            34.7941588
          ],
          [
            135.4497347,
            34.7940963
          ],
          [
            135.4497569,
            34.7940233
          ]
        ]
      },
      "id": "way/1425779097"
    },
    {
      "type": "Feature",
      "properties": {
        "@id": "way/1441860444",
        "highway": "trunk",
        "lanes": "2",
        "maxspeed": "50",
        "name": "国道171号",
        "name:en": "National Highway Route 171",
        "name:ja": "国道171号",
        "oneway": "yes",
        "ref": "171",
        "source": "GSImaps/std",
        "surface": "asphalt"
      },
      "geometry": {
        "type": "LineString",
        "coordinates": [
          [
            135.4223151,
            34.7990789
          ],
          [
            135.4222288,
            34.7990682
          ]
        ]
      },
      "id": "way/1441860444"
    },
    {
      "type": "Feature",
      "properties": {
        "@id": "way/1451357813",
        "highway": "primary",
        "lanes": "2",
        "maxspeed": "40",
        "name": "伊丹豊中線",
        "name:en": "Itami-Toyonaka Line",
        "name:ja": "伊丹豊中線",
        "name:ja-Hira": "いたみとよなかせん",
        "name:ja_rm": "Itami Toyonaka-sen",
        "ref": "99",
        "surface": "asphalt",
        "wikidata": "Q11393639",
        "wikipedia": "ja:兵庫県道・大阪府道99号伊丹豊中線"
      },
      "geometry": {
        "type": "LineString",
        "coordinates": [
          [
            135.453556,
            34.7822278
          ],
          [
            135.4531302,
            34.7822071
          ]
        ]
      },
      "id": "way/1451357813"
    },
    {
      "type": "Feature",
      "properties": {
        "@id": "way/1499250893",
        "highway": "primary",
        "lanes": "2",
        "maxspeed": "40",
        "name": "大阪国際空港線",
        "name:en": "Osaka International Airport Line",
        "name:ja": "大阪国際空港線",
        "name:ja-Hira": "おおさかこくさいくうこうせん",
        "name:ja-Latn": "Ōsakakokusaikūkō-sen",
        "oneway": "yes",
        "oneway:bicycle": "yes",
        "ref": "11",
        "surface": "asphalt",
        "wikidata": "Q11441244",
        "wikipedia": "ja:大阪府道11号大阪国際空港線"
      },
      "geometry": {
        "type": "LineString",
        "coordinates": [
          [
            135.4471612,
            34.7894926
          ],
          [
            135.4473187,
            34.7894751
          ],
          [
            135.4474716,
            34.789454
          ]
        ]
      },
      "id": "way/1499250893"
    },
    {
      "type": "Feature",
      "properties": {
        "@id": "way/1529274617",
        "highway": "trunk",
        "lanes": "2",
        "maxspeed": "50",
        "name": "国道176号",
        "name:en": "National Highway Route 176",
        "name:ja": "国道176号",
        "oneway": "yes",
        "ref": "176",
        "source": "Bing 2012;GSImaps/std",
        "surface": "asphalt"
      },
      "geometry": {
        "type": "LineString",
        "coordinates": [
          [
            135.4001585,
            34.8107792
          ],
          [
            135.3977479,
            34.8106509
          ],
          [
            135.3964242,
            34.8105643
          ],
          [
            135.3962618,
            34.8105537
          ],
          [
            135.3948981,
            34.810444
          ]
        ]
      },
      "id": "way/1529274617"
    },
    {
      "type": "Feature",
      "properties": {
        "@id": "node/274568888",
        "highway": "traffic_signals"
      },
      "geometry": {
        "type": "Point",
        "coordinates": [
          135.451818,
          34.8006915
        ]
      },
      "id": "node/274568888"
    },
    {
      "type": "Feature",
      "properties": {
        "@id": "node/274568907",
        "highway": "traffic_signals",
        "name": "空港前",
        "name:en": "Kuko-mae",
        "name:ja": "空港前",
        "name:ja-Latn": "Kuko-mae",
        "traffic_signals": "signal"
      },
      "geometry": {
        "type": "Point",
        "coordinates": [
          135.4432492,
          34.795221
        ]
      },
      "id": "node/274568907"
    },
    {
      "type": "Feature",
      "properties": {
        "@id": "node/274568908",
        "fixme": "多言語名称の英語はAirportに変わっています。",
        "highway": "traffic_signals",
        "name": "空港前",
        "name:en": "Kuko-mae",
        "name:ja": "空港前",
        "name:ja-Latn": "Kuko-mae",
        "traffic_signals": "signal"
      },
      "geometry": {
        "type": "Point",
        "coordinates": [
          135.4430226,
          34.79513
        ]
      },
      "id": "node/274568908"
    },
    {
      "type": "Feature",
      "properties": {
        "@id": "node/291497919",
        "highway": "motorway_junction",
        "name": "吹田SA(下り)",
        "name:en": "Suita SA",
        "name:ja": "吹田SA(下り)",
        "name:ja-Hira": "すいたさーびすえりあ",
        "source:name": "wikipedia",
        "wikipedia": "ja:吹田サービスエリア"
      },
      "geometry": {
        "type": "Point",
        "coordinates": [
          135.5289763,
          34.7848736
        ]
      },
      "id": "node/291497919"
    },
    {
      "type": "Feature",
      "properties": {
        "@id": "node/291497931",
        "man_made": "surveillance",
        "name": "Ｎシステム",
        "surveillance:type": "camera"
      },
      "geometry": {
        "type": "Point",
        "coordinates": [
          135.5262105,
          34.7820717
        ]
      },
      "id": "node/291497931"
    },
    {
      "type": "Feature",
      "properties": {
        "@id": "node/294111247",
        "emergency": "phone",
        "highway": "emergency_bay"
      },
      "geometry": {
        "type": "Point",
        "coordinates": [
          135.3890123,
          34.8100462
        ]
      },
      "id": "node/294111247"
    },
    {
      "type": "Feature",
      "properties": {
        "@id": "node/294111270",
        "highway": "emergency_bay"
      },
      "geometry": {
        "type": "Point",
        "coordinates": [
          135.4273281,
          34.8091399
        ]
      },
      "id": "node/294111270"
    },
    {
      "type": "Feature",
      "properties": {
        "@id": "node/294111331",
        "emergency": "phone",
        "highway": "emergency_bay"
      },
      "geometry": {
        "type": "Point",
        "coordinates": [
          135.4446709,
          34.8002148
        ]
      },
      "id": "node/294111331"
    },
    {
      "type": "Feature",
      "properties": {
        "@id": "node/294111345",
        "emergency": "phone",
        "highway": "emergency_bay"
      },
      "geometry": {
        "type": "Point",
        "coordinates": [
          135.4654379,
          34.7997793
        ]
      },
      "id": "node/294111345"
    },
    {
      "type": "Feature",
      "properties": {
        "@id": "node/294111368",
        "emergency": "phone"
      },
      "geometry": {
        "type": "Point",
        "coordinates": [
          135.4794796,
          34.8053967
        ]
      },
      "id": "node/294111368"
    },
    {
      "type": "Feature",
      "properties": {
        "@id": "node/294464939",
        "name": "市役所前",
        "operator": "伊丹市交通局",
        "public_transport": "stop_position"
      },
      "geometry": {
        "type": "Point",
        "coordinates": [
          135.4001475,
          34.7848036
        ]
      },
      "id": "node/294464939"
    },
    {
      "type": "Feature",
      "properties": {
        "@id": "node/294465001",
        "highway": "traffic_signals",
        "name": "東中学校前",
        "traffic_signals": "signal"
      },
      "geometry": {
        "type": "Point",
        "coordinates": [
          135.4098796,
          34.7931302
        ]
      },
      "id": "node/294465001"
    },
    {
      "type": "Feature",
      "properties": {
        "@id": "node/294465055",
        "highway": "traffic_signals",
        "name": "軍行橋西詰"
      },
      "geometry": {
        "type": "Point",
        "coordinates": [
          135.4222039,
          34.7991717
        ]
      },
      "id": "node/294465055"
    },
    {
      "type": "Feature",
      "properties": {
        "@id": "node/294465114",
        "highway": "crossing"
      },
      "geometry": {
        "type": "Point",
        "coordinates": [
          135.4310695,
          34.8025343
        ]
      },
      "id": "node/294465114"
    },
    {
      "type": "Feature",
      "properties": {
        "@id": "node/294465163",
        "highway": "traffic_signals"
      },
      "geometry": {
        "type": "Point",
        "coordinates": [
          135.4314118,
          34.8110832
        ]
      },
      "id": "node/294465163"
    },
    {
      "type": "Feature",
      "properties": {
        "@id": "node/294465293",
        "bus": "yes",
        "highway": "bus_stop",
        "name": "半町",
        "name:en": "Hanjo",
        "public_transport": "stop_position",
        "ref": "西行",
        "source": "survey"
      },
      "geometry": {
        "type": "Point",
        "coordinates": [
          135.4564658,
          34.8125585
        ]
      },
      "id": "node/294465293"
    },
    {
      "type": "Feature",
      "properties": {
        "@id": "node/294465298",
        "crossing": "traffic_signals",
        "highway": "crossing"
      },
      "geometry": {
        "type": "Point",
        "coordinates": [
          135.4571556,
          34.8128166
        ]
      },
      "id": "node/294465298"
    },
    {
      "type": "Feature",
      "properties": {
        "@id": "node/294465333",
        "bus": "yes",
        "highway": "bus_stop",
        "name": "南桜井",
        "public_transport": "stop_position",
        "ref": "東行"
      },
      "geometry": {
        "type": "Point",
        "coordinates": [
          135.4627795,
          34.8154008
        ]
      },
      "id": "node/294465333"
    },
    {
      "type": "Feature",
      "properties": {
        "@id": "node/294465354",
        "highway": "traffic_signals",
        "name": "桜井3丁目",
        "name:en": "Sakurai 3"
      },
      "geometry": {
        "type": "Point",
        "coordinates": [
          135.4647541,
          34.816666
        ]
      },
      "id": "node/294465354"
    },
    {
      "type": "Feature",
      "properties": {
        "@id": "node/302504713",
        "highway": "motorway_junction",
        "name": "吹田SA(上り)",
        "name:en": "Suita SA",
        "name:ja": "吹田SA(上り)",
        "name:ja-Hira": "すいたさーびすえりあ",
        "source:name": "wikipedia",
        "wikipedia": "ja:吹田サービスエリア"
      },
      "geometry": {
        "type": "Point",
        "coordinates": [
          135.5238819,
          34.7799278
        ]
      },
      "id": "node/302504713"
    },
    {
      "type": "Feature",
      "properties": {
        "@id": "node/332536120",
        "highway": "traffic_signals",
        "name": "荘園口東",
        "name:en": "Soenguchi higashi",
        "name:ja": "荘園口東"
      },
      "geometry": {
        "type": "Point",
        "coordinates": [
          135.4412469,
          34.8127078
        ]
      },
      "id": "node/332536120"
    },
    {
      "type": "Feature",
      "properties": {
        "@id": "node/332536349",
        "highway": "traffic_signals",
        "name": "石橋3",
        "name:en": "Ishibashi 3",
        "name:ja": "石橋3"
      },
      "geometry": {
        "type": "Point",
        "coordinates": [
          135.4474118,
          34.8056369
        ]
      },
      "id": "node/332536349"
    },
    {
      "type": "Feature",
      "properties": {
        "@id": "node/332536352",
        "highway": "traffic_signals",
        "name": "清風荘1丁目",
        "name:en": "Sefuso 1 chome",
        "name:ja": "清風荘1丁目"
      },
      "geometry": {
        "type": "Point",
        "coordinates": [
          135.4479047,
          34.8026058
        ]
      },
      "id": "node/332536352"
    },
    {
      "type": "Feature",
      "properties": {
        "@id": "node/332536354",
        "highway": "traffic_signals",
        "name": "蛍池東4丁目北",
        "name:en": "Hotarugaike higashi 4 kita",
        "name:ja": "蛍池東4丁目北"
      },
      "geometry": {
        "type": "Point",
        "coordinates": [
          135.4483098,
          34.8006086
        ]
      },
      "id": "node/332536354"
    },
    {
      "type": "Feature",
      "properties": {
        "@id": "node/332537195",
        "bus": "yes",
        "highway": "bus_stop",
        "name": "中央環状柴原口",
        "public_transport": "stop_position"
      },
      "geometry": {
        "type": "Point",
        "coordinates": [
          135.4644821,
          34.7997469
        ]
      },
      "id": "node/332537195"
    },
    {
      "type": "Feature",
      "properties": {
        "@id": "node/332537924",
        "highway": "speed_camera",
        "maxspeed": "60",
        "type": "enforcement"
      },
      "geometry": {
        "type": "Point",
        "coordinates": [
          135.5183139,
          34.8063109
        ]
      },
      "id": "node/332537924"
    },
    {
      "type": "Feature",
      "properties": {
        "@id": "node/335488402",
        "highway": "traffic_signals",
        "name:en": "Sumiyoshi 2",
        "name:ja": "住吉2丁目"
      },
      "geometry": {
        "type": "Point",
        "coordinates": [
          135.4372605,
          34.8012992
        ]
      },
      "id": "node/335488402"
    },
    {
      "type": "Feature",
      "properties": {
        "@id": "node/335493987",
        "bus": "yes",
        "name": "野里",
        "public_transport": "stop_position",
        "ref": "西行"
      },
      "geometry": {
        "type": "Point",
        "coordinates": [
          135.3962618,
          34.8105537
        ]
      },
      "id": "node/335493987"
    },
    {
      "type": "Feature",
      "properties": {
        "@id": "node/368238393",
        "highway": "traffic_signals"
      },
      "geometry": {
        "type": "Point",
        "coordinates": [
          135.4693588,
          34.7828043
        ]
      },
      "id": "node/368238393"
    },
    {
      "type": "Feature",
      "properties": {
        "@id": "node/368238401",
        "highway": "traffic_signals"
      },
      "geometry": {
        "type": "Point",
        "coordinates": [
          135.4822912,
          34.7877313
        ]
      },
      "id": "node/368238401"
    },
    {
      "type": "Feature",
      "properties": {
        "@id": "node/368238414",
        "highway": "traffic_signals"
      },
      "geometry": {
        "type": "Point",
        "coordinates": [
          135.4962847,
          34.7988454
        ]
      },
      "id": "node/368238414"
    },
    {
      "type": "Feature",
      "properties": {
        "@id": "node/368238418",
        "highway": "traffic_signals",
        "traffic_signals": "signal"
      },
      "geometry": {
        "type": "Point",
        "coordinates": [
          135.4980475,
          34.800952
        ]
      },
      "id": "node/368238418"
    },
    {
      "type": "Feature",
      "properties": {
        "@id": "node/369729053",
        "highway": "traffic_signals"
      },
      "geometry": {
        "type": "Point",
        "coordinates": [
          135.4922052,
          34.7956132
        ]
      },
      "id": "node/369729053"
    },
    {
      "type": "Feature",
      "properties": {
        "@id": "node/370855845",
        "highway": "traffic_signals"
      },
      "geometry": {
        "type": "Point",
        "coordinates": [
          135.4962016,
          34.7784001
        ]
      },
      "id": "node/370855845"
    },
    {
      "type": "Feature",
      "properties": {
        "@id": "node/370855866",
        "highway": "traffic_signals",
        "traffic_signals": "signal"
      },
      "geometry": {
        "type": "Point",
        "coordinates": [
          135.4963949,
          34.7789469
        ]
      },
      "id": "node/370855866"
    },
    {
      "type": "Feature",
      "properties": {
        "@id": "node/370855874",
        "highway": "traffic_signals",
        "traffic_signals": "signal"
      },
      "geometry": {
        "type": "Point",
        "coordinates": [
          135.4967767,
          34.7788268
        ]
      },
      "id": "node/370855874"
    },
    {
      "type": "Feature",
      "properties": {
        "@id": "node/380368310",
        "emergency": "phone"
      },
      "geometry": {
        "type": "Point",
        "coordinates": [
          135.4034358,
          34.8111743
        ]
      },
      "id": "node/380368310"
    },
    {
      "type": "Feature",
      "properties": {
        "@id": "node/412127857",
        "highway": "traffic_signals",
        "name": "桑津橋西詰"
      },
      "geometry": {
        "type": "Point",
        "coordinates": [
          135.4246114,
          34.7828585
        ]
      },
      "id": "node/412127857"
    },
    {
      "type": "Feature",
      "properties": {
        "@id": "node/412127945",
        "bus": "yes",
        "highway": "bus_stop",
        "name": "宮川原橋",
        "name:en": "Miyagawarabashi",
        "name:ja": "宮川原橋",
        "operator": "阪急バス;伊丹市交通局",
        "public_transport": "stop_position"
      },
      "geometry": {
        "type": "Point",
        "coordinates": [
          135.4498868,
          34.7821689
        ]
      },
      "id": "node/412127945"
    },
    {
      "type": "Feature",
      "properties": {
        "@id": "node/412128503",
        "highway": "traffic_signals",
        "name": "利倉東2"
      },
      "geometry": {
        "type": "Point",
        "coordinates": [
          135.4609624,
          34.7636621
        ]
      },
      "id": "node/412128503"
    },
    {
      "type": "Feature",
      "properties": {
        "@id": "node/412128506",
        "highway": "traffic_signals",
        "name": "走井",
        "name:en": "Hashirii",
        "name:ja": "走井",
        "name:ja_rm": "Hashirii"
      },
      "geometry": {
        "type": "Point",
        "coordinates": [
          135.4531302,
          34.7822071
        ]
      },
      "id": "node/412128506"
    },
    {
      "type": "Feature",
      "properties": {
        "@id": "node/420552971",
        "highway": "traffic_signals",
        "name": "上野坂北"
      },
      "geometry": {
        "type": "Point",
        "coordinates": [
          135.4717983,
          34.8001796
        ]
      },
      "id": "node/420552971"
    },
    {
      "type": "Feature",
      "properties": {
        "@id": "node/420552985",
        "highway": "traffic_signals"
      },
      "geometry": {
        "type": "Point",
        "coordinates": [
          135.4711624,
          34.8044657
        ]
      },
      "id": "node/420552985"
    },
    {
      "type": "Feature",
      "properties": {
        "@id": "node/420552988",
        "highway": "traffic_signals"
      },
      "geometry": {
        "type": "Point",
        "coordinates": [
          135.472185,
          34.8073906
        ]
      },
      "id": "node/420552988"
    },
    {
      "type": "Feature",
      "properties": {
        "@id": "node/420553000",
        "highway": "traffic_signals"
      },
      "geometry": {
        "type": "Point",
        "coordinates": [
          135.4730509,
          34.8095314
        ]
      },
      "id": "node/420553000"
    },
    {
      "type": "Feature",
      "properties": {
        "@id": "node/424569590",
        "highway": "traffic_signals",
        "name": "北桜塚2"
      },
      "geometry": {
        "type": "Point",
        "coordinates": [
          135.4670025,
          34.7843783
        ]
      },
      "id": "node/424569590"
    },
    {
      "type": "Feature",
      "properties": {
        "@id": "node/424569591",
        "highway": "traffic_signals",
        "name": "豊中郵便局前",
        "name:en": "Toyonaka yubinkyoku mae",
        "name:ja": "豊中郵便局前"
      },
      "geometry": {
        "type": "Point",
        "coordinates": [
          135.4654354,
          34.7855446
        ]
      },
      "id": "node/424569591"
    },
    {
      "type": "Feature",
      "properties": {
        "@id": "node/424569600",
        "highway": "traffic_signals",
        "name": "蛍池",
        "name:en": "Hotarugaike",
        "name:ja": "蛍池"
      },
      "geometry": {
        "type": "Point",
        "coordinates": [
          135.4503305,
          34.7929744
        ]
      },
      "id": "node/424569600"
    },
    {
      "type": "Feature",
      "properties": {
        "@id": "node/424577342",
        "highway": "traffic_signals",
        "name": "曽根",
        "name:en": "Sone",
        "name:ja": "曽根"
      },
      "geometry": {
        "type": "Point",
        "coordinates": [
          135.4725228,
          34.7740701
        ]
      },
      "id": "node/424577342"
    },
    {
      "type": "Feature",
      "properties": {
        "@id": "node/442132170",
        "destination": "池田,中国自動車道",
        "highway": "motorway_junction",
        "name": "池田出口",
        "name:en": "Ikeda",
        "name:ja": "池田出口",
        "name:ja-Hira": "いけだでぐち",
        "ref": "11-11",
        "source:name": "wikipedia",
        "wikipedia": "ja:池田出入口"
      },
      "geometry": {
        "type": "Point",
        "coordinates": [
          135.4459873,
          34.7910291
        ]
      },
      "id": "node/442132170"
    },
    {
      "type": "Feature",
      "properties": {
        "@id": "node/442132238",
        "highway": "motorway_junction",
        "name": "川西小花出口",
        "name:en": "Kawanishi-Obana",
        "name:ja": "川西小花出口",
        "name:ja-Hira": "かわにしおばなでぐち",
        "ref": "11-13",
        "source:name": "wikipedia",
        "wikipedia": "ja:川西小花出入口"
      },
      "geometry": {
        "type": "Point",
        "coordinates": [
          135.416911,
          34.8230206
        ]
      },
      "id": "node/442132238"
    },
    {
      "type": "Feature",
      "properties": {
        "@id": "node/442132259",
        "destination": "止々呂美,亀岡",
        "highway": "motorway_junction",
        "name": "池田木部第一",
        "name:en": "Ikeda-Kibe No.1",
        "name:ja": "池田木部第一",
        "name:ja-Hira": "いけだきべだいいちでいりぐち",
        "ref": "11-14",
        "source:name": "wikipedia",
        "wikipedia": "ja:池田木部第一出入口"
      },
      "geometry": {
        "type": "Point",
        "coordinates": [
          135.4256971,
          34.8363424
        ]
      },
      "id": "node/442132259"
    },
    {
      "type": "Feature",
      "properties": {
        "@id": "node/560761473",
        "highway": "traffic_signals",
        "name": "豊島南1丁目",
        "name:en": "Toyoshima-minami 1",
        "name:ja": "豊島南1丁目"
      },
      "geometry": {
        "type": "Point",
        "coordinates": [
          135.4350456,
          34.8023931
        ]
      },
      "id": "node/560761473"
    },
    {
      "type": "Feature",
      "properties": {
        "@id": "node/599511694",
        "highway": "traffic_signals",
        "name": "昆陽",
        "name:ja-Latn": "Koya",
        "traffic_signals": "signal"
      },
      "geometry": {
        "type": "Point",
        "coordinates": [
          135.3968534,
          34.7822051
        ]
      },
      "id": "node/599511694"
    },
    {
      "type": "Feature",
      "properties": {
        "@id": "node/599511754",
        "highway": "traffic_signals",
        "name": "軍行橋西詰"
      },
      "geometry": {
        "type": "Point",
        "coordinates": [
          135.4222288,
          34.7990682
        ]
      },
      "id": "node/599511754"
    },
    {
      "type": "Feature",
      "properties": {
        "@id": "node/599511755",
        "bench": "yes",
        "bus": "yes",
        "highway": "bus_stop",
        "name": "下河原",
        "operator": "伊丹市交通局",
        "public_transport": "platform",
        "shelter": "yes"
      },
      "geometry": {
        "type": "Point",
        "coordinates": [
          135.4276972,
          34.7998766
        ]
      },
      "id": "node/599511755"
    },
    {
      "type": "Feature",
      "properties": {
        "@id": "node/599511756",
        "highway": "traffic_signals",
        "name": "軍行橋東詰"
      },
      "geometry": {
        "type": "Point",
        "coordinates": [
          135.4257638,
          34.7995087
        ]
      },
      "id": "node/599511756"
    },
    {
      "type": "Feature",
      "properties": {
        "@id": "node/599512325",
        "highway": "motorway_junction",
        "name": "中国池田IC",
        "name:en": "Chugoku-Ikeda IC",
        "name:ja": "中国池田IC",
        "name:ja-Hira": "ちゅうごくいけだいんたーちぇんじ",
        "name:ja_rm": "Chugoku-Ikeda IC",
        "ref": "2",
        "source:name": "wikipedia",
        "wikipedia": "ja:中国池田インターチェンジ"
      },
      "geometry": {
        "type": "Point",
        "coordinates": [
          135.4288721,
          34.8082645
        ]
      },
      "id": "node/599512325"
    },
    {
      "type": "Feature",
      "properties": {
        "@id": "node/745994150",
        "highway": "traffic_signals",
        "name": "石橋阪大下",
        "name:en": "Ishibashi handai shita",
        "name:ja": "石橋阪大下"
      },
      "geometry": {
        "type": "Point",
        "coordinates": [
          135.447268,
          34.8069267
        ]
      },
      "id": "node/745994150"
    },
    {
      "type": "Feature",
      "properties": {
        "@id": "node/745994161",
        "highway": "traffic_signals",
        "traffic_signals": "signal"
      },
      "geometry": {
        "type": "Point",
        "coordinates": [
          135.4487672,
          34.8096167
        ]
      },
      "id": "node/745994161"
    },
    {
      "type": "Feature",
      "properties": {
        "@id": "node/988748887",
        "crossing": "traffic_signals",
        "highway": "traffic_signals"
      },
      "geometry": {
        "type": "Point",
        "coordinates": [
          135.4599829,
          34.7820073
        ]
      },
      "id": "node/988748887"
    },
    {
      "type": "Feature",
      "properties": {
        "@id": "node/988749011",
        "highway": "traffic_signals"
      },
      "geometry": {
        "type": "Point",
        "coordinates": [
          135.4725548,
          34.7930351
        ]
      },
      "id": "node/988749011"
    },
    {
      "type": "Feature",
      "properties": {
        "@id": "node/988749055",
        "highway": "traffic_signals"
      },
      "geometry": {
        "type": "Point",
        "coordinates": [
          135.4733724,
          34.7843993
        ]
      },
      "id": "node/988749055"
    },
    {
      "type": "Feature",
      "properties": {
        "@id": "node/988749221",
        "highway": "traffic_signals",
        "name": "豊中本町南",
        "name:en": "Toyonaka honmachi minami",
        "name:ja": "豊中本町南"
      },
      "geometry": {
        "type": "Point",
        "coordinates": [
          135.4632189,
          34.7871141
        ]
      },
      "id": "node/988749221"
    },
    {
      "type": "Feature",
      "properties": {
        "@id": "node/996279877",
        "highway": "traffic_signals",
        "name": "緑丘小学校前",
        "source": "local knowledge"
      },
      "geometry": {
        "type": "Point",
        "coordinates": [
          135.4080432,
          34.7913766
        ]
      },
      "id": "node/996279877"
    },
    {
      "type": "Feature",
      "properties": {
        "@id": "node/996280251",
        "highway": "traffic_signals"
      },
      "geometry": {
        "type": "Point",
        "coordinates": [
          135.4209939,
          34.7798285
        ]
      },
      "id": "node/996280251"
    },
    {
      "type": "Feature",
      "properties": {
        "@id": "node/998976034",
        "highway": "traffic_signals",
        "name": "桜塚",
        "name:en": "Sakurazuka",
        "name:ja": "桜塚"
      },
      "geometry": {
        "type": "Point",
        "coordinates": [
          135.468694,
          34.7825719
        ]
      },
      "id": "node/998976034"
    },
    {
      "type": "Feature",
      "properties": {
        "@id": "node/998976037",
        "crossing": "traffic_signals",
        "highway": "traffic_signals",
        "name": "少路北",
        "name:en": "Shoji-kita"
      },
      "geometry": {
        "type": "Point",
        "coordinates": [
          135.4714092,
          34.8024428
        ]
      },
      "id": "node/998976037"
    },
    {
      "type": "Feature",
      "properties": {
        "@id": "node/998976046",
        "crossing": "traffic_signals",
        "highway": "traffic_signals",
        "name": "少路南"
      },
      "geometry": {
        "type": "Point",
        "coordinates": [
          135.4715337,
          34.801738
        ]
      },
      "id": "node/998976046"
    },
    {
      "type": "Feature",
      "properties": {
        "@id": "node/1067041381",
        "highway": "traffic_signals"
      },
      "geometry": {
        "type": "Point",
        "coordinates": [
          135.4965833,
          34.7783154
        ]
      },
      "id": "node/1067041381"
    },
    {
      "type": "Feature",
      "properties": {
        "@id": "node/1067054644",
        "highway": "traffic_signals",
        "name": "住吉2丁目北",
        "name:en": "Sumiyoshi 2 kita",
        "name:ja": "住吉2丁目北"
      },
      "geometry": {
        "type": "Point",
        "coordinates": [
          135.4371854,
          34.8017056
        ]
      },
      "id": "node/1067054644"
    },
    {
      "type": "Feature",
      "properties": {
        "@id": "node/1127807094",
        "highway": "traffic_signals",
        "name": "弘済院東",
        "name:ja": "弘済院東",
        "source": "Bing 2010"
      },
      "geometry": {
        "type": "Point",
        "coordinates": [
          135.5148244,
          34.8055613
        ]
      },
      "id": "node/1127807094"
    },
    {
      "type": "Feature",
      "properties": {
        "@id": "node/1266344142",
        "highway": "traffic_signals",
        "name:en": "Tenjin",
        "name:ja": "天神"
      },
      "geometry": {
        "type": "Point",
        "coordinates": [
          135.4400287,
          34.8109675
        ]
      },
      "id": "node/1266344142"
    },
    {
      "type": "Feature",
      "properties": {
        "@id": "node/1266344164",
        "highway": "traffic_signals",
        "name:en": "Tenjin",
        "name:ja": "天神"
      },
      "geometry": {
        "type": "Point",
        "coordinates": [
          135.4401421,
          34.8109654
        ]
      },
      "id": "node/1266344164"
    },
    {
      "type": "Feature",
      "properties": {
        "@id": "node/1266344171",
        "highway": "traffic_signals",
        "name": "鉢塚",
        "name:ja": "鉢塚",
        "source": "bing 2010"
      },
      "geometry": {
        "type": "Point",
        "coordinates": [
          135.4353642,
          34.816739
        ]
      },
      "id": "node/1266344171"
    },
    {
      "type": "Feature",
      "properties": {
        "@id": "node/1266602093",
        "highway": "traffic_signals",
        "name": "半町",
        "name:en": "Hanjo"
      },
      "geometry": {
        "type": "Point",
        "coordinates": [
          135.4570038,
          34.81276
        ]
      },
      "id": "node/1266602093"
    },
    {
      "type": "Feature",
      "properties": {
        "@id": "node/1266981708",
        "highway": "traffic_signals",
        "name": "牧落5丁目",
        "name:en": "Makiochi 5"
      },
      "geometry": {
        "type": "Point",
        "coordinates": [
          135.4665311,
          34.8178171
        ]
      },
      "id": "node/1266981708"
    },
    {
      "type": "Feature",
      "properties": {
        "@id": "node/1266981876",
        "highway": "traffic_signals",
        "name": "箕面自由学園前",
        "name:en": "Minojiyugakuen-mae"
      },
      "geometry": {
        "type": "Point",
        "coordinates": [
          135.4621968,
          34.8150209
        ]
      },
      "id": "node/1266981876"
    },
    {
      "type": "Feature",
      "properties": {
        "@id": "node/1266982050",
        "highway": "traffic_signals",
        "name": "桜井3丁目西",
        "name:en": "Sakurai 3-nishi"
      },
      "geometry": {
        "type": "Point",
        "coordinates": [
          135.4630254,
          34.8155545
        ]
      },
      "id": "node/1266982050"
    },
    {
      "type": "Feature",
      "properties": {
        "@id": "node/1268068153",
        "highway": "crossing"
      },
      "geometry": {
        "type": "Point",
        "coordinates": [
          135.4432912,
          34.806223
        ]
      },
      "id": "node/1268068153"
    },
    {
      "type": "Feature",
      "properties": {
        "@id": "node/1268068177",
        "highway": "traffic_signals"
      },
      "geometry": {
        "type": "Point",
        "coordinates": [
          135.4313189,
          34.8083014
        ]
      },
      "id": "node/1268068177"
    },
    {
      "type": "Feature",
      "properties": {
        "@id": "node/1268068225",
        "highway": "traffic_signals",
        "name": "石橋1丁目",
        "name:en": "Ishibashi 1",
        "name:ja": "石橋1丁目",
        "traffic_signals": "signal"
      },
      "geometry": {
        "type": "Point",
        "coordinates": [
          135.4433653,
          34.806258
        ]
      },
      "id": "node/1268068225"
    },
    {
      "type": "Feature",
      "properties": {
        "@id": "node/1268068278",
        "highway": "traffic_signals",
        "name:en": "Sumiyoshi",
        "name:ja": "住吉"
      },
      "geometry": {
        "type": "Point",
        "coordinates": [
          135.4403686,
          34.8048418
        ]
      },
      "id": "node/1268068278"
    },
    {
      "type": "Feature",
      "properties": {
        "@id": "node/1268068372",
        "highway": "traffic_signals",
        "name": "蛍池駅前",
        "name:ja": "蛍池駅前",
        "name:ja-Latn": "Hotarugaikeeki mae"
      },
      "geometry": {
        "type": "Point",
        "coordinates": [
          135.4493714,
          34.7954271
        ]
      },
      "id": "node/1268068372"
    },
    {
      "type": "Feature",
      "properties": {
        "@id": "node/1268068409",
        "highway": "traffic_signals",
        "name": "蛍池東4丁目南",
        "name:en": "Hotarugaike higashi 4 minami",
        "name:ja": "蛍池東4丁目南"
      },
      "geometry": {
        "type": "Point",
        "coordinates": [
          135.4484202,
          34.8000826
        ]
      },
      "id": "node/1268068409"
    },
    {
      "type": "Feature",
      "properties": {
        "@id": "node/1268068498",
        "highway": "traffic_signals",
        "name": "井口堂",
        "name:en": "Iguchido",
        "name:ja": "井口堂"
      },
      "geometry": {
        "type": "Point",
        "coordinates": [
          135.4443956,
          34.810478
        ]
      },
      "id": "node/1268068498"
    },
    {
      "type": "Feature",
      "properties": {
        "@id": "node/1268068611",
        "bus": "yes",
        "name": "中之島",
        "public_transport": "stop_position",
        "ref": "東行"
      },
      "geometry": {
        "type": "Point",
        "coordinates": [
          135.4421176,
          34.8056614
        ]
      },
      "id": "node/1268068611"
    },
    {
      "type": "Feature",
      "properties": {
        "@id": "node/1268095643",
        "highway": "traffic_signals",
        "name": "蛍池東1丁目",
        "name:en": "Hotarugaike higashi 1",
        "name:ja": "蛍池東1丁目"
      },
      "geometry": {
        "type": "Point",
        "coordinates": [
          135.4497569,
          34.7940233
        ]
      },
      "id": "node/1268095643"
    },
    {
      "type": "Feature",
      "properties": {
        "@id": "node/1268095648",
        "highway": "traffic_signals",
        "name": "千里園1丁目",
        "name:en": "Senrien 1 chome",
        "name:ja": "千里園1丁目"
      },
      "geometry": {
        "type": "Point",
        "coordinates": [
          135.453086,
          34.7910879
        ]
      },
      "id": "node/1268095648"
    },
    {
      "type": "Feature",
      "properties": {
        "@id": "node/1268668134",
        "highway": "traffic_signals"
      },
      "geometry": {
        "type": "Point",
        "coordinates": [
          135.4304871,
          34.7827579
        ]
      },
      "id": "node/1268668134"
    },
    {
      "type": "Feature",
      "properties": {
        "@id": "node/1268668226",
        "highway": "traffic_signals",
        "name": "城山町2",
        "name:en": "Shiroyamacho 2",
        "name:ja": "城山町2"
      },
      "geometry": {
        "type": "Point",
        "coordinates": [
          135.4744989,
          34.7687144
        ]
      },
      "id": "node/1268668226"
    },
    {
      "type": "Feature",
      "properties": {
        "@id": "node/1268668278",
        "highway": "traffic_signals"
      },
      "geometry": {
        "type": "Point",
        "coordinates": [
          135.4638797,
          34.7821377
        ]
      },
      "id": "node/1268668278"
    },
    {
      "type": "Feature",
      "properties": {
        "@id": "node/1268668352",
        "junction": "yes",
        "name": "豊中本町",
        "name:en": "Toyonakahonmachi",
        "name:ja": "豊中本町"
      },
      "geometry": {
        "type": "Point",
        "coordinates": [
          135.4625116,
          34.7874553
        ]
      },
      "id": "node/1268668352"
    },
    {
      "type": "Feature",
      "properties": {
        "@id": "node/1268669039",
        "highway": "traffic_signals",
        "name": "城山町1",
        "name:en": "Shiroyamacho 1",
        "name:ja": "城山町1"
      },
      "geometry": {
        "type": "Point",
        "coordinates": [
          135.4736236,
          34.7709195
        ]
      },
      "id": "node/1268669039"
    },
    {
      "type": "Feature",
      "properties": {
        "@id": "node/1268726378",
        "highway": "traffic_signals",
        "name": "服部本町2"
      },
      "geometry": {
        "type": "Point",
        "coordinates": [
          135.475962,
          34.7654643
        ]
      },
      "id": "node/1268726378"
    },
    {
      "type": "Feature",
      "properties": {
        "@id": "node/1270056039",
        "highway": "traffic_signals"
      },
      "geometry": {
        "type": "Point",
        "coordinates": [
          135.450402,
          34.7904653
        ]
      },
      "id": "node/1270056039"
    },
    {
      "type": "Feature",
      "properties": {
        "@id": "node/1270146172",
        "highway": "traffic_signals"
      },
      "geometry": {
        "type": "Point",
        "coordinates": [
          135.4493466,
          34.7939327
        ]
      },
      "id": "node/1270146172"
    },
    {
      "type": "Feature",
      "properties": {
        "@id": "node/1270146181",
        "highway": "traffic_signals"
      },
      "geometry": {
        "type": "Point",
        "coordinates": [
          135.4639345,
          34.8036998
        ]
      },
      "id": "node/1270146181"
    },
    {
      "type": "Feature",
      "properties": {
        "@id": "node/1270146208",
        "highway": "traffic_signals",
        "name": "桜の町北",
        "name:en": "Sakuranocho kita",
        "name:ja": "桜の町北"
      },
      "geometry": {
        "type": "Point",
        "coordinates": [
          135.4635218,
          34.7996609
        ]
      },
      "id": "node/1270146208"
    },
    {
      "type": "Feature",
      "properties": {
        "@id": "node/1270146217",
        "highway": "traffic_signals"
      },
      "geometry": {
        "type": "Point",
        "coordinates": [
          135.4477379,
          34.796954
        ]
      },
      "id": "node/1270146217"
    },
    {
      "type": "Feature",
      "properties": {
        "@id": "node/1270146267",
        "highway": "traffic_signals"
      },
      "geometry": {
        "type": "Point",
        "coordinates": [
          135.4718415,
          34.8064959
        ]
      },
      "id": "node/1270146267"
    },
    {
      "type": "Feature",
      "properties": {
        "@id": "node/1270146283",
        "highway": "traffic_signals",
        "name": "阪大前南",
        "name:en": "Handaimae minami",
        "name:ja": "阪大前南"
      },
      "geometry": {
        "type": "Point",
        "coordinates": [
          135.4544384,
          34.8006062
        ]
      },
      "id": "node/1270146283"
    },
    {
      "type": "Feature",
      "properties": {
        "@id": "node/1270146316",
        "bus": "yes",
        "highway": "bus_stop",
        "name": "永楽荘四丁目",
        "public_transport": "stop_position",
        "ref": "北行"
      },
      "geometry": {
        "type": "Point",
        "coordinates": [
          135.4732219,
          34.8185712
        ]
      },
      "id": "node/1270146316"
    },
    {
      "type": "Feature",
      "properties": {
        "@id": "node/1270146322",
        "bus": "yes",
        "highway": "bus_stop",
        "name": "永楽荘四丁目",
        "public_transport": "stop_position",
        "ref": "南行"
      },
      "geometry": {
        "type": "Point",
        "coordinates": [
          135.4727648,
          34.818121
        ]
      },
      "id": "node/1270146322"
    },
    {
      "type": "Feature",
      "properties": {
        "@id": "node/1270146338",
        "highway": "traffic_signals",
        "name": "島熊山南",
        "name:en": "Shimakumayama-minami"
      },
      "geometry": {
        "type": "Point",
        "coordinates": [
          135.4826801,
          34.8056451
        ]
      },
      "id": "node/1270146338"
    },
    {
      "type": "Feature",
      "properties": {
        "@id": "node/1270146388",
        "highway": "traffic_signals",
        "name": "島熊山北",
        "name:en": "Shimakumayama-kita"
      },
      "geometry": {
        "type": "Point",
        "coordinates": [
          135.4824794,
          34.80601
        ]
      },
      "id": "node/1270146388"
    },
    {
      "type": "Feature",
      "properties": {
        "@id": "node/1270146395",
        "highway": "traffic_signals"
      },
      "geometry": {
        "type": "Point",
        "coordinates": [
          135.4737265,
          34.8189429
        ]
      },
      "id": "node/1270146395"
    },
    {
      "type": "Feature",
      "properties": {
        "@id": "node/1270146521",
        "bus": "yes",
        "highway": "bus_stop",
        "name": "桜井谷",
        "public_transport": "stop_position",
        "ref": "北行"
      },
      "geometry": {
        "type": "Point",
        "coordinates": [
          135.4640252,
          34.8039702
        ]
      },
      "id": "node/1270146521"
    },
    {
      "type": "Feature",
      "properties": {
        "@id": "node/1270146593",
        "bus": "yes",
        "highway": "bus_stop",
        "name": "宮山",
        "public_transport": "stop_position",
        "ref": "南行"
      },
      "geometry": {
        "type": "Point",
        "coordinates": [
          135.4649254,
          34.8071025
        ]
      },
      "id": "node/1270146593"
    },
    {
      "type": "Feature",
      "properties": {
        "@id": "node/1270146654",
        "highway": "traffic_signals",
        "name": "清風荘1南",
        "name:en": "Sefuso 1 minami",
        "name:ja": "清風荘1南"
      },
      "geometry": {
        "type": "Point",
        "coordinates": [
          135.4481334,
          34.8014711
        ]
      },
      "id": "node/1270146654"
    },
    {
      "type": "Feature",
      "properties": {
        "@id": "node/1270146788",
        "bus": "yes",
        "highway": "bus_stop",
        "name": "春日町四丁目",
        "public_transport": "stop_position"
      },
      "geometry": {
        "type": "Point",
        "coordinates": [
          135.4686448,
          34.8128099
        ]
      },
      "id": "node/1270146788"
    },
    {
      "type": "Feature",
      "properties": {
        "@id": "node/1270146814",
        "highway": "traffic_signals",
        "name": "阪大前北",
        "name:en": "Handaimae kita",
        "name:ja": "阪大前北"
      },
      "geometry": {
        "type": "Point",
        "coordinates": [
          135.4545381,
          34.8013608
        ]
      },
      "id": "node/1270146814"
    },
    {
      "type": "Feature",
      "properties": {
        "@id": "node/1270146816",
        "bus": "yes",
        "highway": "bus_stop",
        "name": "柴原",
        "public_transport": "stop_position",
        "ref": "南行"
      },
      "geometry": {
        "type": "Point",
        "coordinates": [
          135.4633779,
          34.8016941
        ]
      },
      "id": "node/1270146816"
    },
    {
      "type": "Feature",
      "properties": {
        "@id": "node/1270742659",
        "highway": "traffic_signals",
        "name": "走井北",
        "name:en": "Hashirii Kita",
        "name:ja": "走井北",
        "traffic_signals": "signal"
      },
      "geometry": {
        "type": "Point",
        "coordinates": [
          135.4508088,
          34.7854425
        ]
      },
      "id": "node/1270742659"
    },
    {
      "type": "Feature",
      "properties": {
        "@id": "node/1387108378",
        "highway": "traffic_signals"
      },
      "geometry": {
        "type": "Point",
        "coordinates": [
          135.4893074,
          34.7936244
        ]
      },
      "id": "node/1387108378"
    },
    {
      "type": "Feature",
      "properties": {
        "@id": "node/1387108439",
        "highway": "traffic_signals",
        "name": "豊中駅前北",
        "name:en": "Toyonaka ekimae kita",
        "name:ja": "豊中駅前北"
      },
      "geometry": {
        "type": "Point",
        "coordinates": [
          135.4609732,
          34.7879994
        ]
      },
      "id": "node/1387108439"
    },
    {
      "type": "Feature",
      "properties": {
        "@id": "node/1387108461",
        "highway": "traffic_signals",
        "name": "岡上の町",
        "name:en": "Okakaminomachi",
        "name:ja": "岡上の町"
      },
      "geometry": {
        "type": "Point",
        "coordinates": [
          135.4644345,
          34.7864044
        ]
      },
      "id": "node/1387108461"
    },
    {
      "type": "Feature",
      "properties": {
        "@id": "node/1387108469",
        "highway": "traffic_signals"
      },
      "geometry": {
        "type": "Point",
        "coordinates": [
          135.4623234,
          34.7820465
        ]
      },
      "id": "node/1387108469"
    },
    {
      "type": "Feature",
      "properties": {
        "@id": "node/1387108574",
        "highway": "traffic_signals",
        "name": "千里川",
        "name:en": "Senrigawa",
        "name:ja": "千里川"
      },
      "geometry": {
        "type": "Point",
        "coordinates": [
          135.4556625,
          34.7900838
        ]
      },
      "id": "node/1387108574"
    },
    {
      "type": "Feature",
      "properties": {
        "@id": "node/1387108608",
        "highway": "traffic_signals"
      },
      "geometry": {
        "type": "Point",
        "coordinates": [
          135.4726669,
          34.7939
        ]
      },
      "id": "node/1387108608"
    },
    {
      "type": "Feature",
      "properties": {
        "@id": "node/1387125598",
        "bus": "yes",
        "name": "千里営業所前",
        "public_transport": "stop_position",
        "ref": "東行"
      },
      "geometry": {
        "type": "Point",
        "coordinates": [
          135.5076972,
          34.805844
        ]
      },
      "id": "node/1387125598"
    },
    {
      "type": "Feature",
      "properties": {
        "@id": "node/1387125607",
        "highway": "traffic_signals",
        "traffic_signals": "signal"
      },
      "geometry": {
        "type": "Point",
        "coordinates": [
          135.5084865,
          34.8061982
        ]
      },
      "id": "node/1387125607"
    },
    {
      "type": "Feature",
      "properties": {
        "@id": "node/1387125629",
        "bus": "yes",
        "name": "津雲台七丁目",
        "public_transport": "stop_position",
        "ref": "東行"
      },
      "geometry": {
        "type": "Point",
        "coordinates": [
          135.5050915,
          34.8052884
        ]
      },
      "id": "node/1387125629"
    },
    {
      "type": "Feature",
      "properties": {
        "@id": "node/1387125638",
        "highway": "traffic_signals",
        "traffic_signals": "signal"
      },
      "geometry": {
        "type": "Point",
        "coordinates": [
          135.5054576,
          34.8053168
        ]
      },
      "id": "node/1387125638"
    },
    {
      "type": "Feature",
      "properties": {
        "@id": "node/1387125703",
        "highway": "traffic_signals"
      },
      "geometry": {
        "type": "Point",
        "coordinates": [
          135.4675926,
          34.8116331
        ]
      },
      "id": "node/1387125703"
    },
    {
      "type": "Feature",
      "properties": {
        "@id": "node/1387125726",
        "highway": "traffic_signals"
      },
      "geometry": {
        "type": "Point",
        "coordinates": [
          135.4741192,
          34.8149281
        ]
      },
      "id": "node/1387125726"
    },
    {
      "type": "Feature",
      "properties": {
        "@id": "node/1387125856",
        "highway": "traffic_signals",
        "name": "新千里東町1丁目",
        "name:ja": "新千里東町1丁目",
        "source": "Bing 2010"
      },
      "geometry": {
        "type": "Point",
        "coordinates": [
          135.4936671,
          34.8125387
        ]
      },
      "id": "node/1387125856"
    },
    {
      "type": "Feature",
      "properties": {
        "@id": "node/1404152552",
        "highway": "crossing"
      },
      "geometry": {
        "type": "Point",
        "coordinates": [
          135.4311556,
          34.8025334
        ]
      },
      "id": "node/1404152552"
    },
    {
      "type": "Feature",
      "properties": {
        "@id": "node/1404152592",
        "highway": "traffic_signals",
        "name": "新開橋"
      },
      "geometry": {
        "type": "Point",
        "coordinates": [
          135.4310751,
          34.800795
        ]
      },
      "id": "node/1404152592"
    },
    {
      "type": "Feature",
      "properties": {
        "@id": "node/1404152702",
        "highway": "traffic_signals"
      },
      "geometry": {
        "type": "Point",
        "coordinates": [
          135.4311902,
          34.8057417
        ]
      },
      "id": "node/1404152702"
    },
    {
      "type": "Feature",
      "properties": {
        "@id": "node/1404152705",
        "highway": "traffic_signals",
        "name": "井口堂",
        "name:en": "Iguchido",
        "name:ja": "井口堂"
      },
      "geometry": {
        "type": "Point",
        "coordinates": [
          135.4437432,
          34.8109329
        ]
      },
      "id": "node/1404152705"
    },
    {
      "type": "Feature",
      "properties": {
        "@id": "node/1404336129",
        "highway": "traffic_signals",
        "name": "鶴田団地前",
        "traffic_signals": "signal"
      },
      "geometry": {
        "type": "Point",
        "coordinates": [
          135.3899497,
          34.8099338
        ]
      },
      "id": "node/1404336129"
    },
    {
      "type": "Feature",
      "properties": {
        "@id": "node/1409595813",
        "highway": "motorway_junction",
        "name": "中国豊中IC",
        "name:en": "Chugoku-Tyonaka IC",
        "name:ja": "中国豊中IC",
        "name:ja-Hira": "ちゅうごくとよなかいんたーちぇんじ",
        "name:ja_rm": "Chugoku-Tyonaka IC",
        "ref": "2",
        "source:name": "wikipedia",
        "wikipedia": "ja:中国豊中インターチェンジ"
      },
      "geometry": {
        "type": "Point",
        "coordinates": [
          135.4579084,
          34.8002706
        ]
      },
      "id": "node/1409595813"
    },
    {
      "type": "Feature",
      "properties": {
        "@id": "node/1409661265",
        "highway": "traffic_signals"
      },
      "geometry": {
        "type": "Point",
        "coordinates": [
          135.4974975,
          34.7860536
        ]
      },
      "id": "node/1409661265"
    },
    {
      "type": "Feature",
      "properties": {
        "@id": "node/1419260055",
        "highway": "traffic_signals",
        "name": "野畑交番前",
        "name:ja": "野畑交番前"
      },
      "geometry": {
        "type": "Point",
        "coordinates": [
          135.4738561,
          34.8115721
        ]
      },
      "id": "node/1419260055"
    },
    {
      "type": "Feature",
      "properties": {
        "@id": "node/1420676357",
        "highway": "traffic_signals"
      },
      "geometry": {
        "type": "Point",
        "coordinates": [
          135.4115874,
          34.8158412
        ]
      },
      "id": "node/1420676357"
    },
    {
      "type": "Feature",
      "properties": {
        "@id": "node/1420676373",
        "crossing": "marked",
        "highway": "crossing"
      },
      "geometry": {
        "type": "Point",
        "coordinates": [
          135.417173,
          34.7867044
        ]
      },
      "id": "node/1420676373"
    },
    {
      "type": "Feature",
      "properties": {
        "@id": "node/1420676411",
        "bus": "yes",
        "highway": "bus_stop",
        "name": "卸売市場前",
        "public_transport": "stop_position",
        "ref": "南行"
      },
      "geometry": {
        "type": "Point",
        "coordinates": [
          135.4170432,
          34.7897278
        ]
      },
      "id": "node/1420676411"
    },
    {
      "type": "Feature",
      "properties": {
        "@id": "node/1420676422",
        "bus": "yes",
        "highway": "bus_stop",
        "name": "北村西ノ口",
        "public_transport": "stop_position",
        "ref": "南行"
      },
      "geometry": {
        "type": "Point",
        "coordinates": [
          135.4157959,
          34.7943924
        ]
      },
      "id": "node/1420676422"
    },
    {
      "type": "Feature",
      "properties": {
        "@id": "node/1420676466",
        "highway": "traffic_signals",
        "name": "南本町６丁目",
        "source": "local knowledge",
        "traffic_signals": "signal"
      },
      "geometry": {
        "type": "Point",
        "coordinates": [
          135.4195895,
          34.7705638
        ]
      },
      "id": "node/1420676466"
    },
    {
      "type": "Feature",
      "properties": {
        "@id": "node/1420676478",
        "highway": "traffic_signals",
        "name": "久代2丁目北",
        "traffic_signals": "signal"
      },
      "geometry": {
        "type": "Point",
        "coordinates": [
          135.4118666,
          34.8048491
        ]
      },
      "id": "node/1420676478"
    },
    {
      "type": "Feature",
      "properties": {
        "@id": "node/1420676501",
        "bus": "yes",
        "highway": "bus_stop",
        "name": "辻村",
        "public_transport": "stop_position",
        "ref": "北行"
      },
      "geometry": {
        "type": "Point",
        "coordinates": [
          135.4161278,
          34.7932891
        ]
      },
      "id": "node/1420676501"
    },
    {
      "type": "Feature",
      "properties": {
        "@id": "node/1420676517",
        "highway": "traffic_signals",
        "name": "久代2丁目北",
        "traffic_signals": "signal"
      },
      "geometry": {
        "type": "Point",
        "coordinates": [
          135.411762,
          34.8048676
        ]
      },
      "id": "node/1420676517"
    },
    {
      "type": "Feature",
      "properties": {
        "@id": "node/1420676530",
        "crossing": "marked",
        "highway": "crossing"
      },
      "geometry": {
        "type": "Point",
        "coordinates": [
          135.4170888,
          34.7863652
        ]
      },
      "id": "node/1420676530"
    },
    {
      "type": "Feature",
      "properties": {
        "@id": "node/1420676585",
        "bus": "yes",
        "highway": "bus_stop",
        "name": "北村",
        "public_transport": "stop_position",
        "ref": "北行"
      },
      "geometry": {
        "type": "Point",
        "coordinates": [
          135.414176,
          34.7981162
        ]
      },
      "id": "node/1420676585"
    },
    {
      "type": "Feature",
      "properties": {
        "@id": "node/1420676610",
        "button_operated": "no",
        "crossing": "traffic_signals",
        "crossing:island": "no",
        "crossing:markings": "zebra",
        "highway": "crossing",
        "tactile_paving": "no",
        "traffic_signals:sound": "yes"
      },
      "geometry": {
        "type": "Point",
        "coordinates": [
          135.4175196,
          34.7827024
        ]
      },
      "id": "node/1420676610"
    },
    {
      "type": "Feature",
      "properties": {
        "@id": "node/1420676648",
        "crossing": "traffic_signals",
        "highway": "crossing"
      },
      "geometry": {
        "type": "Point",
        "coordinates": [
          135.4180622,
          34.7798257
        ]
      },
      "id": "node/1420676648"
    },
    {
      "type": "Feature",
      "properties": {
        "@id": "node/1427532312",
        "highway": "traffic_signals",
        "name": "鉢塚",
        "name:en": "Hachizuka",
        "name:ja": "鉢塚"
      },
      "geometry": {
        "type": "Point",
        "coordinates": [
          135.4386827,
          34.8145226
        ]
      },
      "id": "node/1427532312"
    },
    {
      "type": "Feature",
      "properties": {
        "@id": "node/1427536184",
        "highway": "traffic_signals",
        "name": "一乗院前",
        "name:en": "Ichijoin mae",
        "name:ja": "一乗院前"
      },
      "geometry": {
        "type": "Point",
        "coordinates": [
          135.4374901,
          34.8153693
        ]
      },
      "id": "node/1427536184"
    },
    {
      "type": "Feature",
      "properties": {
        "@id": "node/1427539057",
        "highway": "traffic_signals"
      },
      "geometry": {
        "type": "Point",
        "coordinates": [
          135.4356749,
          34.8026366
        ]
      },
      "id": "node/1427539057"
    },
    {
      "type": "Feature",
      "properties": {
        "@id": "node/1427539690",
        "highway": "traffic_signals",
        "name": "荘園口交番前",
        "name:en": "Soengochi koban mae",
        "name:ja": "荘園口交番前"
      },
      "geometry": {
        "type": "Point",
        "coordinates": [
          135.4402324,
          34.8134193
        ]
      },
      "id": "node/1427539690"
    },
    {
      "type": "Feature",
      "properties": {
        "@id": "node/1448158986",
        "highway": "traffic_signals",
        "traffic_signals": "signal"
      },
      "geometry": {
        "type": "Point",
        "coordinates": [
          135.4974801,
          34.7856212
        ]
      },
      "id": "node/1448158986"
    },
    {
      "type": "Feature",
      "properties": {
        "@id": "node/1467945700",
        "highway": "traffic_signals",
        "name": "大鹿",
        "name:en": "Ojika",
        "name:ja": "大鹿",
        "source": "local knowledge",
        "traffic_signals": "signal"
      },
      "geometry": {
        "type": "Point",
        "coordinates": [
          135.4058029,
          34.7895244
        ]
      },
      "id": "node/1467945700"
    },
    {
      "type": "Feature",
      "properties": {
        "@id": "node/1467987691",
        "highway": "traffic_signals",
        "name": "千僧",
        "name:en": "Senzo"
      },
      "geometry": {
        "type": "Point",
        "coordinates": [
          135.4030808,
          34.7872533
        ]
      },
      "id": "node/1467987691"
    },
    {
      "type": "Feature",
      "properties": {
        "@id": "node/1467987820",
        "highway": "traffic_signals",
        "name": "伊丹市役所前",
        "name:en": "Itamishiyakushomae"
      },
      "geometry": {
        "type": "Point",
        "coordinates": [
          135.3995317,
          34.7843043
        ]
      },
      "id": "node/1467987820"
    },
    {
      "type": "Feature",
      "properties": {
        "@id": "node/1490285079",
        "highway": "traffic_signals",
        "name:en": "Tenjin",
        "name:ja": "天神"
      },
      "geometry": {
        "type": "Point",
        "coordinates": [
          135.4401261,
          34.8108704
        ]
      },
      "id": "node/1490285079"
    },
    {
      "type": "Feature",
      "properties": {
        "@id": "node/1490285080",
        "highway": "traffic_signals",
        "name:en": "Tenjin",
        "name:ja": "天神"
      },
      "geometry": {
        "type": "Point",
        "coordinates": [
          135.4400145,
          34.810871
        ]
      },
      "id": "node/1490285080"
    },
    {
      "type": "Feature",
      "properties": {
        "@id": "node/1490285082",
        "highway": "traffic_signals"
      },
      "geometry": {
        "type": "Point",
        "coordinates": [
          135.4385914,
          34.8108977
        ]
      },
      "id": "node/1490285082"
    },
    {
      "type": "Feature",
      "properties": {
        "@id": "node/1490285085",
        "highway": "traffic_signals"
      },
      "geometry": {
        "type": "Point",
        "coordinates": [
          135.4350076,
          34.8109374
        ]
      },
      "id": "node/1490285085"
    },
    {
      "type": "Feature",
      "properties": {
        "@id": "node/1490285086",
        "highway": "traffic_signals"
      },
      "geometry": {
        "type": "Point",
        "coordinates": [
          135.4385933,
          34.8109675
        ]
      },
      "id": "node/1490285086"
    },
    {
      "type": "Feature",
      "properties": {
        "@id": "node/1490285088",
        "highway": "traffic_signals"
      },
      "geometry": {
        "type": "Point",
        "coordinates": [
          135.4350096,
          34.8110217
        ]
      },
      "id": "node/1490285088"
    },
    {
      "type": "Feature",
      "properties": {
        "@id": "node/1492363220",
        "highway": "traffic_signals"
      },
      "geometry": {
        "type": "Point",
        "coordinates": [
          135.4114245,
          34.8083175
        ]
      },
      "id": "node/1492363220"
    },
    {
      "type": "Feature",
      "properties": {
        "@id": "node/1492973238",
        "highway": "traffic_signals",
        "name": "刀根山元町南",
        "name:en": "Toneyama motomachi minami",
        "name:ja": "刀根山元町南"
      },
      "geometry": {
        "type": "Point",
        "coordinates": [
          135.4586636,
          34.7999419
        ]
      },
      "id": "node/1492973238"
    },
    {
      "type": "Feature",
      "properties": {
        "@id": "node/1502723420",
        "highway": "traffic_signals",
        "name": "久代3丁目"
      },
      "geometry": {
        "type": "Point",
        "coordinates": [
          135.404062,
          34.8108324
        ]
      },
      "id": "node/1502723420"
    },
    {
      "type": "Feature",
      "properties": {
        "@id": "node/1502723421",
        "highway": "traffic_signals"
      },
      "geometry": {
        "type": "Point",
        "coordinates": [
          135.4112961,
          34.8108193
        ]
      },
      "id": "node/1502723421"
    },
    {
      "type": "Feature",
      "properties": {
        "@id": "node/1502723422",
        "highway": "traffic_signals"
      },
      "geometry": {
        "type": "Point",
        "coordinates": [
          135.4111482,
          34.8108217
        ]
      },
      "id": "node/1502723422"
    },
    {
      "type": "Feature",
      "properties": {
        "@id": "node/1502723423",
        "highway": "traffic_signals"
      },
      "geometry": {
        "type": "Point",
        "coordinates": [
          135.405578,
          34.8108376
        ]
      },
      "id": "node/1502723423"
    },
    {
      "type": "Feature",
      "properties": {
        "@id": "node/1502723426",
        "highway": "traffic_signals",
        "name": "久代3丁目"
      },
      "geometry": {
        "type": "Point",
        "coordinates": [
          135.4040245,
          34.8114302
        ]
      },
      "id": "node/1502723426"
    },
    {
      "type": "Feature",
      "properties": {
        "@id": "node/1502723427",
        "highway": "traffic_signals"
      },
      "geometry": {
        "type": "Point",
        "coordinates": [
          135.4054178,
          34.811443
        ]
      },
      "id": "node/1502723427"
    },
    {
      "type": "Feature",
      "properties": {
        "@id": "node/1502723428",
        "highway": "traffic_signals"
      },
      "geometry": {
        "type": "Point",
        "coordinates": [
          135.4112375,
          34.8113715
        ]
      },
      "id": "node/1502723428"
    },
    {
      "type": "Feature",
      "properties": {
        "@id": "node/1502723429",
        "highway": "traffic_signals"
      },
      "geometry": {
        "type": "Point",
        "coordinates": [
          135.4110935,
          34.8113714
        ]
      },
      "id": "node/1502723429"
    },
    {
      "type": "Feature",
      "properties": {
        "@id": "node/1502723441",
        "highway": "traffic_signals"
      },
      "geometry": {
        "type": "Point",
        "coordinates": [
          135.4113802,
          34.8140758
        ]
      },
      "id": "node/1502723441"
    },
    {
      "type": "Feature",
      "properties": {
        "@id": "node/1502723442",
        "highway": "traffic_signals"
      },
      "geometry": {
        "type": "Point",
        "coordinates": [
          135.411253,
          34.8140867
        ]
      },
      "id": "node/1502723442"
    },
    {
      "type": "Feature",
      "properties": {
        "@id": "node/1502723443",
        "highway": "traffic_signals"
      },
      "geometry": {
        "type": "Point",
        "coordinates": [
          135.4114547,
          34.815908
        ]
      },
      "id": "node/1502723443"
    },
    {
      "type": "Feature",
      "properties": {
        "@id": "node/1508570879",
        "highway": "traffic_signals",
        "name": "本町2丁目",
        "name:en": "Honmachi 2 chome",
        "name:ja": "本町2丁目"
      },
      "geometry": {
        "type": "Point",
        "coordinates": [
          135.4575874,
          34.7893383
        ]
      },
      "id": "node/1508570879"
    },
    {
      "type": "Feature",
      "properties": {
        "@id": "node/1513591229",
        "highway": "traffic_signals",
        "name": "伊丹1"
      },
      "geometry": {
        "type": "Point",
        "coordinates": [
          135.4174869,
          34.7828289
        ]
      },
      "id": "node/1513591229"
    },
    {
      "type": "Feature",
      "properties": {
        "@id": "node/1513633538",
        "highway": "traffic_signals",
        "traffic_signals": "signal"
      },
      "geometry": {
        "type": "Point",
        "coordinates": [
          135.4970891,
          34.7855068
        ]
      },
      "id": "node/1513633538"
    },
    {
      "type": "Feature",
      "properties": {
        "@id": "node/1513633602",
        "highway": "traffic_signals",
        "name": "上新田西",
        "name:en": "Kamishinden-nishi"
      },
      "geometry": {
        "type": "Point",
        "coordinates": [
          135.4952442,
          34.7977356
        ]
      },
      "id": "node/1513633602"
    },
    {
      "type": "Feature",
      "properties": {
        "@id": "node/1513633604",
        "highway": "traffic_signals",
        "name": "上新田東",
        "name:en": "Kamishinden-higashi"
      },
      "geometry": {
        "type": "Point",
        "coordinates": [
          135.4955126,
          34.798039
        ]
      },
      "id": "node/1513633604"
    },
    {
      "type": "Feature",
      "properties": {
        "@id": "node/1513633642",
        "highway": "traffic_signals"
      },
      "geometry": {
        "type": "Point",
        "coordinates": [
          135.5032431,
          34.8049367
        ]
      },
      "id": "node/1513633642"
    },
    {
      "type": "Feature",
      "properties": {
        "@id": "node/1513633646",
        "highway": "traffic_signals"
      },
      "geometry": {
        "type": "Point",
        "coordinates": [
          135.503651,
          34.8050201
        ]
      },
      "id": "node/1513633646"
    },
    {
      "type": "Feature",
      "properties": {
        "@id": "node/1513633763",
        "emergency": "phone"
      },
      "geometry": {
        "type": "Point",
        "coordinates": [
          135.4965908,
          34.8070953
        ]
      },
      "id": "node/1513633763"
    },
    {
      "type": "Feature",
      "properties": {
        "@id": "node/1513633792",
        "highway": "traffic_signals",
        "name": "新千里東町1丁目",
        "name:ja": "新千里東町1丁目",
        "source": "Bing 2010"
      },
      "geometry": {
        "type": "Point",
        "coordinates": [
          135.4932856,
          34.8125087
        ]
      },
      "id": "node/1513633792"
    },
    {
      "type": "Feature",
      "properties": {
        "@id": "node/1516110468",
        "highway": "traffic_signals"
      },
      "geometry": {
        "type": "Point",
        "coordinates": [
          135.455174,
          34.7823699
        ]
      },
      "id": "node/1516110468"
    },
    {
      "type": "Feature",
      "properties": {
        "@id": "node/1516142835",
        "highway": "traffic_signals",
        "name": "上津島",
        "traffic_signals": "signal"
      },
      "geometry": {
        "type": "Point",
        "coordinates": [
          135.4622442,
          34.7578755
        ]
      },
      "id": "node/1516142835"
    },
    {
      "type": "Feature",
      "properties": {
        "@id": "node/1516142838",
        "highway": "traffic_signals"
      },
      "geometry": {
        "type": "Point",
        "coordinates": [
          135.4619599,
          34.7597125
        ]
      },
      "id": "node/1516142838"
    },
    {
      "type": "Feature",
      "properties": {
        "@id": "node/1516142843",
        "highway": "traffic_signals",
        "name": "利倉東2"
      },
      "geometry": {
        "type": "Point",
        "coordinates": [
          135.4612088,
          34.7636683
        ]
      },
      "id": "node/1516142843"
    },
    {
      "type": "Feature",
      "properties": {
        "@id": "node/1516142850",
        "highway": "traffic_signals",
        "name": "曽根南町3丁目"
      },
      "geometry": {
        "type": "Point",
        "coordinates": [
          135.4599455,
          34.7685204
        ]
      },
      "id": "node/1516142850"
    },
    {
      "type": "Feature",
      "properties": {
        "@id": "node/1516142851",
        "highway": "traffic_signals",
        "name": "曽根南町3丁目"
      },
      "geometry": {
        "type": "Point",
        "coordinates": [
          135.459688,
          34.7685175
        ]
      },
      "id": "node/1516142851"
    },
    {
      "type": "Feature",
      "properties": {
        "@id": "node/1516142855",
        "highway": "traffic_signals"
      },
      "geometry": {
        "type": "Point",
        "coordinates": [
          135.4594081,
          34.770451
        ]
      },
      "id": "node/1516142855"
    },
    {
      "type": "Feature",
      "properties": {
        "@id": "node/1516142856",
        "highway": "traffic_signals"
      },
      "geometry": {
        "type": "Point",
        "coordinates": [
          135.4591602,
          34.7704497
        ]
      },
      "id": "node/1516142856"
    },
    {
      "type": "Feature",
      "properties": {
        "@id": "node/1516142858",
        "highway": "traffic_signals",
        "traffic_signals": "signal"
      },
      "geometry": {
        "type": "Point",
        "coordinates": [
          135.459149,
          34.7713804
        ]
      },
      "id": "node/1516142858"
    },
    {
      "type": "Feature",
      "properties": {
        "@id": "node/1516142862",
        "highway": "traffic_signals"
      },
      "geometry": {
        "type": "Point",
        "coordinates": [
          135.4580903,
          34.7751621
        ]
      },
      "id": "node/1516142862"
    },
    {
      "type": "Feature",
      "properties": {
        "@id": "node/1516142864",
        "highway": "traffic_signals"
      },
      "geometry": {
        "type": "Point",
        "coordinates": [
          135.4578824,
          34.7751701
        ]
      },
      "id": "node/1516142864"
    },
    {
      "type": "Feature",
      "properties": {
        "@id": "node/1516142866",
        "highway": "traffic_signals"
      },
      "geometry": {
        "type": "Point",
        "coordinates": [
          135.4578473,
          34.7760531
        ]
      },
      "id": "node/1516142866"
    },
    {
      "type": "Feature",
      "properties": {
        "@id": "node/1516142868",
        "highway": "traffic_signals"
      },
      "geometry": {
        "type": "Point",
        "coordinates": [
          135.4576001,
          34.7761642
        ]
      },
      "id": "node/1516142868"
    },
    {
      "type": "Feature",
      "properties": {
        "@id": "node/1516142899",
        "highway": "traffic_signals",
        "name": "走井西",
        "name:en": "Hashirii nishi",
        "name:ja": "走井西",
        "name:ja_rm": "Hashirii nishi",
        "traffic_signals": "signal"
      },
      "geometry": {
        "type": "Point",
        "coordinates": [
          135.4509908,
          34.7821754
        ]
      },
      "id": "node/1516142899"
    },
    {
      "type": "Feature",
      "properties": {
        "@id": "node/1516142909",
        "highway": "traffic_signals",
        "name": "走井北",
        "name:en": "Hashirii Kita",
        "name:ja": "走井北",
        "traffic_signals": "signal"
      },
      "geometry": {
        "type": "Point",
        "coordinates": [
          135.4508636,
          34.7850601
        ]
      },
      "id": "node/1516142909"
    },
    {
      "type": "Feature",
      "properties": {
        "@id": "node/1516142910",
        "highway": "traffic_signals"
      },
      "geometry": {
        "type": "Point",
        "coordinates": [
          135.4507101,
          34.7852482
        ]
      },
      "id": "node/1516142910"
    },
    {
      "type": "Feature",
      "properties": {
        "@id": "node/1536399150",
        "highway": "traffic_signals"
      },
      "geometry": {
        "type": "Point",
        "coordinates": [
          135.4144334,
          34.7974878
        ]
      },
      "id": "node/1536399150"
    },
    {
      "type": "Feature",
      "properties": {
        "@id": "node/1536399151",
        "highway": "traffic_signals"
      },
      "geometry": {
        "type": "Point",
        "coordinates": [
          135.41453,
          34.7975396
        ]
      },
      "id": "node/1536399151"
    },
    {
      "type": "Feature",
      "properties": {
        "@id": "node/1536399152",
        "highway": "traffic_signals"
      },
      "geometry": {
        "type": "Point",
        "coordinates": [
          135.4143399,
          34.7977328
        ]
      },
      "id": "node/1536399152"
    },
    {
      "type": "Feature",
      "properties": {
        "@id": "node/1536399154",
        "highway": "traffic_signals"
      },
      "geometry": {
        "type": "Point",
        "coordinates": [
          135.4144357,
          34.7977839
        ]
      },
      "id": "node/1536399154"
    },
    {
      "type": "Feature",
      "properties": {
        "@id": "node/1536399358",
        "highway": "traffic_signals"
      },
      "geometry": {
        "type": "Point",
        "coordinates": [
          135.4312416,
          34.8067016
        ]
      },
      "id": "node/1536399358"
    },
    {
      "type": "Feature",
      "properties": {
        "@id": "node/1536399408",
        "highway": "traffic_signals"
      },
      "geometry": {
        "type": "Point",
        "coordinates": [
          135.4115254,
          34.8083121
        ]
      },
      "id": "node/1536399408"
    },
    {
      "type": "Feature",
      "properties": {
        "@id": "node/1643954450",
        "highway": "traffic_signals",
        "name": "服部天神駅前",
        "name:en": "Hattoritenjin Sta.",
        "name:ja": "服部天神駅前"
      },
      "geometry": {
        "type": "Point",
        "coordinates": [
          135.4766827,
          34.7638
        ]
      },
      "id": "node/1643954450"
    },
    {
      "type": "Feature",
      "properties": {
        "@id": "node/1655519561",
        "highway": "traffic_signals",
        "name": "南桜塚2",
        "name:en": "Minami sakurazuka 2",
        "name:ja": "南桜塚2"
      },
      "geometry": {
        "type": "Point",
        "coordinates": [
          135.4713903,
          34.7754964
        ]
      },
      "id": "node/1655519561"
    },
    {
      "type": "Feature",
      "properties": {
        "@id": "node/1655519632",
        "highway": "traffic_signals",
        "name": "南桜塚1",
        "name:en": "Minamisakurazuka 1",
        "name:ja": "南桜塚1"
      },
      "geometry": {
        "type": "Point",
        "coordinates": [
          135.4706606,
          34.7774931
        ]
      },
      "id": "node/1655519632"
    },
    {
      "type": "Feature",
      "properties": {
        "@id": "node/1655519652",
        "highway": "traffic_signals",
        "name": "中桜塚3",
        "name:en": "Naka sakurazuka 3",
        "name:ja": "中桜塚3"
      },
      "geometry": {
        "type": "Point",
        "coordinates": [
          135.4705501,
          34.7781528
        ]
      },
      "id": "node/1655519652"
    },
    {
      "type": "Feature",
      "properties": {
        "@id": "node/1655519665",
        "highway": "traffic_signals",
        "name": "豊中簡易裁判所前",
        "name:en": "Toyonaka kanisaibansho mae",
        "name:ja": "豊中簡易裁判所前"
      },
      "geometry": {
        "type": "Point",
        "coordinates": [
          135.4704273,
          34.7788649
        ]
      },
      "id": "node/1655519665"
    },
    {
      "type": "Feature",
      "properties": {
        "@id": "node/1655519691",
        "highway": "traffic_signals",
        "name": "豊中市役所前",
        "name:en": "Toyonaka shiyakusho mae",
        "name:ja": "豊中市役所前"
      },
      "geometry": {
        "type": "Point",
        "coordinates": [
          135.4696515,
          34.7806732
        ]
      },
      "id": "node/1655519691"
    },
    {
      "type": "Feature",
      "properties": {
        "@id": "node/1655519707",
        "highway": "traffic_signals",
        "name": "豊中市役所前北",
        "name:en": "Toyonaka shiyakusho mae kita",
        "name:ja": "豊中市役所前北"
      },
      "geometry": {
        "type": "Point",
        "coordinates": [
          135.4691808,
          34.7816265
        ]
      },
      "id": "node/1655519707"
    },
    {
      "type": "Feature",
      "properties": {
        "@id": "node/1655519748",
        "highway": "traffic_signals"
      },
      "geometry": {
        "type": "Point",
        "coordinates": [
          135.4707232,
          34.7833224
        ]
      },
      "id": "node/1655519748"
    },
    {
      "type": "Feature",
      "properties": {
        "@id": "node/1655553973",
        "highway": "traffic_signals"
      },
      "geometry": {
        "type": "Point",
        "coordinates": [
          135.472309,
          34.7839621
        ]
      },
      "id": "node/1655553973"
    },
    {
      "type": "Feature",
      "properties": {
        "@id": "node/1655554030",
        "highway": "traffic_signals"
      },
      "geometry": {
        "type": "Point",
        "coordinates": [
          135.475181,
          34.785265
        ]
      },
      "id": "node/1655554030"
    },
    {
      "type": "Feature",
      "properties": {
        "@id": "node/1655554035",
        "highway": "traffic_signals"
      },
      "geometry": {
        "type": "Point",
        "coordinates": [
          135.4760418,
          34.7856765
        ]
      },
      "id": "node/1655554035"
    },
    {
      "type": "Feature",
      "properties": {
        "@id": "node/1655573566",
        "bus": "yes",
        "name": "豊中市役所前",
        "public_transport": "stop_position",
        "ref": "南行"
      },
      "geometry": {
        "type": "Point",
        "coordinates": [
          135.4692927,
          34.7813985
        ]
      },
      "id": "node/1655573566"
    },
    {
      "type": "Feature",
      "properties": {
        "@id": "node/1655573721",
        "highway": "traffic_signals"
      },
      "geometry": {
        "type": "Point",
        "coordinates": [
          135.4786201,
          34.7869075
        ]
      },
      "id": "node/1655573721"
    },
    {
      "type": "Feature",
      "properties": {
        "@id": "node/1655623150",
        "highway": "traffic_signals",
        "name": "祝橋西",
        "name:en": "Iwaibashi-nishi"
      },
      "geometry": {
        "type": "Point",
        "coordinates": [
          135.4962484,
          34.7697688
        ]
      },
      "id": "node/1655623150"
    },
    {
      "type": "Feature",
      "properties": {
        "@id": "node/1655726791",
        "highway": "traffic_signals",
        "name": "祝橋東",
        "name:en": "Iwaibashi-higashi"
      },
      "geometry": {
        "type": "Point",
        "coordinates": [
          135.4966275,
          34.7699039
        ]
      },
      "id": "node/1655726791"
    },
    {
      "type": "Feature",
      "properties": {
        "@id": "node/1658669354",
        "highway": "traffic_signals",
        "traffic_signals": "signal"
      },
      "geometry": {
        "type": "Point",
        "coordinates": [
          135.4589019,
          34.7713855
        ]
      },
      "id": "node/1658669354"
    },
    {
      "type": "Feature",
      "properties": {
        "@id": "node/1658669397",
        "highway": "traffic_signals",
        "traffic_signals": "signal"
      },
      "geometry": {
        "type": "Point",
        "coordinates": [
          135.4586642,
          34.7732139
        ]
      },
      "id": "node/1658669397"
    },
    {
      "type": "Feature",
      "properties": {
        "@id": "node/1658669404",
        "highway": "traffic_signals",
        "traffic_signals": "signal"
      },
      "geometry": {
        "type": "Point",
        "coordinates": [
          135.4583795,
          34.7732335
        ]
      },
      "id": "node/1658669404"
    },
    {
      "type": "Feature",
      "properties": {
        "@id": "node/1658726020",
        "highway": "traffic_signals",
        "name": "蛍池南町3丁目",
        "name:en": "Hotarugaikeminamimachi 3 shome"
      },
      "geometry": {
        "type": "Point",
        "coordinates": [
          135.4474716,
          34.789454
        ]
      },
      "id": "node/1658726020"
    },
    {
      "type": "Feature",
      "properties": {
        "@id": "node/1658726037",
        "highway": "traffic_signals"
      },
      "geometry": {
        "type": "Point",
        "coordinates": [
          135.4504387,
          34.7903312
        ]
      },
      "id": "node/1658726037"
    },
    {
      "type": "Feature",
      "properties": {
        "@id": "node/1659989998",
        "highway": "traffic_signals",
        "name": "柴原体育館南",
        "name:en": "Shibahara taiikukan minami",
        "name:ja": "柴原体育館南"
      },
      "geometry": {
        "type": "Point",
        "coordinates": [
          135.4594466,
          34.7997606
        ]
      },
      "id": "node/1659989998"
    },
    {
      "type": "Feature",
      "properties": {
        "@id": "node/1660452516",
        "highway": "traffic_signals"
      },
      "geometry": {
        "type": "Point",
        "coordinates": [
          135.4623944,
          34.7568324
        ]
      },
      "id": "node/1660452516"
    },
    {
      "type": "Feature",
      "properties": {
        "@id": "node/1660452519",
        "highway": "traffic_signals"
      },
      "geometry": {
        "type": "Point",
        "coordinates": [
          135.4620807,
          34.7568282
        ]
      },
      "id": "node/1660452519"
    },
    {
      "type": "Feature",
      "properties": {
        "@id": "node/1660452672",
        "highway": "traffic_signals"
      },
      "geometry": {
        "type": "Point",
        "coordinates": [
          135.4615651,
          34.7596998
        ]
      },
      "id": "node/1660452672"
    },
    {
      "type": "Feature",
      "properties": {
        "@id": "node/1660452730",
        "highway": "traffic_signals"
      },
      "geometry": {
        "type": "Point",
        "coordinates": [
          135.4612895,
          34.7617753
        ]
      },
      "id": "node/1660452730"
    },
    {
      "type": "Feature",
      "properties": {
        "@id": "node/1660452733",
        "highway": "traffic_signals"
      },
      "geometry": {
        "type": "Point",
        "coordinates": [
          135.4615269,
          34.7617802
        ]
      },
      "id": "node/1660452733"
    },
    {
      "type": "Feature",
      "properties": {
        "@id": "node/1666791858",
        "highway": "traffic_signals"
      },
      "geometry": {
        "type": "Point",
        "coordinates": [
          135.4683367,
          34.8124543
        ]
      },
      "id": "node/1666791858"
    },
    {
      "type": "Feature",
      "properties": {
        "@id": "node/1675756501",
        "highway": "traffic_signals"
      },
      "geometry": {
        "type": "Point",
        "coordinates": [
          135.4725119,
          34.8081837
        ]
      },
      "id": "node/1675756501"
    },
    {
      "type": "Feature",
      "properties": {
        "@id": "node/1681157056",
        "highway": "traffic_signals",
        "name": "服部本町4"
      },
      "geometry": {
        "type": "Point",
        "coordinates": [
          135.4755118,
          34.7664545
        ]
      },
      "id": "node/1681157056"
    },
    {
      "type": "Feature",
      "properties": {
        "@id": "node/1681157094",
        "highway": "traffic_signals"
      },
      "geometry": {
        "type": "Point",
        "coordinates": [
          135.475163,
          34.7672324
        ]
      },
      "id": "node/1681157094"
    },
    {
      "type": "Feature",
      "properties": {
        "@id": "node/1681157160",
        "highway": "traffic_signals"
      },
      "geometry": {
        "type": "Point",
        "coordinates": [
          135.4747204,
          34.7682031
        ]
      },
      "id": "node/1681157160"
    },
    {
      "type": "Feature",
      "properties": {
        "@id": "node/1688169874",
        "highway": "traffic_signals"
      },
      "geometry": {
        "type": "Point",
        "coordinates": [
          135.431294,
          34.8056293
        ]
      },
      "id": "node/1688169874"
    },
    {
      "type": "Feature",
      "properties": {
        "@id": "node/1688169876",
        "highway": "traffic_signals"
      },
      "geometry": {
        "type": "Point",
        "coordinates": [
          135.4313452,
          34.8066096
        ]
      },
      "id": "node/1688169876"
    },
    {
      "type": "Feature",
      "properties": {
        "@id": "node/1688169878",
        "highway": "traffic_signals"
      },
      "geometry": {
        "type": "Point",
        "coordinates": [
          135.431408,
          34.8082999
        ]
      },
      "id": "node/1688169878"
    },
    {
      "type": "Feature",
      "properties": {
        "@id": "node/1688169884",
        "highway": "motorway_junction",
        "name": "神田出口",
        "name:en": "Koda",
        "name:ja": "神田出口",
        "name:ja-Hira": "こうだでぐち",
        "ref": "11-12",
        "source:name": "wikipedia",
        "wikipedia": "ja:神田出入口"
      },
      "geometry": {
        "type": "Point",
        "coordinates": [
          135.4180117,
          34.8161603
        ]
      },
      "id": "node/1688169884"
    },
    {
      "type": "Feature",
      "properties": {
        "@id": "node/1688322164",
        "highway": "crossing"
      },
      "geometry": {
        "type": "Point",
        "coordinates": [
          135.4331074,
          34.8006027
        ]
      },
      "id": "node/1688322164"
    },
    {
      "type": "Feature",
      "properties": {
        "@id": "node/1688322174",
        "highway": "traffic_signals",
        "name:en": "Sumiyoshi",
        "name:ja": "住吉"
      },
      "geometry": {
        "type": "Point",
        "coordinates": [
          135.4404575,
          34.8048868
        ]
      },
      "id": "node/1688322174"
    },
    {
      "type": "Feature",
      "properties": {
        "@id": "node/1688322178",
        "highway": "traffic_signals",
        "name": "住吉西",
        "name:en": "Sumiyoshi nishi",
        "name:ja": "住吉西"
      },
      "geometry": {
        "type": "Point",
        "coordinates": [
          135.4369889,
          34.8032274
        ]
      },
      "id": "node/1688322178"
    },
    {
      "type": "Feature",
      "properties": {
        "@id": "node/1699114115",
        "highway": "traffic_signals",
        "name": "南町4",
        "name:en": "Minamimachi 4",
        "name:ja": "南町4",
        "name:ja-Hira": "みなみまち よん",
        "name:ja_rm": "Minamimachi yon"
      },
      "geometry": {
        "type": "Point",
        "coordinates": [
          135.4203526,
          34.7661386
        ]
      },
      "id": "node/1699114115"
    },
    {
      "type": "Feature",
      "properties": {
        "@id": "node/1699114129",
        "bus": "yes",
        "highway": "bus_stop",
        "name": "西桑津",
        "public_transport": "stop_position",
        "ref": "西行"
      },
      "geometry": {
        "type": "Point",
        "coordinates": [
          135.4291685,
          34.7828236
        ]
      },
      "id": "node/1699114129"
    },
    {
      "type": "Feature",
      "properties": {
        "@id": "node/1699114130",
        "highway": "traffic_signals"
      },
      "geometry": {
        "type": "Point",
        "coordinates": [
          135.4275135,
          34.7828569
        ]
      },
      "id": "node/1699114130"
    },
    {
      "type": "Feature",
      "properties": {
        "@id": "node/1700833200",
        "highway": "traffic_signals"
      },
      "geometry": {
        "type": "Point",
        "coordinates": [
          135.4314075,
          34.8110011
        ]
      },
      "id": "node/1700833200"
    },
    {
      "type": "Feature",
      "properties": {
        "@id": "node/1700833204",
        "highway": "traffic_signals"
      },
      "geometry": {
        "type": "Point",
        "coordinates": [
          135.43157,
          34.8109991
        ]
      },
      "id": "node/1700833204"
    },
    {
      "type": "Feature",
      "properties": {
        "@id": "node/1700833231",
        "highway": "traffic_signals"
      },
      "geometry": {
        "type": "Point",
        "coordinates": [
          135.4315729,
          34.811085
        ]
      },
      "id": "node/1700833231"
    },
    {
      "type": "Feature",
      "properties": {
        "@id": "node/1702664665",
        "highway": "traffic_signals",
        "name": "清風荘2丁目",
        "name:en": "Sefuso 2 chome",
        "name:ja": "清風荘2丁目"
      },
      "geometry": {
        "type": "Point",
        "coordinates": [
          135.4475294,
          34.8045237
        ]
      },
      "id": "node/1702664665"
    },
    {
      "type": "Feature",
      "properties": {
        "@id": "node/1715811815",
        "highway": "crossing"
      },
      "geometry": {
        "type": "Point",
        "coordinates": [
          135.4634939,
          34.7998181
        ]
      },
      "id": "node/1715811815"
    },
    {
      "type": "Feature",
      "properties": {
        "@id": "node/1715811885",
        "crossing": "traffic_signals",
        "highway": "crossing"
      },
      "geometry": {
        "type": "Point",
        "coordinates": [
          135.4545122,
          34.8005994
        ]
      },
      "id": "node/1715811885"
    },
    {
      "type": "Feature",
      "properties": {
        "@id": "node/1715811891",
        "crossing": "traffic_signals",
        "highway": "crossing"
      },
      "geometry": {
        "type": "Point",
        "coordinates": [
          135.4543574,
          34.8006136
        ]
      },
      "id": "node/1715811891"
    },
    {
      "type": "Feature",
      "properties": {
        "@id": "node/1715811914",
        "highway": "crossing"
      },
      "geometry": {
        "type": "Point",
        "coordinates": [
          135.4546176,
          34.801355
        ]
      },
      "id": "node/1715811914"
    },
    {
      "type": "Feature",
      "properties": {
        "@id": "node/1715811916",
        "highway": "crossing"
      },
      "geometry": {
        "type": "Point",
        "coordinates": [
          135.4544418,
          34.8013668
        ]
      },
      "id": "node/1715811916"
    },
    {
      "type": "Feature",
      "properties": {
        "@id": "node/1715900904",
        "bus": "yes",
        "highway": "bus_stop",
        "name": "井口堂",
        "public_transport": "stop_position",
        "ref": "西行"
      },
      "geometry": {
        "type": "Point",
        "coordinates": [
          135.443315,
          34.8112379
        ]
      },
      "id": "node/1715900904"
    },
    {
      "type": "Feature",
      "properties": {
        "@id": "node/1715928517",
        "highway": "traffic_signals",
        "name": "鉢塚西",
        "name:en": "Hachizuka nishi",
        "name:ja": "鉢塚西"
      },
      "geometry": {
        "type": "Point",
        "coordinates": [
          135.4379515,
          34.8150401
        ]
      },
      "id": "node/1715928517"
    },
    {
      "type": "Feature",
      "properties": {
        "@id": "node/1717911977",
        "highway": "crossing"
      },
      "geometry": {
        "type": "Point",
        "coordinates": [
          135.4477761,
          34.7968904
        ]
      },
      "id": "node/1717911977"
    },
    {
      "type": "Feature",
      "properties": {
        "@id": "node/1717912011",
        "highway": "crossing"
      },
      "geometry": {
        "type": "Point",
        "coordinates": [
          135.4490033,
          34.7972285
        ]
      },
      "id": "node/1717912011"
    },
    {
      "type": "Feature",
      "properties": {
        "@id": "node/1719104114",
        "highway": "traffic_signals",
        "name": "箕面西南小学校前"
      },
      "geometry": {
        "type": "Point",
        "coordinates": [
          135.4539544,
          34.8116829
        ]
      },
      "id": "node/1719104114"
    },
    {
      "type": "Feature",
      "properties": {
        "@id": "node/1719118016",
        "crossing": "traffic_signals",
        "highway": "crossing"
      },
      "geometry": {
        "type": "Point",
        "coordinates": [
          135.4568529,
          34.8127028
        ]
      },
      "id": "node/1719118016"
    },
    {
      "type": "Feature",
      "properties": {
        "@id": "node/1720440281",
        "crossing": "traffic_signals",
        "crossing:markings": "zebra",
        "crossing_ref": "zebra",
        "highway": "crossing"
      },
      "geometry": {
        "type": "Point",
        "coordinates": [
          135.4626893,
          34.7873832
        ]
      },
      "id": "node/1720440281"
    },
    {
      "type": "Feature",
      "properties": {
        "@id": "node/1720440300",
        "crossing": "traffic_signals",
        "crossing:markings": "zebra",
        "crossing_ref": "zebra",
        "highway": "crossing"
      },
      "geometry": {
        "type": "Point",
        "coordinates": [
          135.4622658,
          34.7875427
        ]
      },
      "id": "node/1720440300"
    },
    {
      "type": "Feature",
      "properties": {
        "@id": "node/1720446792",
        "crossing_ref": "zebra",
        "highway": "crossing"
      },
      "geometry": {
        "type": "Point",
        "coordinates": [
          135.4751944,
          34.767162
        ]
      },
      "id": "node/1720446792"
    },
    {
      "type": "Feature",
      "properties": {
        "@id": "node/1720446803",
        "crossing_ref": "zebra",
        "highway": "crossing"
      },
      "geometry": {
        "type": "Point",
        "coordinates": [
          135.4751257,
          34.7673116
        ]
      },
      "id": "node/1720446803"
    },
    {
      "type": "Feature",
      "properties": {
        "@id": "node/1720446884",
        "crossing": "traffic_signals",
        "highway": "crossing"
      },
      "geometry": {
        "type": "Point",
        "coordinates": [
          135.4745505,
          34.7685961
        ]
      },
      "id": "node/1720446884"
    },
    {
      "type": "Feature",
      "properties": {
        "@id": "node/1720446906",
        "crossing": "traffic_signals",
        "highway": "crossing"
      },
      "geometry": {
        "type": "Point",
        "coordinates": [
          135.4744513,
          34.7688314
        ]
      },
      "id": "node/1720446906"
    },
    {
      "type": "Feature",
      "properties": {
        "@id": "node/1735183672",
        "crossing": "traffic_signals",
        "highway": "traffic_signals",
        "name": "ダイハツ町",
        "name:ja-Latn": "Daihatsucho",
        "traffic_signals": "signal"
      },
      "geometry": {
        "type": "Point",
        "coordinates": [
          135.4312399,
          34.8043828
        ]
      },
      "id": "node/1735183672"
    },
    {
      "type": "Feature",
      "properties": {
        "@id": "node/1735183687",
        "crossing": "traffic_signals",
        "highway": "traffic_signals",
        "name": "ダイハツ町",
        "name:ja-Latn": "Daihatsucho",
        "traffic_signals": "signal"
      },
      "geometry": {
        "type": "Point",
        "coordinates": [
          135.4311454,
          34.8043851
        ]
      },
      "id": "node/1735183687"
    },
    {
      "type": "Feature",
      "properties": {
        "@id": "node/1735183824",
        "crossing": "traffic_signals",
        "highway": "crossing"
      },
      "geometry": {
        "type": "Point",
        "coordinates": [
          135.4314043,
          34.8081925
        ]
      },
      "id": "node/1735183824"
    },
    {
      "type": "Feature",
      "properties": {
        "@id": "node/1735183826",
        "crossing": "traffic_signals",
        "highway": "crossing"
      },
      "geometry": {
        "type": "Point",
        "coordinates": [
          135.4313152,
          34.808197
        ]
      },
      "id": "node/1735183826"
    },
    {
      "type": "Feature",
      "properties": {
        "@id": "node/1735183850",
        "crossing": "traffic_signals",
        "highway": "crossing"
      },
      "geometry": {
        "type": "Point",
        "coordinates": [
          135.4314139,
          34.8084145
        ]
      },
      "id": "node/1735183850"
    },
    {
      "type": "Feature",
      "properties": {
        "@id": "node/1735183851",
        "crossing": "traffic_signals",
        "highway": "crossing"
      },
      "geometry": {
        "type": "Point",
        "coordinates": [
          135.4313247,
          34.8084187
        ]
      },
      "id": "node/1735183851"
    },
    {
      "type": "Feature",
      "properties": {
        "@id": "node/1735183967",
        "crossing": "traffic_signals",
        "highway": "crossing"
      },
      "geometry": {
        "type": "Point",
        "coordinates": [
          135.440356,
          34.8108693
        ]
      },
      "id": "node/1735183967"
    },
    {
      "type": "Feature",
      "properties": {
        "@id": "node/1735183969",
        "crossing": "traffic_signals",
        "highway": "crossing"
      },
      "geometry": {
        "type": "Point",
        "coordinates": [
          135.4398762,
          34.8108717
        ]
      },
      "id": "node/1735183969"
    },
    {
      "type": "Feature",
      "properties": {
        "@id": "node/1735183973",
        "crossing": "traffic_signals",
        "highway": "crossing"
      },
      "geometry": {
        "type": "Point",
        "coordinates": [
          135.4351479,
          34.8109348
        ]
      },
      "id": "node/1735183973"
    },
    {
      "type": "Feature",
      "properties": {
        "@id": "node/1735183975",
        "crossing": "traffic_signals",
        "highway": "crossing"
      },
      "geometry": {
        "type": "Point",
        "coordinates": [
          135.4398783,
          34.8109702
        ]
      },
      "id": "node/1735183975"
    },
    {
      "type": "Feature",
      "properties": {
        "@id": "node/1735183978",
        "crossing": "traffic_signals",
        "highway": "crossing"
      },
      "geometry": {
        "type": "Point",
        "coordinates": [
          135.4403587,
          34.8109616
        ]
      },
      "id": "node/1735183978"
    },
    {
      "type": "Feature",
      "properties": {
        "@id": "node/1735183982",
        "crossing": "traffic_signals",
        "highway": "crossing"
      },
      "geometry": {
        "type": "Point",
        "coordinates": [
          135.435147,
          34.8110196
        ]
      },
      "id": "node/1735183982"
    },
    {
      "type": "Feature",
      "properties": {
        "@id": "node/1739217548",
        "highway": "traffic_signals"
      },
      "geometry": {
        "type": "Point",
        "coordinates": [
          135.4734275,
          34.810466
        ]
      },
      "id": "node/1739217548"
    },
    {
      "type": "Feature",
      "properties": {
        "@id": "node/1740310068",
        "highway": "crossing"
      },
      "geometry": {
        "type": "Point",
        "coordinates": [
          135.4737458,
          34.818767
        ]
      },
      "id": "node/1740310068"
    },
    {
      "type": "Feature",
      "properties": {
        "@id": "node/1740310090",
        "highway": "crossing"
      },
      "geometry": {
        "type": "Point",
        "coordinates": [
          135.473633,
          34.8189065
        ]
      },
      "id": "node/1740310090"
    },
    {
      "type": "Feature",
      "properties": {
        "@id": "node/1742624086",
        "crossing_ref": "zebra",
        "highway": "crossing"
      },
      "geometry": {
        "type": "Point",
        "coordinates": [
          135.4760993,
          34.7857035
        ]
      },
      "id": "node/1742624086"
    },
    {
      "type": "Feature",
      "properties": {
        "@id": "node/1742624125",
        "crossing": "zebra",
        "highway": "crossing"
      },
      "geometry": {
        "type": "Point",
        "coordinates": [
          135.4771752,
          34.7862338
        ]
      },
      "id": "node/1742624125"
    },
    {
      "type": "Feature",
      "properties": {
        "@id": "node/1746480869",
        "crossing": "traffic_signals",
        "highway": "crossing"
      },
      "geometry": {
        "type": "Point",
        "coordinates": [
          135.47209,
          34.7986304
        ]
      },
      "id": "node/1746480869"
    },
    {
      "type": "Feature",
      "properties": {
        "@id": "node/1761874166",
        "highway": "crossing"
      },
      "geometry": {
        "type": "Point",
        "coordinates": [
          135.4664359,
          34.8177585
        ]
      },
      "id": "node/1761874166"
    },
    {
      "type": "Feature",
      "properties": {
        "@id": "node/1761874182",
        "highway": "crossing"
      },
      "geometry": {
        "type": "Point",
        "coordinates": [
          135.4684109,
          34.819043
        ]
      },
      "id": "node/1761874182"
    },
    {
      "type": "Feature",
      "properties": {
        "@id": "node/1761874186",
        "highway": "traffic_signals",
        "name": "牧落西",
        "name:en": "Makiochi-nishi"
      },
      "geometry": {
        "type": "Point",
        "coordinates": [
          135.4686478,
          34.8191977
        ]
      },
      "id": "node/1761874186"
    },
    {
      "type": "Feature",
      "properties": {
        "@id": "node/1761874188",
        "highway": "crossing"
      },
      "geometry": {
        "type": "Point",
        "coordinates": [
          135.4687887,
          34.8192952
        ]
      },
      "id": "node/1761874188"
    },
    {
      "type": "Feature",
      "properties": {
        "@id": "node/1761874216",
        "highway": "crossing"
      },
      "geometry": {
        "type": "Point",
        "coordinates": [
          135.4722786,
          34.8217757
        ]
      },
      "id": "node/1761874216"
    },
    {
      "type": "Feature",
      "properties": {
        "@id": "node/1762076822",
        "highway": "crossing"
      },
      "geometry": {
        "type": "Point",
        "coordinates": [
          135.4604832,
          34.8139964
        ]
      },
      "id": "node/1762076822"
    },
    {
      "type": "Feature",
      "properties": {
        "@id": "node/1762076842",
        "highway": "crossing"
      },
      "geometry": {
        "type": "Point",
        "coordinates": [
          135.4621332,
          34.8149791
        ]
      },
      "id": "node/1762076842"
    },
    {
      "type": "Feature",
      "properties": {
        "@id": "node/1762076847",
        "highway": "crossing"
      },
      "geometry": {
        "type": "Point",
        "coordinates": [
          135.4622809,
          34.8150789
        ]
      },
      "id": "node/1762076847"
    },
    {
      "type": "Feature",
      "properties": {
        "@id": "node/1762076860",
        "highway": "crossing"
      },
      "geometry": {
        "type": "Point",
        "coordinates": [
          135.4629353,
          34.8154973
        ]
      },
      "id": "node/1762076860"
    },
    {
      "type": "Feature",
      "properties": {
        "@id": "node/1762076865",
        "highway": "crossing"
      },
      "geometry": {
        "type": "Point",
        "coordinates": [
          135.4631054,
          34.8156118
        ]
      },
      "id": "node/1762076865"
    },
    {
      "type": "Feature",
      "properties": {
        "@id": "node/1762076878",
        "highway": "crossing"
      },
      "geometry": {
        "type": "Point",
        "coordinates": [
          135.4646797,
          34.816612
        ]
      },
      "id": "node/1762076878"
    },
    {
      "type": "Feature",
      "properties": {
        "@id": "node/1762076882",
        "highway": "crossing"
      },
      "geometry": {
        "type": "Point",
        "coordinates": [
          135.4648157,
          34.8166994
        ]
      },
      "id": "node/1762076882"
    },
    {
      "type": "Feature",
      "properties": {
        "@id": "node/1769487820",
        "highway": "crossing"
      },
      "geometry": {
        "type": "Point",
        "coordinates": [
          135.4741369,
          34.8147708
        ]
      },
      "id": "node/1769487820"
    },
    {
      "type": "Feature",
      "properties": {
        "@id": "node/1769487846",
        "highway": "crossing"
      },
      "geometry": {
        "type": "Point",
        "coordinates": [
          135.4741111,
          34.8150004
        ]
      },
      "id": "node/1769487846"
    },
    {
      "type": "Feature",
      "properties": {
        "@id": "node/1788267434",
        "highway": "traffic_signals",
        "name": "桃山台駅西",
        "name:en": "Momoyamadaieki-higashi"
      },
      "geometry": {
        "type": "Point",
        "coordinates": [
          135.4971479,
          34.7927349
        ]
      },
      "id": "node/1788267434"
    },
    {
      "type": "Feature",
      "properties": {
        "@id": "node/1788267437",
        "highway": "traffic_signals",
        "name": "桃山台駅東",
        "name:en": "Momoyamadaieki-higashi"
      },
      "geometry": {
        "type": "Point",
        "coordinates": [
          135.4976203,
          34.7927831
        ]
      },
      "id": "node/1788267437"
    },
    {
      "type": "Feature",
      "properties": {
        "@id": "node/1831049405",
        "highway": "motorway_junction",
        "name": "豊中南出口",
        "name:en": "Toyonaka-minami",
        "name:ja": "豊中南出口",
        "name:ja-Hira": "とよなかみなみでいりぐち",
        "ref": "11-08",
        "source:name": "wikipedia",
        "wikipedia": "ja:豊中インターチェンジ"
      },
      "geometry": {
        "type": "Point",
        "coordinates": [
          135.4614869,
          34.761613
        ]
      },
      "id": "node/1831049405"
    },
    {
      "type": "Feature",
      "properties": {
        "@id": "node/1831049447",
        "destination": "伊丹",
        "highway": "motorway_junction",
        "name": "豊中北出口",
        "name:en": "Toyonaka-kita",
        "name:ja": "豊中北出口",
        "name:ja-Hira": "とよなかきたでぐち",
        "ref": "11-09",
        "source:name": "wikipedia",
        "wikipedia": "ja:豊中北出入口"
      },
      "geometry": {
        "type": "Point",
        "coordinates": [
          135.4557587,
          34.7792058
        ]
      },
      "id": "node/1831049447"
    },
    {
      "type": "Feature",
      "properties": {
        "@id": "node/1831049498",
        "highway": "motorway_junction",
        "name": "大阪空港出口",
        "name:en": "Osaka Airport",
        "name:ja": "大阪空港出口",
        "name:ja-Hira": "おおさかくうこうでぐち",
        "ref": "11-10",
        "source:name": "wikipedia",
        "wikipedia": "ja:大阪空港出入口"
      },
      "geometry": {
        "type": "Point",
        "coordinates": [
          135.4485335,
          34.7879562
        ]
      },
      "id": "node/1831049498"
    },
    {
      "type": "Feature",
      "properties": {
        "@id": "node/1844856713",
        "highway": "traffic_signals"
      },
      "geometry": {
        "type": "Point",
        "coordinates": [
          135.4635874,
          34.7887977
        ]
      },
      "id": "node/1844856713"
    },
    {
      "type": "Feature",
      "properties": {
        "@id": "node/1844856715",
        "highway": "traffic_signals"
      },
      "geometry": {
        "type": "Point",
        "coordinates": [
          135.4727286,
          34.7949923
        ]
      },
      "id": "node/1844856715"
    },
    {
      "type": "Feature",
      "properties": {
        "@id": "node/1861596820",
        "highway": "traffic_signals",
        "name": "走井",
        "name:en": "Hashirii",
        "name:ja": "走井",
        "name:ja_rm": "Hashirii"
      },
      "geometry": {
        "type": "Point",
        "coordinates": [
          135.453556,
          34.7822278
        ]
      },
      "id": "node/1861596820"
    },
    {
      "type": "Feature",
      "properties": {
        "@id": "node/1861596840",
        "highway": "traffic_signals",
        "name": "蛍池南町3丁目",
        "name:en": "Hotarugaikeminamimachi 3 shome"
      },
      "geometry": {
        "type": "Point",
        "coordinates": [
          135.4471612,
          34.7894926
        ]
      },
      "id": "node/1861596840"
    },
    {
      "type": "Feature",
      "properties": {
        "@id": "node/1861608395",
        "highway": "traffic_signals",
        "name": "牧落",
        "name:en": "Makiochi",
        "name:ja": "牧落",
        "name:ja_rm": "Makiochi"
      },
      "geometry": {
        "type": "Point",
        "coordinates": [
          135.4723744,
          34.821862
        ]
      },
      "id": "node/1861608395"
    },
    {
      "type": "Feature",
      "properties": {
        "@id": "node/1861620185",
        "highway": "crossing"
      },
      "geometry": {
        "type": "Point",
        "coordinates": [
          135.4737992,
          34.8114384
        ]
      },
      "id": "node/1861620185"
    },
    {
      "type": "Feature",
      "properties": {
        "@id": "node/1861620264",
        "highway": "traffic_signals"
      },
      "geometry": {
        "type": "Point",
        "coordinates": [
          135.4742359,
          34.8136982
        ]
      },
      "id": "node/1861620264"
    },
    {
      "type": "Feature",
      "properties": {
        "@id": "node/1861620271",
        "highway": "traffic_signals"
      },
      "geometry": {
        "type": "Point",
        "coordinates": [
          135.4742334,
          34.8137532
        ]
      },
      "id": "node/1861620271"
    },
    {
      "type": "Feature",
      "properties": {
        "@id": "node/1862475400",
        "highway": "traffic_signals",
        "name": "南桜塚"
      },
      "geometry": {
        "type": "Point",
        "coordinates": [
          135.4708947,
          34.7761973
        ]
      },
      "id": "node/1862475400"
    },
    {
      "type": "Feature",
      "properties": {
        "@id": "node/1871530131",
        "highway": "crossing"
      },
      "geometry": {
        "type": "Point",
        "coordinates": [
          135.4825786,
          34.8056331
        ]
      },
      "id": "node/1871530131"
    },
    {
      "type": "Feature",
      "properties": {
        "@id": "node/1871530132",
        "highway": "crossing"
      },
      "geometry": {
        "type": "Point",
        "coordinates": [
          135.4827733,
          34.8056527
        ]
      },
      "id": "node/1871530132"
    },
    {
      "type": "Feature",
      "properties": {
        "@id": "node/1871530137",
        "highway": "crossing"
      },
      "geometry": {
        "type": "Point",
        "coordinates": [
          135.4823719,
          34.8059978
        ]
      },
      "id": "node/1871530137"
    },
    {
      "type": "Feature",
      "properties": {
        "@id": "node/1871530405",
        "highway": "traffic_signals",
        "name": "桜の町南",
        "name:en": "Sakuranocho minami",
        "name:ja": "桜の町南"
      },
      "geometry": {
        "type": "Point",
        "coordinates": [
          135.4635947,
          34.7993242
        ]
      },
      "id": "node/1871530405"
    },
    {
      "type": "Feature",
      "properties": {
        "@id": "node/1933356978",
        "highway": "crossing"
      },
      "geometry": {
        "type": "Point",
        "coordinates": [
          135.493305,
          34.8123056
        ]
      },
      "id": "node/1933356978"
    },
    {
      "type": "Feature",
      "properties": {
        "@id": "node/1933356982",
        "button_operated": "no",
        "crossing:signals": "yes",
        "highway": "crossing",
        "tactile_paving": "yes",
        "traffic_signals:sound": "no"
      },
      "geometry": {
        "type": "Point",
        "coordinates": [
          135.4936952,
          34.8123212
        ]
      },
      "id": "node/1933356982"
    },
    {
      "type": "Feature",
      "properties": {
        "@id": "node/1933357000",
        "highway": "crossing"
      },
      "geometry": {
        "type": "Point",
        "coordinates": [
          135.4932752,
          34.8126413
        ]
      },
      "id": "node/1933357000"
    },
    {
      "type": "Feature",
      "properties": {
        "@id": "node/1933357004",
        "highway": "crossing"
      },
      "geometry": {
        "type": "Point",
        "coordinates": [
          135.4936496,
          34.8126626
        ]
      },
      "id": "node/1933357004"
    },
    {
      "type": "Feature",
      "properties": {
        "@id": "node/1934659070",
        "highway": "crossing"
      },
      "geometry": {
        "type": "Point",
        "coordinates": [
          135.4256326,
          34.7994821
        ]
      },
      "id": "node/1934659070"
    },
    {
      "type": "Feature",
      "properties": {
        "@id": "node/1934659073",
        "highway": "crossing"
      },
      "geometry": {
        "type": "Point",
        "coordinates": [
          135.4256036,
          34.7996094
        ]
      },
      "id": "node/1934659073"
    },
    {
      "type": "Feature",
      "properties": {
        "@id": "node/1934659083",
        "crossing": "traffic_signals",
        "highway": "crossing"
      },
      "geometry": {
        "type": "Point",
        "coordinates": [
          135.4270307,
          34.799735
        ]
      },
      "id": "node/1934659083"
    },
    {
      "type": "Feature",
      "properties": {
        "@id": "node/1934659089",
        "crossing": "traffic_signals",
        "highway": "crossing"
      },
      "geometry": {
        "type": "Point",
        "coordinates": [
          135.4269927,
          34.7998727
        ]
      },
      "id": "node/1934659089"
    },
    {
      "type": "Feature",
      "properties": {
        "@id": "node/1934659134",
        "highway": "crossing"
      },
      "geometry": {
        "type": "Point",
        "coordinates": [
          135.4331132,
          34.8006655
        ]
      },
      "id": "node/1934659134"
    },
    {
      "type": "Feature",
      "properties": {
        "@id": "node/1934659247",
        "highway": "crossing"
      },
      "geometry": {
        "type": "Point",
        "coordinates": [
          135.4351405,
          34.8023301
        ]
      },
      "id": "node/1934659247"
    },
    {
      "type": "Feature",
      "properties": {
        "@id": "node/1934659262",
        "highway": "crossing"
      },
      "geometry": {
        "type": "Point",
        "coordinates": [
          135.4357699,
          34.8025732
        ]
      },
      "id": "node/1934659262"
    },
    {
      "type": "Feature",
      "properties": {
        "@id": "node/1934659270",
        "highway": "crossing"
      },
      "geometry": {
        "type": "Point",
        "coordinates": [
          135.4358532,
          34.8027035
        ]
      },
      "id": "node/1934659270"
    },
    {
      "type": "Feature",
      "properties": {
        "@id": "node/1934659798",
        "highway": "traffic_signals",
        "name": "軍行橋東詰"
      },
      "geometry": {
        "type": "Point",
        "coordinates": [
          135.4257419,
          34.7996299
        ]
      },
      "id": "node/1934659798"
    },
    {
      "type": "Feature",
      "properties": {
        "@id": "node/1934659799",
        "highway": "traffic_signals",
        "name": "軍行橋東詰"
      },
      "geometry": {
        "type": "Point",
        "coordinates": [
          135.4258965,
          34.7996547
        ]
      },
      "id": "node/1934659799"
    },
    {
      "type": "Feature",
      "properties": {
        "@id": "node/1939618677",
        "highway": "traffic_signals",
        "name": "JR伊丹駅前",
        "traffic_signals": "signal"
      },
      "geometry": {
        "type": "Point",
        "coordinates": [
          135.4213439,
          34.7807013
        ]
      },
      "id": "node/1939618677"
    },
    {
      "type": "Feature",
      "properties": {
        "@id": "node/1939618716",
        "highway": "traffic_signals"
      },
      "geometry": {
        "type": "Point",
        "coordinates": [
          135.4274114,
          34.7829742
        ]
      },
      "id": "node/1939618716"
    },
    {
      "type": "Feature",
      "properties": {
        "@id": "node/1939618723",
        "highway": "traffic_signals",
        "name": "伊丹４丁目",
        "name:ja-Latn": "Itami 4",
        "source": "local knowledge",
        "traffic_signals": "signal"
      },
      "geometry": {
        "type": "Point",
        "coordinates": [
          135.4183259,
          34.7779464
        ]
      },
      "id": "node/1939618723"
    },
    {
      "type": "Feature",
      "properties": {
        "@id": "node/1939634326",
        "crossing": "marked",
        "highway": "crossing"
      },
      "geometry": {
        "type": "Point",
        "coordinates": [
          135.4174513,
          34.7829671
        ]
      },
      "id": "node/1939634326"
    },
    {
      "type": "Feature",
      "properties": {
        "@id": "node/1939634327",
        "button_operated": "no",
        "crossing": "traffic_signals",
        "crossing:island": "no",
        "crossing:markings": "zebra",
        "highway": "crossing",
        "tactile_paving": "no",
        "traffic_signals:sound": "yes",
        "traffic_signals:vibration": "no"
      },
      "geometry": {
        "type": "Point",
        "coordinates": [
          135.4177223,
          34.7829143
        ]
      },
      "id": "node/1939634327"
    },
    {
      "type": "Feature",
      "properties": {
        "@id": "node/1939634330",
        "highway": "traffic_signals",
        "name": "伊丹１丁目東",
        "name:ja-Latn": "Itami 1 higashi",
        "source": "local knowledge",
        "traffic_signals": "signal"
      },
      "geometry": {
        "type": "Point",
        "coordinates": [
          135.4187239,
          34.783061
        ]
      },
      "id": "node/1939634330"
    },
    {
      "type": "Feature",
      "properties": {
        "@id": "node/1939634332",
        "crossing": "marked",
        "was:highway": "crossing"
      },
      "geometry": {
        "type": "Point",
        "coordinates": [
          135.4176135,
          34.7827132
        ]
      },
      "id": "node/1939634332"
    },
    {
      "type": "Feature",
      "properties": {
        "@id": "node/1939634334",
        "crossing": "marked",
        "highway": "crossing"
      },
      "geometry": {
        "type": "Point",
        "coordinates": [
          135.417555,
          34.782984
        ]
      },
      "id": "node/1939634334"
    },
    {
      "type": "Feature",
      "properties": {
        "@id": "node/1939648078",
        "bus": "yes",
        "highway": "bus_stop",
        "name": "伊丹一丁目;本町",
        "operator": "阪急バス;伊丹市交通局",
        "public_transport": "stop_position",
        "ref": "西行"
      },
      "geometry": {
        "type": "Point",
        "coordinates": [
          135.4181935,
          34.7829174
        ]
      },
      "id": "node/1939648078"
    },
    {
      "type": "Feature",
      "properties": {
        "@id": "node/1939665969",
        "highway": "traffic_signals",
        "name": "伊丹東消防署前"
      },
      "geometry": {
        "type": "Point",
        "coordinates": [
          135.417188,
          34.786584
        ]
      },
      "id": "node/1939665969"
    },
    {
      "type": "Feature",
      "properties": {
        "@id": "node/1939665982",
        "highway": "traffic_signals",
        "name": "伊丹1"
      },
      "geometry": {
        "type": "Point",
        "coordinates": [
          135.4175876,
          34.7828163
        ]
      },
      "id": "node/1939665982"
    },
    {
      "type": "Feature",
      "properties": {
        "@id": "node/1939747924",
        "highway": "traffic_signals",
        "source": "local knowledge",
        "traffic_signals": "signal"
      },
      "geometry": {
        "type": "Point",
        "coordinates": [
          135.419024,
          34.7731455
        ]
      },
      "id": "node/1939747924"
    },
    {
      "type": "Feature",
      "properties": {
        "@id": "node/1939747945",
        "highway": "traffic_signals",
        "traffic_signals": "signal"
      },
      "geometry": {
        "type": "Point",
        "coordinates": [
          135.4187716,
          34.7746856
        ]
      },
      "id": "node/1939747945"
    },
    {
      "type": "Feature",
      "properties": {
        "@id": "node/1939748006",
        "highway": "traffic_signals",
        "name": "南本町５丁目",
        "source": "local knowledge",
        "traffic_signals": "signal"
      },
      "geometry": {
        "type": "Point",
        "coordinates": [
          135.4193537,
          34.7716325
        ]
      },
      "id": "node/1939748006"
    },
    {
      "type": "Feature",
      "properties": {
        "@id": "node/1939895401",
        "highway": "traffic_signals",
        "name": "伊丹１丁目東",
        "name:ja-Latn": "Itami 1 higashi",
        "source": "local knowledge",
        "traffic_signals": "signal"
      },
      "geometry": {
        "type": "Point",
        "coordinates": [
          135.4188364,
          34.783008
        ]
      },
      "id": "node/1939895401"
    },
    {
      "type": "Feature",
      "properties": {
        "@id": "node/1939895531",
        "bus": "yes",
        "highway": "bus_stop",
        "name": "伊丹一丁目;本町",
        "operator": "阪急バス;伊丹市交通局",
        "public_transport": "stop_position",
        "ref": "東行"
      },
      "geometry": {
        "type": "Point",
        "coordinates": [
          135.4184627,
          34.7830197
        ]
      },
      "id": "node/1939895531"
    },
    {
      "type": "Feature",
      "properties": {
        "@id": "node/1939895571",
        "highway": "traffic_signals",
        "traffic_signals": "signal"
      },
      "geometry": {
        "type": "Point",
        "coordinates": [
          135.416552,
          34.7925197
        ]
      },
      "id": "node/1939895571"
    },
    {
      "type": "Feature",
      "properties": {
        "@id": "node/1942898083",
        "highway": "traffic_signals"
      },
      "geometry": {
        "type": "Point",
        "coordinates": [
          135.4178885,
          34.7809934
        ]
      },
      "id": "node/1942898083"
    },
    {
      "type": "Feature",
      "properties": {
        "@id": "node/1943744580",
        "button_operated": "no",
        "crossing": "traffic_signals",
        "highway": "crossing",
        "tactile_paving": "no",
        "traffic_signals:sound": "no",
        "traffic_signals:vibration": "no"
      },
      "geometry": {
        "type": "Point",
        "coordinates": [
          135.4177945,
          34.7808773
        ]
      },
      "id": "node/1943744580"
    },
    {
      "type": "Feature",
      "properties": {
        "@id": "node/1943744581",
        "button_operated": "no",
        "crossing": "traffic_signals",
        "highway": "crossing",
        "tactile_paving": "no",
        "traffic_signals:sound": "no",
        "traffic_signals:vibration": "no"
      },
      "geometry": {
        "type": "Point",
        "coordinates": [
          135.4179064,
          34.7808854
        ]
      },
      "id": "node/1943744581"
    },
    {
      "type": "Feature",
      "properties": {
        "@id": "node/1943744589",
        "highway": "traffic_signals"
      },
      "geometry": {
        "type": "Point",
        "coordinates": [
          135.417779,
          34.7809845
        ]
      },
      "id": "node/1943744589"
    },
    {
      "type": "Feature",
      "properties": {
        "@id": "node/1943744614",
        "button_operated": "yes",
        "crossing": "traffic_signals",
        "crossing:island": "no",
        "crossing:markings": "zebra",
        "highway": "crossing",
        "tactile_paving": "no",
        "traffic_signals:sound": "yes",
        "traffic_signals:vibration": "no"
      },
      "geometry": {
        "type": "Point",
        "coordinates": [
          135.4176421,
          34.781867
        ]
      },
      "id": "node/1943744614"
    },
    {
      "type": "Feature",
      "properties": {
        "@id": "node/1943744615",
        "button_operated": "yes",
        "crossing": "traffic_signals",
        "crossing:island": "no",
        "crossing:markings": "zebra",
        "highway": "crossing",
        "tactile_paving": "no",
        "traffic_signals:sound": "yes",
        "traffic_signals:vibration": "no"
      },
      "geometry": {
        "type": "Point",
        "coordinates": [
          135.4177417,
          34.7818789
        ]
      },
      "id": "node/1943744615"
    },
    {
      "type": "Feature",
      "properties": {
        "@id": "node/1943744622",
        "highway": "traffic_signals"
      },
      "geometry": {
        "type": "Point",
        "coordinates": [
          135.4176297,
          34.781966
        ]
      },
      "id": "node/1943744622"
    },
    {
      "type": "Feature",
      "properties": {
        "@id": "node/1943744623",
        "highway": "traffic_signals"
      },
      "geometry": {
        "type": "Point",
        "coordinates": [
          135.4177306,
          34.7819779
        ]
      },
      "id": "node/1943744623"
    },
    {
      "type": "Feature",
      "properties": {
        "@id": "node/1943744628",
        "button_operated": "yes",
        "crossing": "traffic_signals",
        "crossing:island": "no",
        "crossing:markings": "zebra",
        "highway": "crossing",
        "tactile_paving": "no",
        "traffic_signals:sound": "yes",
        "traffic_signals:vibration": "no"
      },
      "geometry": {
        "type": "Point",
        "coordinates": [
          135.4176113,
          34.7820769
        ]
      },
      "id": "node/1943744628"
    },
    {
      "type": "Feature",
      "properties": {
        "@id": "node/1943744629",
        "button_operated": "yes",
        "crossing": "traffic_signals",
        "crossing:island": "no",
        "crossing:markings": "zebra",
        "highway": "crossing",
        "tactile_paving": "no",
        "traffic_signals:sound": "yes",
        "traffic_signals:vibration": "no"
      },
      "geometry": {
        "type": "Point",
        "coordinates": [
          135.4177136,
          34.7820866
        ]
      },
      "id": "node/1943744629"
    },
    {
      "type": "Feature",
      "properties": {
        "@id": "node/1943744651",
        "highway": "traffic_signals",
        "name": "伊丹東消防署前"
      },
      "geometry": {
        "type": "Point",
        "coordinates": [
          135.4170818,
          34.7865865
        ]
      },
      "id": "node/1943744651"
    },
    {
      "type": "Feature",
      "properties": {
        "@id": "node/1943744652",
        "highway": "traffic_signals",
        "name": "伊丹郵便局前"
      },
      "geometry": {
        "type": "Point",
        "coordinates": [
          135.4179465,
          34.7799078
        ]
      },
      "id": "node/1943744652"
    },
    {
      "type": "Feature",
      "properties": {
        "@id": "node/1943744653",
        "highway": "traffic_signals",
        "name": "伊丹郵便局前"
      },
      "geometry": {
        "type": "Point",
        "coordinates": [
          135.4180421,
          34.7799314
        ]
      },
      "id": "node/1943744653"
    },
    {
      "type": "Feature",
      "properties": {
        "@id": "node/1944520178",
        "highway": "traffic_signals",
        "name": "南町",
        "source": "local knowledge",
        "traffic_signals": "signal"
      },
      "geometry": {
        "type": "Point",
        "coordinates": [
          135.4198006,
          34.7694951
        ]
      },
      "id": "node/1944520178"
    },
    {
      "type": "Feature",
      "properties": {
        "@id": "node/1944520187",
        "highway": "traffic_signals",
        "name": "南町4",
        "name:en": "Minamimachi 4",
        "name:ja": "南町4",
        "name:ja-Hira": "みなみまち よん",
        "name:ja_rm": "Minamimachi yon"
      },
      "geometry": {
        "type": "Point",
        "coordinates": [
          135.4202573,
          34.7661387
        ]
      },
      "id": "node/1944520187"
    },
    {
      "type": "Feature",
      "properties": {
        "@id": "node/1944520223",
        "highway": "traffic_signals",
        "traffic_signals": "signal"
      },
      "geometry": {
        "type": "Point",
        "coordinates": [
          135.4186555,
          34.7746762
        ]
      },
      "id": "node/1944520223"
    },
    {
      "type": "Feature",
      "properties": {
        "@id": "node/1944520240",
        "highway": "traffic_signals",
        "name": "南本町６丁目",
        "source": "local knowledge",
        "traffic_signals": "signal"
      },
      "geometry": {
        "type": "Point",
        "coordinates": [
          135.4194867,
          34.7705548
        ]
      },
      "id": "node/1944520240"
    },
    {
      "type": "Feature",
      "properties": {
        "@id": "node/1944520251",
        "highway": "traffic_signals",
        "name": "南本町５丁目",
        "source": "local knowledge",
        "traffic_signals": "signal"
      },
      "geometry": {
        "type": "Point",
        "coordinates": [
          135.4192504,
          34.771619
        ]
      },
      "id": "node/1944520251"
    },
    {
      "type": "Feature",
      "properties": {
        "@id": "node/1944520253",
        "highway": "traffic_signals",
        "source": "local knowledge",
        "traffic_signals": "signal"
      },
      "geometry": {
        "type": "Point",
        "coordinates": [
          135.4189217,
          34.7731306
        ]
      },
      "id": "node/1944520253"
    },
    {
      "type": "Feature",
      "properties": {
        "@id": "node/1944520285",
        "highway": "traffic_signals",
        "name": "南町",
        "source": "local knowledge",
        "traffic_signals": "signal"
      },
      "geometry": {
        "type": "Point",
        "coordinates": [
          135.4197181,
          34.7694878
        ]
      },
      "id": "node/1944520285"
    },
    {
      "type": "Feature",
      "properties": {
        "@id": "node/1946346509",
        "highway": "traffic_signals",
        "name": "伊丹3丁目"
      },
      "geometry": {
        "type": "Point",
        "coordinates": [
          135.4180814,
          34.7789096
        ]
      },
      "id": "node/1946346509"
    },
    {
      "type": "Feature",
      "properties": {
        "@id": "node/1946346541",
        "highway": "traffic_signals",
        "name": "伊丹４丁目",
        "name:ja-Latn": "Itami 4",
        "source": "local knowledge",
        "traffic_signals": "signal"
      },
      "geometry": {
        "type": "Point",
        "coordinates": [
          135.418224,
          34.7779384
        ]
      },
      "id": "node/1946346541"
    },
    {
      "type": "Feature",
      "properties": {
        "@id": "node/1946346747",
        "highway": "traffic_signals",
        "name": "伊丹3丁目"
      },
      "geometry": {
        "type": "Point",
        "coordinates": [
          135.418188,
          34.7788784
        ]
      },
      "id": "node/1946346747"
    },
    {
      "type": "Feature",
      "properties": {
        "@id": "node/1948648467",
        "highway": "traffic_signals",
        "name": "北園3丁目",
        "traffic_signals": "signal"
      },
      "geometry": {
        "type": "Point",
        "coordinates": [
          135.4155215,
          34.7950588
        ]
      },
      "id": "node/1948648467"
    },
    {
      "type": "Feature",
      "properties": {
        "@id": "node/1962381750",
        "highway": "traffic_signals",
        "name": "空港入口",
        "name:ja-Latn": "Kukoiriguchi"
      },
      "geometry": {
        "type": "Point",
        "coordinates": [
          135.4489647,
          34.7974277
        ]
      },
      "id": "node/1962381750"
    },
    {
      "type": "Feature",
      "properties": {
        "@id": "node/1976414990",
        "highway": "traffic_signals",
        "traffic_signals": "signal"
      },
      "geometry": {
        "type": "Point",
        "coordinates": [
          135.4164383,
          34.7925287
        ]
      },
      "id": "node/1976414990"
    },
    {
      "type": "Feature",
      "properties": {
        "@id": "node/1976415008",
        "highway": "traffic_signals",
        "name": "北園3丁目",
        "traffic_signals": "signal"
      },
      "geometry": {
        "type": "Point",
        "coordinates": [
          135.4154034,
          34.7951052
        ]
      },
      "id": "node/1976415008"
    },
    {
      "type": "Feature",
      "properties": {
        "@id": "node/1987082548",
        "highway": "traffic_signals",
        "traffic_signals": "signal"
      },
      "geometry": {
        "type": "Point",
        "coordinates": [
          135.4875758,
          34.7918939
        ]
      },
      "id": "node/1987082548"
    },
    {
      "type": "Feature",
      "properties": {
        "@id": "node/1998449006",
        "highway": "speed_camera",
        "maxspeed": "60",
        "type": "enforcement"
      },
      "geometry": {
        "type": "Point",
        "coordinates": [
          135.4969387,
          34.807212
        ]
      },
      "id": "node/1998449006"
    },
    {
      "type": "Feature",
      "properties": {
        "@id": "node/2029293506",
        "crossing": "traffic_signals",
        "highway": "crossing"
      },
      "geometry": {
        "type": "Point",
        "coordinates": [
          135.4348695,
          34.81094
        ]
      },
      "id": "node/2029293506"
    },
    {
      "type": "Feature",
      "properties": {
        "@id": "node/2029293507",
        "crossing": "traffic_signals",
        "highway": "crossing"
      },
      "geometry": {
        "type": "Point",
        "coordinates": [
          135.4348717,
          34.8110237
        ]
      },
      "id": "node/2029293507"
    },
    {
      "type": "Feature",
      "properties": {
        "@id": "node/2031538694",
        "highway": "traffic_signals",
        "name": "八坂橋",
        "name:en": "Yasakabashi"
      },
      "geometry": {
        "type": "Point",
        "coordinates": [
          135.4773015,
          34.7862872
        ]
      },
      "id": "node/2031538694"
    },
    {
      "type": "Feature",
      "properties": {
        "@id": "node/2031626449",
        "man_made": "surveillance",
        "name": "Ｎシステム",
        "surveillance:type": "camera"
      },
      "geometry": {
        "type": "Point",
        "coordinates": [
          135.5261091,
          34.7821411
        ]
      },
      "id": "node/2031626449"
    },
    {
      "type": "Feature",
      "properties": {
        "@id": "node/2055570772",
        "highway": "crossing"
      },
      "geometry": {
        "type": "Point",
        "coordinates": [
          135.4675202,
          34.8115555
        ]
      },
      "id": "node/2055570772"
    },
    {
      "type": "Feature",
      "properties": {
        "@id": "node/2055570782",
        "highway": "crossing"
      },
      "geometry": {
        "type": "Point",
        "coordinates": [
          135.4676572,
          34.8117023
        ]
      },
      "id": "node/2055570782"
    },
    {
      "type": "Feature",
      "properties": {
        "@id": "node/2055634824",
        "highway": "traffic_signals"
      },
      "geometry": {
        "type": "Point",
        "coordinates": [
          135.4704859,
          34.8148637
        ]
      },
      "id": "node/2055634824"
    },
    {
      "type": "Feature",
      "properties": {
        "@id": "node/2084081043",
        "highway": "traffic_signals"
      },
      "geometry": {
        "type": "Point",
        "coordinates": [
          135.4350349,
          34.7825345
        ]
      },
      "id": "node/2084081043"
    },
    {
      "type": "Feature",
      "properties": {
        "@id": "node/2084081044",
        "highway": "crossing"
      },
      "geometry": {
        "type": "Point",
        "coordinates": [
          135.4348649,
          34.7825422
        ]
      },
      "id": "node/2084081044"
    },
    {
      "type": "Feature",
      "properties": {
        "@id": "node/2084081047",
        "highway": "traffic_signals"
      },
      "geometry": {
        "type": "Point",
        "coordinates": [
          135.435032,
          34.7825988
        ]
      },
      "id": "node/2084081047"
    },
    {
      "type": "Feature",
      "properties": {
        "@id": "node/2084081048",
        "highway": "crossing"
      },
      "geometry": {
        "type": "Point",
        "coordinates": [
          135.4352156,
          34.7825946
        ]
      },
      "id": "node/2084081048"
    },
    {
      "type": "Feature",
      "properties": {
        "@id": "node/2084081050",
        "highway": "crossing"
      },
      "geometry": {
        "type": "Point",
        "coordinates": [
          135.4348668,
          34.782603
        ]
      },
      "id": "node/2084081050"
    },
    {
      "type": "Feature",
      "properties": {
        "@id": "node/2084081059",
        "highway": "traffic_signals"
      },
      "geometry": {
        "type": "Point",
        "coordinates": [
          135.4304696,
          34.7828221
        ]
      },
      "id": "node/2084081059"
    },
    {
      "type": "Feature",
      "properties": {
        "@id": "node/2086946309",
        "highway": "traffic_signals"
      },
      "geometry": {
        "type": "Point",
        "coordinates": [
          135.4582671,
          34.7820751
        ]
      },
      "id": "node/2086946309"
    },
    {
      "type": "Feature",
      "properties": {
        "@id": "node/2086946335",
        "highway": "crossing"
      },
      "geometry": {
        "type": "Point",
        "coordinates": [
          135.4550388,
          34.7823562
        ]
      },
      "id": "node/2086946335"
    },
    {
      "type": "Feature",
      "properties": {
        "@id": "node/2086946337",
        "highway": "crossing"
      },
      "geometry": {
        "type": "Point",
        "coordinates": [
          135.4552918,
          34.7823818
        ]
      },
      "id": "node/2086946337"
    },
    {
      "type": "Feature",
      "properties": {
        "@id": "node/2087023363",
        "highway": "crossing"
      },
      "geometry": {
        "type": "Point",
        "coordinates": [
          135.4784715,
          34.7868362
        ]
      },
      "id": "node/2087023363"
    },
    {
      "type": "Feature",
      "properties": {
        "@id": "node/2087023381",
        "highway": "crossing"
      },
      "geometry": {
        "type": "Point",
        "coordinates": [
          135.4787653,
          34.7869837
        ]
      },
      "id": "node/2087023381"
    },
    {
      "type": "Feature",
      "properties": {
        "@id": "node/2088102382",
        "highway": "crossing"
      },
      "geometry": {
        "type": "Point",
        "coordinates": [
          135.4352149,
          34.7825306
        ]
      },
      "id": "node/2088102382"
    },
    {
      "type": "Feature",
      "properties": {
        "@id": "node/2088250120",
        "highway": "crossing"
      },
      "geometry": {
        "type": "Point",
        "coordinates": [
          135.4402159,
          34.804765
        ]
      },
      "id": "node/2088250120"
    },
    {
      "type": "Feature",
      "properties": {
        "@id": "node/2088250139",
        "highway": "crossing"
      },
      "geometry": {
        "type": "Point",
        "coordinates": [
          135.440604,
          34.8049585
        ]
      },
      "id": "node/2088250139"
    },
    {
      "type": "Feature",
      "properties": {
        "@id": "node/2088250190",
        "highway": "traffic_signals",
        "traffic_signals": "signal"
      },
      "geometry": {
        "type": "Point",
        "coordinates": [
          135.4418974,
          34.805559
        ]
      },
      "id": "node/2088250190"
    },
    {
      "type": "Feature",
      "properties": {
        "@id": "node/2088250193",
        "button_operated": "yes",
        "crossing": "traffic_signals",
        "highway": "crossing"
      },
      "geometry": {
        "type": "Point",
        "coordinates": [
          135.441959,
          34.805589
        ]
      },
      "id": "node/2088250193"
    },
    {
      "type": "Feature",
      "properties": {
        "@id": "node/2135817073",
        "highway": "traffic_signals",
        "name": "上津島",
        "traffic_signals": "signal"
      },
      "geometry": {
        "type": "Point",
        "coordinates": [
          135.4618881,
          34.7578862
        ]
      },
      "id": "node/2135817073"
    },
    {
      "type": "Feature",
      "properties": {
        "@id": "node/2135817138",
        "highway": "traffic_signals"
      },
      "geometry": {
        "type": "Point",
        "coordinates": [
          135.464163,
          34.7821523
        ]
      },
      "id": "node/2135817138"
    },
    {
      "type": "Feature",
      "properties": {
        "@id": "node/2138658611",
        "highway": "crossing"
      },
      "geometry": {
        "type": "Point",
        "coordinates": [
          135.4636119,
          34.7992304
        ]
      },
      "id": "node/2138658611"
    },
    {
      "type": "Feature",
      "properties": {
        "@id": "node/2138658632",
        "highway": "crossing"
      },
      "geometry": {
        "type": "Point",
        "coordinates": [
          135.4634617,
          34.7993218
        ]
      },
      "id": "node/2138658632"
    },
    {
      "type": "Feature",
      "properties": {
        "@id": "node/2138658670",
        "highway": "crossing"
      },
      "geometry": {
        "type": "Point",
        "coordinates": [
          135.4633939,
          34.7996565
        ]
      },
      "id": "node/2138658670"
    },
    {
      "type": "Feature",
      "properties": {
        "@id": "node/2138658706",
        "highway": "crossing"
      },
      "geometry": {
        "type": "Point",
        "coordinates": [
          135.4482979,
          34.8006704
        ]
      },
      "id": "node/2138658706"
    },
    {
      "type": "Feature",
      "properties": {
        "@id": "node/2138658818",
        "button_operated": "no",
        "crossing:island": "no",
        "crossing:signals": "yes",
        "highway": "crossing",
        "tactile_paving": "no",
        "traffic_signals:sound": "no",
        "traffic_signals:vibration": "no"
      },
      "geometry": {
        "type": "Point",
        "coordinates": [
          135.4481505,
          34.8013881
        ]
      },
      "id": "node/2138658818"
    },
    {
      "type": "Feature",
      "properties": {
        "@id": "node/2138658847",
        "button_operated": "no",
        "crossing:island": "no",
        "crossing:signals": "yes",
        "highway": "crossing",
        "tactile_paving": "no",
        "traffic_signals:sound": "no",
        "traffic_signals:vibration": "no"
      },
      "geometry": {
        "type": "Point",
        "coordinates": [
          135.4481134,
          34.8015686
        ]
      },
      "id": "node/2138658847"
    },
    {
      "type": "Feature",
      "properties": {
        "@id": "node/2150073060",
        "crossing": "traffic_signals",
        "highway": "crossing"
      },
      "geometry": {
        "type": "Point",
        "coordinates": [
          135.4736588,
          34.7708298
        ]
      },
      "id": "node/2150073060"
    },
    {
      "type": "Feature",
      "properties": {
        "@id": "node/2190899582",
        "bus": "yes",
        "name": "中之島",
        "public_transport": "stop_position",
        "ref": "西行"
      },
      "geometry": {
        "type": "Point",
        "coordinates": [
          135.4415411,
          34.8053939
        ]
      },
      "id": "node/2190899582"
    },
    {
      "type": "Feature",
      "properties": {
        "@id": "node/2190899587",
        "bus": "yes",
        "highway": "bus_stop",
        "name": "半町",
        "name:en": "Hanjo",
        "public_transport": "stop_position",
        "ref": "東行"
      },
      "geometry": {
        "type": "Point",
        "coordinates": [
          135.457754,
          34.8130226
        ]
      },
      "id": "node/2190899587"
    },
    {
      "type": "Feature",
      "properties": {
        "@id": "node/2190899588",
        "bus": "yes",
        "highway": "bus_stop",
        "name": "国道石橋",
        "public_transport": "stop_position"
      },
      "geometry": {
        "type": "Point",
        "coordinates": [
          135.4481783,
          34.8075218
        ]
      },
      "id": "node/2190899588"
    },
    {
      "type": "Feature",
      "properties": {
        "@id": "node/2190899597",
        "bus": "yes",
        "highway": "bus_stop",
        "name": "瀬川",
        "public_transport": "stop_position",
        "ref": "東行"
      },
      "geometry": {
        "type": "Point",
        "coordinates": [
          135.453108,
          34.811439
        ]
      },
      "id": "node/2190899597"
    },
    {
      "type": "Feature",
      "properties": {
        "@id": "node/2190899598",
        "bus": "yes",
        "highway": "bus_stop",
        "name": "牧落",
        "public_transport": "stop_position",
        "ref": "東行"
      },
      "geometry": {
        "type": "Point",
        "coordinates": [
          135.4690886,
          34.8194814
        ]
      },
      "id": "node/2190899598"
    },
    {
      "type": "Feature",
      "properties": {
        "@id": "node/2290085919",
        "crossing": "traffic_signals",
        "highway": "crossing"
      },
      "geometry": {
        "type": "Point",
        "coordinates": [
          135.444469,
          34.8104179
        ]
      },
      "id": "node/2290085919"
    },
    {
      "type": "Feature",
      "properties": {
        "@id": "node/2290085941",
        "crossing": "traffic_signals",
        "highway": "crossing"
      },
      "geometry": {
        "type": "Point",
        "coordinates": [
          135.4440521,
          34.8107277
        ]
      },
      "id": "node/2290085941"
    },
    {
      "type": "Feature",
      "properties": {
        "@id": "node/2290085959",
        "button_operated": "no",
        "crossing": "traffic_signals",
        "crossing:island": "no",
        "highway": "crossing",
        "tactile_paving": "no",
        "traffic_signals:sound": "yes",
        "traffic_signals:vibration": "no"
      },
      "geometry": {
        "type": "Point",
        "coordinates": [
          135.4435692,
          34.8110586
        ]
      },
      "id": "node/2290085959"
    },
    {
      "type": "Feature",
      "properties": {
        "@id": "node/2290086001",
        "crossing": "traffic_signals",
        "highway": "crossing"
      },
      "geometry": {
        "type": "Point",
        "coordinates": [
          135.4413739,
          34.8126183
        ]
      },
      "id": "node/2290086001"
    },
    {
      "type": "Feature",
      "properties": {
        "@id": "node/2290086009",
        "crossing": "traffic_signals",
        "highway": "crossing"
      },
      "geometry": {
        "type": "Point",
        "coordinates": [
          135.441121,
          34.8127969
        ]
      },
      "id": "node/2290086009"
    },
    {
      "type": "Feature",
      "properties": {
        "@id": "node/2290086490",
        "highway": "traffic_signals",
        "name": "井口堂1",
        "name:en": "Iguchido 1",
        "name:ja": "井口堂1"
      },
      "geometry": {
        "type": "Point",
        "coordinates": [
          135.4423669,
          34.8119129
        ]
      },
      "id": "node/2290086490"
    },
    {
      "type": "Feature",
      "properties": {
        "@id": "node/2455836107",
        "highway": "traffic_signals",
        "name": "長興寺南"
      },
      "geometry": {
        "type": "Point",
        "coordinates": [
          135.4731589,
          34.7723495
        ]
      },
      "id": "node/2455836107"
    },
    {
      "type": "Feature",
      "properties": {
        "@id": "node/2483211556",
        "crossing": "traffic_signals",
        "highway": "crossing"
      },
      "geometry": {
        "type": "Point",
        "coordinates": [
          135.4645666,
          34.7862939
        ]
      },
      "id": "node/2483211556"
    },
    {
      "type": "Feature",
      "properties": {
        "@id": "node/2542617435",
        "bus": "yes",
        "highway": "bus_stop",
        "name": "北桜塚",
        "public_transport": "stop_position",
        "ref": "南行"
      },
      "geometry": {
        "type": "Point",
        "coordinates": [
          135.4664331,
          34.7847283
        ]
      },
      "id": "node/2542617435"
    },
    {
      "type": "Feature",
      "properties": {
        "@id": "node/2542617436",
        "bus": "yes",
        "highway": "bus_stop",
        "name": "宮山幼稚園前",
        "public_transport": "stop_position",
        "ref": "北行"
      },
      "geometry": {
        "type": "Point",
        "coordinates": [
          135.4643929,
          34.789818
        ]
      },
      "id": "node/2542617436"
    },
    {
      "type": "Feature",
      "properties": {
        "@id": "node/2542617437",
        "bus": "yes",
        "highway": "bus_stop",
        "name": "宮山幼稚園前",
        "public_transport": "stop_position",
        "ref": "北行"
      },
      "geometry": {
        "type": "Point",
        "coordinates": [
          135.4647218,
          34.7905803
        ]
      },
      "id": "node/2542617437"
    },
    {
      "type": "Feature",
      "properties": {
        "@id": "node/2544279928",
        "crossing": "traffic_signals",
        "highway": "crossing"
      },
      "geometry": {
        "type": "Point",
        "coordinates": [
          135.4952976,
          34.7976403
        ]
      },
      "id": "node/2544279928"
    },
    {
      "type": "Feature",
      "properties": {
        "@id": "node/2544279930",
        "crossing": "traffic_signals",
        "highway": "crossing"
      },
      "geometry": {
        "type": "Point",
        "coordinates": [
          135.4951151,
          34.7976843
        ]
      },
      "id": "node/2544279930"
    },
    {
      "type": "Feature",
      "properties": {
        "@id": "node/2544279940",
        "crossing": "traffic_signals",
        "highway": "crossing"
      },
      "geometry": {
        "type": "Point",
        "coordinates": [
          135.4951929,
          34.7978238
        ]
      },
      "id": "node/2544279940"
    },
    {
      "type": "Feature",
      "properties": {
        "@id": "node/2544279947",
        "crossing": "traffic_signals",
        "highway": "crossing"
      },
      "geometry": {
        "type": "Point",
        "coordinates": [
          135.4955641,
          34.7979476
        ]
      },
      "id": "node/2544279947"
    },
    {
      "type": "Feature",
      "properties": {
        "@id": "node/2544279955",
        "crossing": "traffic_signals",
        "highway": "crossing"
      },
      "geometry": {
        "type": "Point",
        "coordinates": [
          135.495564,
          34.7980878
        ]
      },
      "id": "node/2544279955"
    },
    {
      "type": "Feature",
      "properties": {
        "@id": "node/2544279957",
        "crossing": "traffic_signals",
        "highway": "crossing"
      },
      "geometry": {
        "type": "Point",
        "coordinates": [
          135.4954712,
          34.7981124
        ]
      },
      "id": "node/2544279957"
    },
    {
      "type": "Feature",
      "properties": {
        "@id": "node/2565909828",
        "bus": "yes",
        "highway": "bus_stop",
        "name": "井口堂",
        "public_transport": "stop_position",
        "ref": "東行"
      },
      "geometry": {
        "type": "Point",
        "coordinates": [
          135.4431407,
          34.8113665
        ]
      },
      "id": "node/2565909828"
    },
    {
      "type": "Feature",
      "properties": {
        "@id": "node/2570932974",
        "bus": "yes",
        "name": "豊中",
        "name:en": "Toyonaka",
        "name:ja": "豊中",
        "public_transport": "stop_position",
        "ref": "7"
      },
      "geometry": {
        "type": "Point",
        "coordinates": [
          135.4616125,
          34.7877735
        ]
      },
      "id": "node/2570932974"
    },
    {
      "type": "Feature",
      "properties": {
        "@id": "node/2576745783",
        "bus": "yes",
        "highway": "bus_stop",
        "name": "上野東三丁目",
        "public_transport": "stop_position",
        "ref": "北行"
      },
      "geometry": {
        "type": "Point",
        "coordinates": [
          135.4725459,
          34.7971471
        ]
      },
      "id": "node/2576745783"
    },
    {
      "type": "Feature",
      "properties": {
        "@id": "node/2576745784",
        "bus": "yes",
        "highway": "bus_stop",
        "name": "上野東三丁目",
        "public_transport": "stop_position",
        "ref": "南行"
      },
      "geometry": {
        "type": "Point",
        "coordinates": [
          135.4724726,
          34.7973881
        ]
      },
      "id": "node/2576745784"
    },
    {
      "type": "Feature",
      "properties": {
        "@id": "node/2576745785",
        "bus": "yes",
        "highway": "bus_stop",
        "name": "上野西三丁目",
        "public_transport": "stop_position",
        "ref": "南行"
      },
      "geometry": {
        "type": "Point",
        "coordinates": [
          135.4720084,
          34.7990062
        ]
      },
      "id": "node/2576745785"
    },
    {
      "type": "Feature",
      "properties": {
        "@id": "node/2576745786",
        "bus": "yes",
        "highway": "bus_stop",
        "name": "上野西三丁目",
        "public_transport": "stop_position",
        "ref": "北行"
      },
      "geometry": {
        "type": "Point",
        "coordinates": [
          135.4719022,
          34.7995711
        ]
      },
      "id": "node/2576745786"
    },
    {
      "type": "Feature",
      "properties": {
        "@id": "node/2576745787",
        "bus": "yes",
        "highway": "bus_stop",
        "name": "少路二丁目",
        "public_transport": "stop_position",
        "ref": "北行"
      },
      "geometry": {
        "type": "Point",
        "coordinates": [
          135.4713302,
          34.8052126
        ]
      },
      "id": "node/2576745787"
    },
    {
      "type": "Feature",
      "properties": {
        "@id": "node/2576745788",
        "bus": "yes",
        "highway": "bus_stop",
        "name": "少路二丁目",
        "public_transport": "stop_position",
        "ref": "南行"
      },
      "geometry": {
        "type": "Point",
        "coordinates": [
          135.4714236,
          34.8054434
        ]
      },
      "id": "node/2576745788"
    },
    {
      "type": "Feature",
      "properties": {
        "@id": "node/2576745798",
        "bus": "yes",
        "highway": "bus_stop",
        "name": "西緑丘",
        "public_transport": "stop_position",
        "ref": "北行"
      },
      "geometry": {
        "type": "Point",
        "coordinates": [
          135.4728235,
          34.8089663
        ]
      },
      "id": "node/2576745798"
    },
    {
      "type": "Feature",
      "properties": {
        "@id": "node/2576745799",
        "bus": "yes",
        "highway": "bus_stop",
        "name": "西緑丘",
        "public_transport": "stop_position",
        "ref": "南行"
      },
      "geometry": {
        "type": "Point",
        "coordinates": [
          135.4729358,
          34.8092532
        ]
      },
      "id": "node/2576745799"
    },
    {
      "type": "Feature",
      "properties": {
        "@id": "node/2576745802",
        "bus": "yes",
        "highway": "bus_stop",
        "name": "野畑小学校前",
        "public_transport": "stop_position",
        "ref": "北行"
      },
      "geometry": {
        "type": "Point",
        "coordinates": [
          135.4735482,
          34.8107635
        ]
      },
      "id": "node/2576745802"
    },
    {
      "type": "Feature",
      "properties": {
        "@id": "node/2576745803",
        "bus": "yes",
        "highway": "bus_stop",
        "name": "野畑小学校前",
        "public_transport": "stop_position",
        "ref": "南行"
      },
      "geometry": {
        "type": "Point",
        "coordinates": [
          135.4736893,
          34.8111395
        ]
      },
      "id": "node/2576745803"
    },
    {
      "type": "Feature",
      "properties": {
        "@id": "node/2576897396",
        "bus": "yes",
        "highway": "bus_stop",
        "name": "宮山",
        "public_transport": "stop_position",
        "ref": "北行"
      },
      "geometry": {
        "type": "Point",
        "coordinates": [
          135.4652932,
          34.8084121
        ]
      },
      "id": "node/2576897396"
    },
    {
      "type": "Feature",
      "properties": {
        "@id": "node/2576897400",
        "bus": "yes",
        "highway": "bus_stop",
        "name": "春日橋",
        "public_transport": "stop_position",
        "ref": "南行"
      },
      "geometry": {
        "type": "Point",
        "coordinates": [
          135.4643945,
          34.795273
        ]
      },
      "id": "node/2576897400"
    },
    {
      "type": "Feature",
      "properties": {
        "@id": "node/2576897405",
        "bus": "yes",
        "highway": "bus_stop",
        "name": "春日橋",
        "public_transport": "stop_position",
        "ref": "北行"
      },
      "geometry": {
        "type": "Point",
        "coordinates": [
          135.464276,
          34.7959252
        ]
      },
      "id": "node/2576897405"
    },
    {
      "type": "Feature",
      "properties": {
        "@id": "node/2576897409",
        "bus": "yes",
        "highway": "bus_stop",
        "name": "春日町二丁目",
        "public_transport": "stop_position",
        "ref": "南行"
      },
      "geometry": {
        "type": "Point",
        "coordinates": [
          135.466242,
          34.8099631
        ]
      },
      "id": "node/2576897409"
    },
    {
      "type": "Feature",
      "properties": {
        "@id": "node/2576897412",
        "bus": "yes",
        "highway": "bus_stop",
        "name": "春日町二丁目",
        "public_transport": "stop_position",
        "ref": "北行"
      },
      "geometry": {
        "type": "Point",
        "coordinates": [
          135.4668034,
          34.8107014
        ]
      },
      "id": "node/2576897412"
    },
    {
      "type": "Feature",
      "properties": {
        "@id": "node/2576897416",
        "bus": "yes",
        "highway": "bus_stop",
        "name": "柴原",
        "public_transport": "stop_position",
        "ref": "北行"
      },
      "geometry": {
        "type": "Point",
        "coordinates": [
          135.4632669,
          34.8012618
        ]
      },
      "id": "node/2576897416"
    },
    {
      "type": "Feature",
      "properties": {
        "@id": "node/2576897420",
        "bus": "yes",
        "highway": "bus_stop",
        "name": "柴原口",
        "public_transport": "stop_position",
        "ref": "北行"
      },
      "geometry": {
        "type": "Point",
        "coordinates": [
          135.4637474,
          34.7985464
        ]
      },
      "id": "node/2576897420"
    },
    {
      "type": "Feature",
      "properties": {
        "@id": "node/2576897424",
        "bus": "yes",
        "highway": "bus_stop",
        "name": "柴原口",
        "public_transport": "stop_position",
        "ref": "南行"
      },
      "geometry": {
        "type": "Point",
        "coordinates": [
          135.4636465,
          34.7990528
        ]
      },
      "id": "node/2576897424"
    },
    {
      "type": "Feature",
      "properties": {
        "@id": "node/2576897436",
        "bus": "yes",
        "highway": "bus_stop",
        "name": "桜井谷",
        "public_transport": "stop_position",
        "ref": "南行"
      },
      "geometry": {
        "type": "Point",
        "coordinates": [
          135.4641301,
          34.8043677
        ]
      },
      "id": "node/2576897436"
    },
    {
      "type": "Feature",
      "properties": {
        "@id": "node/2576897440",
        "bus": "yes",
        "highway": "bus_stop",
        "name": "豊中本町四丁目",
        "public_transport": "stop_position",
        "ref": "南行"
      },
      "geometry": {
        "type": "Point",
        "coordinates": [
          135.4649498,
          34.7924626
        ]
      },
      "id": "node/2576897440"
    },
    {
      "type": "Feature",
      "properties": {
        "@id": "node/2576897444",
        "bus": "yes",
        "highway": "bus_stop",
        "name": "豊中本町四丁目",
        "public_transport": "stop_position",
        "ref": "北行"
      },
      "geometry": {
        "type": "Point",
        "coordinates": [
          135.4648326,
          34.7931406
        ]
      },
      "id": "node/2576897444"
    },
    {
      "type": "Feature",
      "properties": {
        "@id": "node/2576897453",
        "bus": "yes",
        "highway": "bus_stop",
        "name": "野畑住宅前",
        "public_transport": "stop_position",
        "ref": "南行"
      },
      "geometry": {
        "type": "Point",
        "coordinates": [
          135.4704015,
          34.8147704
        ]
      },
      "id": "node/2576897453"
    },
    {
      "type": "Feature",
      "properties": {
        "@id": "node/2576897456",
        "bus": "yes",
        "highway": "bus_stop",
        "name": "野畑住宅前",
        "public_transport": "stop_position",
        "ref": "北行"
      },
      "geometry": {
        "type": "Point",
        "coordinates": [
          135.4705937,
          34.8149829
        ]
      },
      "id": "node/2576897456"
    },
    {
      "type": "Feature",
      "properties": {
        "@id": "node/2576953758",
        "bus": "yes",
        "name": "上天竺橋",
        "public_transport": "stop_position",
        "ref": "南行"
      },
      "geometry": {
        "type": "Point",
        "coordinates": [
          135.4927472,
          34.7959633
        ]
      },
      "id": "node/2576953758"
    },
    {
      "type": "Feature",
      "properties": {
        "@id": "node/2576953762",
        "bus": "yes",
        "name": "上天竺橋",
        "public_transport": "stop_position",
        "ref": "北行"
      },
      "geometry": {
        "type": "Point",
        "coordinates": [
          135.4931354,
          34.7962073
        ]
      },
      "id": "node/2576953762"
    },
    {
      "type": "Feature",
      "properties": {
        "@id": "node/2576953767",
        "bus": "yes",
        "name": "上新田",
        "public_transport": "stop_position",
        "ref": "南行"
      },
      "geometry": {
        "type": "Point",
        "coordinates": [
          135.4995027,
          34.8015483
        ]
      },
      "id": "node/2576953767"
    },
    {
      "type": "Feature",
      "properties": {
        "@id": "node/2576953771",
        "bus": "yes",
        "name": "上新田",
        "public_transport": "stop_position",
        "ref": "北行"
      },
      "geometry": {
        "type": "Point",
        "coordinates": [
          135.5000433,
          34.8020148
        ]
      },
      "id": "node/2576953771"
    },
    {
      "type": "Feature",
      "properties": {
        "@id": "node/2576953775",
        "bus": "yes",
        "name": "上新田住宅前",
        "public_transport": "stop_position",
        "ref": "南行"
      },
      "geometry": {
        "type": "Point",
        "coordinates": [
          135.4944303,
          34.7971307
        ]
      },
      "id": "node/2576953775"
    },
    {
      "type": "Feature",
      "properties": {
        "@id": "node/2576953780",
        "bus": "yes",
        "name": "上新田住宅前",
        "public_transport": "stop_position",
        "ref": "北行"
      },
      "geometry": {
        "type": "Point",
        "coordinates": [
          135.4948383,
          34.7974505
        ]
      },
      "id": "node/2576953780"
    },
    {
      "type": "Feature",
      "properties": {
        "@id": "node/2576953787",
        "bus": "yes",
        "name": "千里営業所前",
        "public_transport": "stop_position",
        "ref": "西行"
      },
      "geometry": {
        "type": "Point",
        "coordinates": [
          135.5068104,
          34.8054469
        ]
      },
      "id": "node/2576953787"
    },
    {
      "type": "Feature",
      "properties": {
        "@id": "node/2576953801",
        "bus": "yes",
        "name": "新田幼稚園前",
        "public_transport": "stop_position",
        "wheelchair": "yes"
      },
      "geometry": {
        "type": "Point",
        "coordinates": [
          135.4963975,
          34.7994239
        ]
      },
      "id": "node/2576953801"
    },
    {
      "type": "Feature",
      "properties": {
        "@id": "node/2576953816",
        "bus": "yes",
        "name": "津雲台七丁目",
        "public_transport": "stop_position",
        "ref": "西行"
      },
      "geometry": {
        "type": "Point",
        "coordinates": [
          135.5042124,
          34.8051297
        ]
      },
      "id": "node/2576953816"
    },
    {
      "type": "Feature",
      "properties": {
        "@id": "node/2577015054",
        "bus": "yes",
        "highway": "bus_stop",
        "name": "二之切",
        "public_transport": "stop_position",
        "ref": "北行"
      },
      "geometry": {
        "type": "Point",
        "coordinates": [
          135.4889972,
          34.7933579
        ]
      },
      "id": "node/2577015054"
    },
    {
      "type": "Feature",
      "properties": {
        "@id": "node/2577015055",
        "bus": "yes",
        "highway": "bus_stop",
        "name": "二之切",
        "public_transport": "stop_position",
        "ref": "南行"
      },
      "geometry": {
        "type": "Point",
        "coordinates": [
          135.4897647,
          34.7939788
        ]
      },
      "id": "node/2577015055"
    },
    {
      "type": "Feature",
      "properties": {
        "@id": "node/2577015060",
        "bus": "yes",
        "highway": "bus_stop",
        "name": "旭ヶ丘団地前",
        "public_transport": "stop_position",
        "ref": "西行"
      },
      "geometry": {
        "type": "Point",
        "coordinates": [
          135.4789424,
          34.7870687
        ]
      },
      "id": "node/2577015060"
    },
    {
      "type": "Feature",
      "properties": {
        "@id": "node/2577015061",
        "bus": "yes",
        "highway": "bus_stop",
        "name": "旭ヶ丘団地前",
        "public_transport": "stop_position",
        "ref": "東行"
      },
      "geometry": {
        "type": "Point",
        "coordinates": [
          135.4796969,
          34.7874121
        ]
      },
      "id": "node/2577015061"
    },
    {
      "type": "Feature",
      "properties": {
        "@id": "node/2577015064",
        "bus": "yes",
        "highway": "bus_stop",
        "name": "熊野町",
        "public_transport": "stop_position",
        "ref": "西行"
      },
      "geometry": {
        "type": "Point",
        "coordinates": [
          135.483103,
          34.7876376
        ]
      },
      "id": "node/2577015064"
    },
    {
      "type": "Feature",
      "properties": {
        "@id": "node/2577015065",
        "bus": "yes",
        "highway": "bus_stop",
        "name": "熊野町",
        "public_transport": "stop_position",
        "ref": "東行"
      },
      "geometry": {
        "type": "Point",
        "coordinates": [
          135.4818809,
          34.787723
        ]
      },
      "id": "node/2577015065"
    },
    {
      "type": "Feature",
      "properties": {
        "@id": "node/2577015068",
        "bus": "yes",
        "highway": "bus_stop",
        "name": "熊野町東",
        "public_transport": "stop_position",
        "ref": "北行"
      },
      "geometry": {
        "type": "Point",
        "coordinates": [
          135.486788,
          34.7902886
        ]
      },
      "id": "node/2577015068"
    },
    {
      "type": "Feature",
      "properties": {
        "@id": "node/2577015069",
        "bus": "yes",
        "highway": "bus_stop",
        "name": "熊野町東",
        "public_transport": "stop_position",
        "ref": "南行"
      },
      "geometry": {
        "type": "Point",
        "coordinates": [
          135.4869894,
          34.7907298
        ]
      },
      "id": "node/2577015069"
    },
    {
      "type": "Feature",
      "properties": {
        "@id": "node/2579004059",
        "bus": "yes",
        "highway": "bus_stop",
        "name": "克明小学校前",
        "public_transport": "stop_position",
        "ref": "西行"
      },
      "geometry": {
        "type": "Point",
        "coordinates": [
          135.4634854,
          34.7821183
        ]
      },
      "id": "node/2579004059"
    },
    {
      "type": "Feature",
      "properties": {
        "@id": "node/2579004060",
        "bus": "yes",
        "highway": "bus_stop",
        "name": "克明小学校前",
        "public_transport": "stop_position",
        "ref": "東行"
      },
      "geometry": {
        "type": "Point",
        "coordinates": [
          135.4646352,
          34.7821758
        ]
      },
      "id": "node/2579004060"
    },
    {
      "type": "Feature",
      "properties": {
        "@id": "node/2579004066",
        "bus": "yes",
        "name": "城山町",
        "public_transport": "stop_position",
        "ref": "北行"
      },
      "geometry": {
        "type": "Point",
        "coordinates": [
          135.473464,
          34.7714259
        ]
      },
      "id": "node/2579004066"
    },
    {
      "type": "Feature",
      "properties": {
        "@id": "node/2579004067",
        "bus": "yes",
        "name": "城山町",
        "public_transport": "stop_position",
        "ref": "南行"
      },
      "geometry": {
        "type": "Point",
        "coordinates": [
          135.4733976,
          34.771625
        ]
      },
      "id": "node/2579004067"
    },
    {
      "type": "Feature",
      "properties": {
        "@id": "node/2579004071",
        "bus": "yes",
        "highway": "bus_stop",
        "name": "桜塚高校前",
        "public_transport": "stop_position",
        "ref": "東行"
      },
      "geometry": {
        "type": "Point",
        "coordinates": [
          135.4710675,
          34.7834633
        ]
      },
      "id": "node/2579004071"
    },
    {
      "type": "Feature",
      "properties": {
        "@id": "node/2579004072",
        "bus": "yes",
        "highway": "bus_stop",
        "name": "桜塚高校前",
        "public_transport": "stop_position",
        "ref": "西行"
      },
      "geometry": {
        "type": "Point",
        "coordinates": [
          135.4713832,
          34.7835882
        ]
      },
      "id": "node/2579004072"
    },
    {
      "type": "Feature",
      "properties": {
        "@id": "node/2579004073",
        "bus": "yes",
        "highway": "bus_stop",
        "name": "熊野田小学校前",
        "public_transport": "stop_position",
        "ref": "西行"
      },
      "geometry": {
        "type": "Point",
        "coordinates": [
          135.4758435,
          34.7855832
        ]
      },
      "id": "node/2579004073"
    },
    {
      "type": "Feature",
      "properties": {
        "@id": "node/2579004074",
        "bus": "yes",
        "highway": "bus_stop",
        "name": "熊野田小学校前",
        "public_transport": "stop_position",
        "ref": "東行"
      },
      "geometry": {
        "type": "Point",
        "coordinates": [
          135.475882,
          34.7856013
        ]
      },
      "id": "node/2579004074"
    },
    {
      "type": "Feature",
      "properties": {
        "@id": "node/2579004075",
        "bus": "yes",
        "highway": "bus_stop",
        "name": "豊中三中前",
        "public_transport": "stop_position",
        "ref": "西行"
      },
      "geometry": {
        "type": "Point",
        "coordinates": [
          135.4737916,
          34.7845921
        ]
      },
      "id": "node/2579004075"
    },
    {
      "type": "Feature",
      "properties": {
        "@id": "node/2579004076",
        "bus": "yes",
        "highway": "bus_stop",
        "name": "豊中三中前",
        "public_transport": "stop_position",
        "ref": "東行"
      },
      "geometry": {
        "type": "Point",
        "coordinates": [
          135.4741932,
          34.7847927
        ]
      },
      "id": "node/2579004076"
    },
    {
      "type": "Feature",
      "properties": {
        "@id": "node/2579004077",
        "bus": "yes",
        "highway": "bus_stop",
        "name": "豊中市役所北",
        "public_transport": "stop_position",
        "ref": "東行"
      },
      "geometry": {
        "type": "Point",
        "coordinates": [
          135.4696037,
          34.7828979
        ]
      },
      "id": "node/2579004077"
    },
    {
      "type": "Feature",
      "properties": {
        "@id": "node/2579004078",
        "bus": "yes",
        "highway": "bus_stop",
        "name": "豊中市役所北",
        "public_transport": "stop_position",
        "ref": "西行"
      },
      "geometry": {
        "type": "Point",
        "coordinates": [
          135.4697565,
          34.7829604
        ]
      },
      "id": "node/2579004078"
    },
    {
      "type": "Feature",
      "properties": {
        "@id": "node/2586409757",
        "bus": "yes",
        "highway": "bus_stop",
        "name": "北桜塚",
        "public_transport": "stop_position",
        "ref": "北行"
      },
      "geometry": {
        "type": "Point",
        "coordinates": [
          135.4673029,
          34.7841981
        ]
      },
      "id": "node/2586409757"
    },
    {
      "type": "Feature",
      "properties": {
        "@id": "node/2586409758",
        "bus": "yes",
        "highway": "bus_stop",
        "name": "千里川",
        "public_transport": "stop_position",
        "ref": "北行"
      },
      "geometry": {
        "type": "Point",
        "coordinates": [
          135.4562171,
          34.789873
        ]
      },
      "id": "node/2586409758"
    },
    {
      "type": "Feature",
      "properties": {
        "@id": "node/2586409760",
        "bus": "yes",
        "name": "南桜塚一丁目",
        "public_transport": "stop_position",
        "ref": "北行"
      },
      "geometry": {
        "type": "Point",
        "coordinates": [
          135.4712813,
          34.7756483
        ]
      },
      "id": "node/2586409760"
    },
    {
      "type": "Feature",
      "properties": {
        "@id": "node/2586409761",
        "bus": "yes",
        "name": "南桜塚一丁目",
        "public_transport": "stop_position",
        "ref": "南行"
      },
      "geometry": {
        "type": "Point",
        "coordinates": [
          135.4708464,
          34.7764972
        ]
      },
      "id": "node/2586409761"
    },
    {
      "type": "Feature",
      "properties": {
        "@id": "node/2586409782",
        "bus": "yes",
        "name": "服部",
        "public_transport": "stop_position",
        "ref": "南行"
      },
      "geometry": {
        "type": "Point",
        "coordinates": [
          135.4765717,
          34.7641436
        ]
      },
      "id": "node/2586409782"
    },
    {
      "type": "Feature",
      "properties": {
        "@id": "node/2586409786",
        "bus": "yes",
        "name": "桜塚",
        "public_transport": "stop_position",
        "ref": "北行"
      },
      "geometry": {
        "type": "Point",
        "coordinates": [
          135.4690326,
          34.7818972
        ]
      },
      "id": "node/2586409786"
    },
    {
      "type": "Feature",
      "properties": {
        "@id": "node/2586409787",
        "bus": "yes",
        "highway": "bus_stop",
        "name": "桜塚",
        "public_transport": "stop_position",
        "ref": "南行"
      },
      "geometry": {
        "type": "Point",
        "coordinates": [
          135.4685222,
          34.7829387
        ]
      },
      "id": "node/2586409787"
    },
    {
      "type": "Feature",
      "properties": {
        "@id": "node/2586409792",
        "bus": "yes",
        "highway": "bus_stop",
        "name": "蛍池",
        "name:en": "Hotarugaike",
        "name:ja": "蛍池",
        "public_transport": "stop_position",
        "ref": "降り場"
      },
      "geometry": {
        "type": "Point",
        "coordinates": [
          135.4493226,
          34.7956659
        ]
      },
      "id": "node/2586409792"
    },
    {
      "type": "Feature",
      "properties": {
        "@id": "node/2586409799",
        "bus": "yes",
        "name": "豊中四中前",
        "public_transport": "stop_position",
        "ref": "南行"
      },
      "geometry": {
        "type": "Point",
        "coordinates": [
          135.4753821,
          34.7667374
        ]
      },
      "id": "node/2586409799"
    },
    {
      "type": "Feature",
      "properties": {
        "@id": "node/2586409800",
        "bus": "yes",
        "name": "豊中市役所前",
        "public_transport": "stop_position",
        "ref": "北行"
      },
      "geometry": {
        "type": "Point",
        "coordinates": [
          135.4697445,
          34.7804755
        ]
      },
      "id": "node/2586409800"
    },
    {
      "type": "Feature",
      "properties": {
        "@id": "node/2586527859",
        "bus": "yes",
        "highway": "bus_stop",
        "name": "伊丹スカイパーク・上須古",
        "public_transport": "stop_position",
        "ref": "西行"
      },
      "geometry": {
        "type": "Point",
        "coordinates": [
          135.4343164,
          34.7825593
        ]
      },
      "id": "node/2586527859"
    },
    {
      "type": "Feature",
      "properties": {
        "@id": "node/2586527864",
        "bus": "yes",
        "highway": "bus_stop",
        "name": "伊丹スカイパーク・上須古",
        "public_transport": "stop_position",
        "ref": "東行"
      },
      "geometry": {
        "type": "Point",
        "coordinates": [
          135.4343188,
          34.7826196
        ]
      },
      "id": "node/2586527864"
    },
    {
      "type": "Feature",
      "properties": {
        "@id": "node/2586527874",
        "bus": "yes",
        "name": "山ノ上",
        "public_transport": "stop_position"
      },
      "geometry": {
        "type": "Point",
        "coordinates": [
          135.4571086,
          34.7822386
        ]
      },
      "id": "node/2586527874"
    },
    {
      "type": "Feature",
      "properties": {
        "@id": "node/2586527883",
        "bus": "yes",
        "name": "岡町北",
        "public_transport": "stop_position",
        "ref": "西行"
      },
      "geometry": {
        "type": "Point",
        "coordinates": [
          135.4603412,
          34.7819968
        ]
      },
      "id": "node/2586527883"
    },
    {
      "type": "Feature",
      "properties": {
        "@id": "node/2586527891",
        "bus": "yes",
        "name": "岡町北",
        "public_transport": "stop_position",
        "ref": "東行"
      },
      "geometry": {
        "type": "Point",
        "coordinates": [
          135.4589624,
          34.7820407
        ]
      },
      "id": "node/2586527891"
    },
    {
      "type": "Feature",
      "properties": {
        "@id": "node/2586527899",
        "highway": "traffic_signals",
        "name": "桑津橋西詰"
      },
      "geometry": {
        "type": "Point",
        "coordinates": [
          135.424596,
          34.78297
        ]
      },
      "id": "node/2586527899"
    },
    {
      "type": "Feature",
      "properties": {
        "@id": "node/2586527917",
        "bus": "yes",
        "highway": "bus_stop",
        "name": "神津",
        "public_transport": "stop_position",
        "ref": "西行"
      },
      "geometry": {
        "type": "Point",
        "coordinates": [
          135.4320243,
          34.7826499
        ]
      },
      "id": "node/2586527917"
    },
    {
      "type": "Feature",
      "properties": {
        "@id": "node/2586527924",
        "bus": "yes",
        "highway": "bus_stop",
        "name": "神津",
        "public_transport": "stop_position",
        "ref": "東行"
      },
      "geometry": {
        "type": "Point",
        "coordinates": [
          135.4316883,
          34.7827411
        ]
      },
      "id": "node/2586527924"
    },
    {
      "type": "Feature",
      "properties": {
        "@id": "node/2586527932",
        "bus": "yes",
        "highway": "bus_stop",
        "name": "西桑津",
        "public_transport": "stop_position",
        "ref": "東行"
      },
      "geometry": {
        "type": "Point",
        "coordinates": [
          135.4294235,
          34.7828726
        ]
      },
      "id": "node/2586527932"
    },
    {
      "type": "Feature",
      "properties": {
        "@id": "node/2586527941",
        "bus": "yes",
        "highway": "bus_stop",
        "name": "走井",
        "public_transport": "stop_position"
      },
      "geometry": {
        "type": "Point",
        "coordinates": [
          135.4543441,
          34.782289
        ]
      },
      "id": "node/2586527941"
    },
    {
      "type": "Feature",
      "properties": {
        "@id": "node/2589815915",
        "highway": "crossing"
      },
      "geometry": {
        "type": "Point",
        "coordinates": [
          135.4586852,
          34.773136
        ]
      },
      "id": "node/2589815915"
    },
    {
      "type": "Feature",
      "properties": {
        "@id": "node/2589815918",
        "highway": "crossing"
      },
      "geometry": {
        "type": "Point",
        "coordinates": [
          135.4584036,
          34.773145
        ]
      },
      "id": "node/2589815918"
    },
    {
      "type": "Feature",
      "properties": {
        "@id": "node/2589815959",
        "highway": "crossing"
      },
      "geometry": {
        "type": "Point",
        "coordinates": [
          135.4581091,
          34.7751019
        ]
      },
      "id": "node/2589815959"
    },
    {
      "type": "Feature",
      "properties": {
        "@id": "node/2589815961",
        "highway": "crossing"
      },
      "geometry": {
        "type": "Point",
        "coordinates": [
          135.4578962,
          34.7751145
        ]
      },
      "id": "node/2589815961"
    },
    {
      "type": "Feature",
      "properties": {
        "@id": "node/2589815985",
        "highway": "crossing"
      },
      "geometry": {
        "type": "Point",
        "coordinates": [
          135.457868,
          34.7759792
        ]
      },
      "id": "node/2589815985"
    },
    {
      "type": "Feature",
      "properties": {
        "@id": "node/2589815989",
        "highway": "crossing"
      },
      "geometry": {
        "type": "Point",
        "coordinates": [
          135.4576304,
          34.7760595
        ]
      },
      "id": "node/2589815989"
    },
    {
      "type": "Feature",
      "properties": {
        "@id": "node/2589816002",
        "highway": "crossing"
      },
      "geometry": {
        "type": "Point",
        "coordinates": [
          135.4577844,
          34.7762691
        ]
      },
      "id": "node/2589816002"
    },
    {
      "type": "Feature",
      "properties": {
        "@id": "node/2589816006",
        "highway": "crossing"
      },
      "geometry": {
        "type": "Point",
        "coordinates": [
          135.4575652,
          34.7762901
        ]
      },
      "id": "node/2589816006"
    },
    {
      "type": "Feature",
      "properties": {
        "@id": "node/2599247599",
        "bus": "yes",
        "name": "服部",
        "public_transport": "stop_position",
        "ref": "北行"
      },
      "geometry": {
        "type": "Point",
        "coordinates": [
          135.4764506,
          34.7644129
        ]
      },
      "id": "node/2599247599"
    },
    {
      "type": "Feature",
      "properties": {
        "@id": "node/2599247603",
        "bus": "yes",
        "name": "豊中四中前",
        "public_transport": "stop_position",
        "ref": "北行"
      },
      "geometry": {
        "type": "Point",
        "coordinates": [
          135.4755934,
          34.7662878
        ]
      },
      "id": "node/2599247603"
    },
    {
      "type": "Feature",
      "properties": {
        "@id": "node/2609067901",
        "highway": "traffic_signals",
        "name": "半町4丁目",
        "name:en": "Hanjo 4"
      },
      "geometry": {
        "type": "Point",
        "coordinates": [
          135.4604247,
          34.8139725
        ]
      },
      "id": "node/2609067901"
    },
    {
      "type": "Feature",
      "properties": {
        "@id": "node/2609067918",
        "bus": "yes",
        "highway": "bus_stop",
        "name": "南桜井",
        "public_transport": "stop_position",
        "ref": "西行",
        "source": "survey"
      },
      "geometry": {
        "type": "Point",
        "coordinates": [
          135.4619262,
          34.8148432
        ]
      },
      "id": "node/2609067918"
    },
    {
      "type": "Feature",
      "properties": {
        "@id": "node/2609067919",
        "bus": "yes",
        "highway": "bus_stop",
        "name": "牧落",
        "public_transport": "stop_position",
        "ref": "西行"
      },
      "geometry": {
        "type": "Point",
        "coordinates": [
          135.4681841,
          34.8188988
        ]
      },
      "id": "node/2609067919"
    },
    {
      "type": "Feature",
      "properties": {
        "@id": "node/2620789375",
        "highway": "crossing"
      },
      "geometry": {
        "type": "Point",
        "coordinates": [
          135.4971545,
          34.7926897
        ]
      },
      "id": "node/2620789375"
    },
    {
      "type": "Feature",
      "properties": {
        "@id": "node/2620789379",
        "highway": "crossing"
      },
      "geometry": {
        "type": "Point",
        "coordinates": [
          135.4976276,
          34.7927352
        ]
      },
      "id": "node/2620789379"
    },
    {
      "type": "Feature",
      "properties": {
        "@id": "node/2620789401",
        "highway": "crossing"
      },
      "geometry": {
        "type": "Point",
        "coordinates": [
          135.4971314,
          34.7928581
        ]
      },
      "id": "node/2620789401"
    },
    {
      "type": "Feature",
      "properties": {
        "@id": "node/2620789428",
        "highway": "crossing"
      },
      "geometry": {
        "type": "Point",
        "coordinates": [
          135.4976021,
          34.7929024
        ]
      },
      "id": "node/2620789428"
    },
    {
      "type": "Feature",
      "properties": {
        "@id": "node/2620789883",
        "crossing": "zebra",
        "highway": "crossing"
      },
      "geometry": {
        "type": "Point",
        "coordinates": [
          135.5149961,
          34.805539
        ]
      },
      "id": "node/2620789883"
    },
    {
      "type": "Feature",
      "properties": {
        "@id": "node/2620789885",
        "crossing": "zebra",
        "highway": "crossing"
      },
      "geometry": {
        "type": "Point",
        "coordinates": [
          135.514721,
          34.8055661
        ]
      },
      "id": "node/2620789885"
    },
    {
      "type": "Feature",
      "properties": {
        "@id": "node/2620789908",
        "highway": "crossing"
      },
      "geometry": {
        "type": "Point",
        "coordinates": [
          135.5116786,
          34.8058801
        ]
      },
      "id": "node/2620789908"
    },
    {
      "type": "Feature",
      "properties": {
        "@id": "node/2620790072",
        "bus": "yes",
        "name": "山田弘済院",
        "public_transport": "stop_position",
        "ref": "東行"
      },
      "geometry": {
        "type": "Point",
        "coordinates": [
          135.5125074,
          34.8058015
        ]
      },
      "id": "node/2620790072"
    },
    {
      "type": "Feature",
      "properties": {
        "@id": "node/2620790073",
        "bus": "yes",
        "name": "山田弘済院",
        "public_transport": "stop_position",
        "ref": "西行"
      },
      "geometry": {
        "type": "Point",
        "coordinates": [
          135.5114651,
          34.8058986
        ]
      },
      "id": "node/2620790073"
    },
    {
      "type": "Feature",
      "properties": {
        "@id": "node/2636724250",
        "bus": "yes",
        "highway": "bus_stop",
        "name": "ダイハツ本社前",
        "public_transport": "stop_position",
        "ref": "南行"
      },
      "geometry": {
        "type": "Point",
        "coordinates": [
          135.4312277,
          34.8041157
        ]
      },
      "id": "node/2636724250"
    },
    {
      "type": "Feature",
      "properties": {
        "@id": "node/2636724396",
        "bus": "yes",
        "name": "北今在家",
        "public_transport": "stop_position",
        "ref": "東行"
      },
      "geometry": {
        "type": "Point",
        "coordinates": [
          135.4360931,
          34.8028043
        ]
      },
      "id": "node/2636724396"
    },
    {
      "type": "Feature",
      "properties": {
        "@id": "node/2636724404",
        "bus": "yes",
        "name": "北今在家",
        "public_transport": "stop_position",
        "ref": "西行"
      },
      "geometry": {
        "type": "Point",
        "coordinates": [
          135.4363103,
          34.8029056
        ]
      },
      "id": "node/2636724404"
    },
    {
      "type": "Feature",
      "properties": {
        "@id": "node/2636724412",
        "bus": "yes",
        "highway": "bus_stop",
        "name": "北豊島中学校前",
        "public_transport": "stop_position",
        "ref": "2"
      },
      "geometry": {
        "type": "Point",
        "coordinates": [
          135.431303,
          34.807859
        ]
      },
      "id": "node/2636724412"
    },
    {
      "type": "Feature",
      "properties": {
        "@id": "node/2636724420",
        "bus": "yes",
        "highway": "bus_stop",
        "name": "北豊島中学校前",
        "public_transport": "stop_position",
        "ref": "1"
      },
      "geometry": {
        "type": "Point",
        "coordinates": [
          135.4313957,
          34.8078612
        ]
      },
      "id": "node/2636724420"
    },
    {
      "type": "Feature",
      "properties": {
        "@id": "node/2636724441",
        "bus": "yes",
        "name": "北轟木",
        "public_transport": "stop_position",
        "ref": "東行"
      },
      "geometry": {
        "type": "Point",
        "coordinates": [
          135.437952,
          34.8036865
        ]
      },
      "id": "node/2636724441"
    },
    {
      "type": "Feature",
      "properties": {
        "@id": "node/2636724448",
        "bus": "yes",
        "name": "北轟木",
        "public_transport": "stop_position",
        "ref": "西行"
      },
      "geometry": {
        "type": "Point",
        "coordinates": [
          135.4382424,
          34.8038266
        ]
      },
      "id": "node/2636724448"
    },
    {
      "type": "Feature",
      "properties": {
        "@id": "node/2636724471",
        "bus": "yes",
        "highway": "bus_stop",
        "name": "尊鉢",
        "public_transport": "stop_position",
        "ref": "南行"
      },
      "geometry": {
        "type": "Point",
        "coordinates": [
          135.4381982,
          34.8148639
        ]
      },
      "id": "node/2636724471"
    },
    {
      "type": "Feature",
      "properties": {
        "@id": "node/2636724477",
        "bus": "yes",
        "highway": "bus_stop",
        "name": "尊鉢",
        "public_transport": "stop_position",
        "ref": "北行"
      },
      "geometry": {
        "type": "Point",
        "coordinates": [
          135.4376755,
          34.8152372
        ]
      },
      "id": "node/2636724477"
    },
    {
      "type": "Feature",
      "properties": {
        "@id": "node/2636724605",
        "bus": "yes",
        "highway": "bus_stop",
        "name": "荘園口",
        "public_transport": "stop_position",
        "ref": "南行"
      },
      "geometry": {
        "type": "Point",
        "coordinates": [
          135.4404598,
          34.813265
        ]
      },
      "id": "node/2636724605"
    },
    {
      "type": "Feature",
      "properties": {
        "@id": "node/2636724609",
        "bus": "yes",
        "highway": "bus_stop",
        "name": "荘園口",
        "public_transport": "stop_position",
        "ref": "北行"
      },
      "geometry": {
        "type": "Point",
        "coordinates": [
          135.439665,
          34.8138313
        ]
      },
      "id": "node/2636724609"
    },
    {
      "type": "Feature",
      "properties": {
        "@id": "node/2637712167",
        "bus": "yes",
        "highway": "bus_stop",
        "name": "八王子二丁目",
        "public_transport": "stop_position",
        "ref": "北行"
      },
      "geometry": {
        "type": "Point",
        "coordinates": [
          135.4313686,
          34.8102184
        ]
      },
      "id": "node/2637712167"
    },
    {
      "type": "Feature",
      "properties": {
        "@id": "node/2637712168",
        "bus": "yes",
        "highway": "bus_stop",
        "name": "八王子二丁目",
        "public_transport": "stop_position",
        "ref": "南行"
      },
      "geometry": {
        "type": "Point",
        "coordinates": [
          135.4315459,
          34.8104195
        ]
      },
      "id": "node/2637712168"
    },
    {
      "type": "Feature",
      "properties": {
        "@id": "node/2638189252",
        "button_operated": "no",
        "crossing": "traffic_signals",
        "crossing:island": "no",
        "highway": "crossing",
        "tactile_paving": "no",
        "traffic_signals:sound": "no",
        "traffic_signals:vibration": "no"
      },
      "geometry": {
        "type": "Point",
        "coordinates": [
          135.4029515,
          34.7871307
        ]
      },
      "id": "node/2638189252"
    },
    {
      "type": "Feature",
      "properties": {
        "@id": "node/2638189253",
        "button_operated": "no",
        "crossing": "traffic_signals",
        "crossing:island": "no",
        "highway": "crossing",
        "tactile_paving": "no",
        "traffic_signals:sound": "no",
        "traffic_signals:vibration": "no"
      },
      "geometry": {
        "type": "Point",
        "coordinates": [
          135.4032243,
          34.7873758
        ]
      },
      "id": "node/2638189253"
    },
    {
      "type": "Feature",
      "properties": {
        "@id": "node/2689170532",
        "crossing": "marked",
        "was:highway": "crossing"
      },
      "geometry": {
        "type": "Point",
        "coordinates": [
          135.4177395,
          34.7828397
        ]
      },
      "id": "node/2689170532"
    },
    {
      "type": "Feature",
      "properties": {
        "@id": "node/2689170605",
        "crossing": "marked",
        "highway": "crossing"
      },
      "geometry": {
        "type": "Point",
        "coordinates": [
          135.4172102,
          34.7863704
        ]
      },
      "id": "node/2689170605"
    },
    {
      "type": "Feature",
      "properties": {
        "@id": "node/2689170615",
        "crossing": "marked",
        "highway": "crossing"
      },
      "geometry": {
        "type": "Point",
        "coordinates": [
          135.4170772,
          34.7867031
        ]
      },
      "id": "node/2689170615"
    },
    {
      "type": "Feature",
      "properties": {
        "@id": "node/2689170831",
        "bus": "yes",
        "highway": "bus_stop",
        "name": "辻村",
        "public_transport": "stop_position",
        "ref": "南行"
      },
      "geometry": {
        "type": "Point",
        "coordinates": [
          135.416822,
          34.7917541
        ]
      },
      "id": "node/2689170831"
    },
    {
      "type": "Feature",
      "properties": {
        "@id": "node/2741483650",
        "bus": "yes",
        "highway": "bus_stop",
        "name": "JR伊丹",
        "public_transport": "stop_position",
        "ref": "北行",
        "ref_1": "6"
      },
      "geometry": {
        "type": "Point",
        "coordinates": [
          135.4213464,
          34.7806161
        ]
      },
      "id": "node/2741483650"
    },
    {
      "type": "Feature",
      "properties": {
        "@id": "node/2829075435",
        "highway": "traffic_signals",
        "name": "鶴田団地前",
        "traffic_signals": "signal"
      },
      "geometry": {
        "type": "Point",
        "coordinates": [
          135.3898843,
          34.8102867
        ]
      },
      "id": "node/2829075435"
    },
    {
      "type": "Feature",
      "properties": {
        "@id": "node/2893318425",
        "highway": "traffic_signals"
      },
      "geometry": {
        "type": "Point",
        "coordinates": [
          135.4970989,
          34.78606
        ]
      },
      "id": "node/2893318425"
    },
    {
      "type": "Feature",
      "properties": {
        "@id": "node/2905343427",
        "highway": "traffic_signals",
        "name": "蛍池南町3丁目",
        "name:en": "Hotarugaikeminamimachi 3 shome"
      },
      "geometry": {
        "type": "Point",
        "coordinates": [
          135.447601,
          34.7894313
        ]
      },
      "id": "node/2905343427"
    },
    {
      "type": "Feature",
      "properties": {
        "@id": "node/3006455237",
        "junction": "yes",
        "name": "豊中本町",
        "name:en": "Toyonakahonmachi",
        "name:ja": "豊中本町"
      },
      "geometry": {
        "type": "Point",
        "coordinates": [
          135.4624443,
          34.7874796
        ]
      },
      "id": "node/3006455237"
    },
    {
      "type": "Feature",
      "properties": {
        "@id": "node/3086121783",
        "bicycle": "yes",
        "button_operated": "no",
        "crossing": "traffic_signals",
        "highway": "crossing",
        "tactile_paving": "no",
        "traffic_signals:sound": "no",
        "traffic_signals:vibration": "no"
      },
      "geometry": {
        "type": "Point",
        "coordinates": [
          135.4203487,
          34.7662828
        ]
      },
      "id": "node/3086121783"
    },
    {
      "type": "Feature",
      "properties": {
        "@id": "node/3086121784",
        "bicycle": "yes",
        "button_operated": "no",
        "crossing": "traffic_signals",
        "highway": "crossing",
        "tactile_paving": "no",
        "traffic_signals:sound": "no",
        "traffic_signals:vibration": "no"
      },
      "geometry": {
        "type": "Point",
        "coordinates": [
          135.4202534,
          34.7662822
        ]
      },
      "id": "node/3086121784"
    },
    {
      "type": "Feature",
      "properties": {
        "@id": "node/3295796545",
        "highway": "traffic_signals",
        "name": "蛍池南町3丁目",
        "name:en": "Hotarugaikeminamimachi 3 shome"
      },
      "geometry": {
        "type": "Point",
        "coordinates": [
          135.4471173,
          34.7895743
        ]
      },
      "id": "node/3295796545"
    },
    {
      "type": "Feature",
      "properties": {
        "@id": "node/3777141620",
        "highway": "traffic_signals",
        "name": "弘済院東",
        "name:ja": "弘済院東",
        "source": "Bing 2010"
      },
      "geometry": {
        "type": "Point",
        "coordinates": [
          135.5149156,
          34.8055571
        ]
      },
      "id": "node/3777141620"
    },
    {
      "type": "Feature",
      "properties": {
        "@id": "node/3839568569",
        "emergency": "phone",
        "highway": "emergency_bay"
      },
      "geometry": {
        "type": "Point",
        "coordinates": [
          135.4620902,
          34.7995693
        ]
      },
      "id": "node/3839568569"
    },
    {
      "type": "Feature",
      "properties": {
        "@id": "node/3839568663",
        "barrier": "toll_booth",
        "name": "大阪空港料金所",
        "name:en": "Osaka Airport",
        "name:ja": "大阪空港"
      },
      "geometry": {
        "type": "Point",
        "coordinates": [
          135.4517419,
          34.7842258
        ]
      },
      "id": "node/3839568663"
    },
    {
      "type": "Feature",
      "properties": {
        "@id": "node/3839833061",
        "crossing": "uncontrolled",
        "crossing:markings": "yes",
        "highway": "crossing"
      },
      "geometry": {
        "type": "Point",
        "coordinates": [
          135.471383,
          34.8026113
        ]
      },
      "id": "node/3839833061"
    },
    {
      "type": "Feature",
      "properties": {
        "@id": "node/4783886364",
        "name": "伊丹病院住友前",
        "operator": "伊丹市交通局",
        "public_transport": "stop_position"
      },
      "geometry": {
        "type": "Point",
        "coordinates": [
          135.3972506,
          34.7825087
        ]
      },
      "id": "node/4783886364"
    },
    {
      "type": "Feature",
      "properties": {
        "@id": "node/4783886367",
        "name": "三師団交通局前",
        "operator": "伊丹市交通局",
        "public_transport": "stop_position"
      },
      "geometry": {
        "type": "Point",
        "coordinates": [
          135.40279,
          34.7869881
        ]
      },
      "id": "node/4783886367"
    },
    {
      "type": "Feature",
      "properties": {
        "@id": "node/4783886370",
        "name": "三師団交通局前",
        "operator": "伊丹市交通局",
        "public_transport": "stop_position"
      },
      "geometry": {
        "type": "Point",
        "coordinates": [
          135.4034713,
          34.7875803
        ]
      },
      "id": "node/4783886370"
    },
    {
      "type": "Feature",
      "properties": {
        "@id": "node/4787738590",
        "bus": "yes",
        "name": "蛍池西町",
        "name:en": "Hotarugaike-nishimachi",
        "name:ja": "蛍池西町",
        "operator": "伊丹市交通局",
        "public_transport": "stop_position"
      },
      "geometry": {
        "type": "Point",
        "coordinates": [
          135.4447711,
          34.7927286
        ]
      },
      "id": "node/4787738590"
    },
    {
      "type": "Feature",
      "properties": {
        "@id": "node/4787738592",
        "bus": "yes",
        "name": "箕輪",
        "name:en": "Minowa",
        "name:ja": "箕輪",
        "operator": "伊丹市交通局",
        "public_transport": "stop_position"
      },
      "geometry": {
        "type": "Point",
        "coordinates": [
          135.4505809,
          34.7857128
        ]
      },
      "id": "node/4787738592"
    },
    {
      "type": "Feature",
      "properties": {
        "@id": "node/4788302167",
        "bus": "yes",
        "highway": "bus_stop",
        "name": "本町",
        "operator": "伊丹市交通局",
        "public_transport": "stop_position"
      },
      "geometry": {
        "type": "Point",
        "coordinates": [
          135.4185277,
          34.78303
        ]
      },
      "id": "node/4788302167"
    },
    {
      "type": "Feature",
      "properties": {
        "@id": "node/4788302173",
        "bus": "yes",
        "highway": "bus_stop",
        "name": "下河原",
        "operator": "伊丹市交通局",
        "public_transport": "platform",
        "stop": "stop_exit_only"
      },
      "geometry": {
        "type": "Point",
        "coordinates": [
          135.4268703,
          34.7998479
        ]
      },
      "id": "node/4788302173"
    },
    {
      "type": "Feature",
      "properties": {
        "@id": "node/4810698002",
        "highway": "traffic_signals",
        "traffic_signals": "signal"
      },
      "geometry": {
        "type": "Point",
        "coordinates": [
          135.4300153,
          34.8003491
        ]
      },
      "id": "node/4810698002"
    },
    {
      "type": "Feature",
      "properties": {
        "@id": "node/4814444372",
        "highway": "traffic_signals",
        "name": "新千里東町1丁目",
        "name:ja": "新千里東町1丁目",
        "source": "Bing 2010"
      },
      "geometry": {
        "type": "Point",
        "coordinates": [
          135.4936791,
          34.8124622
        ]
      },
      "id": "node/4814444372"
    },
    {
      "type": "Feature",
      "properties": {
        "@id": "node/4880926732",
        "crossing": "traffic_signals",
        "highway": "traffic_signals",
        "name": "江坂町東",
        "name:en": "Esakacho East"
      },
      "geometry": {
        "type": "Point",
        "coordinates": [
          135.4977259,
          34.7642475
        ]
      },
      "id": "node/4880926732"
    },
    {
      "type": "Feature",
      "properties": {
        "@id": "node/4881036477",
        "crossing": "traffic_signals",
        "highway": "traffic_signals",
        "name": "江坂町西",
        "name:en": "Esakacho West"
      },
      "geometry": {
        "type": "Point",
        "coordinates": [
          135.4972978,
          34.7642704
        ]
      },
      "id": "node/4881036477"
    },
    {
      "type": "Feature",
      "properties": {
        "@id": "node/4881036480",
        "highway": "traffic_signals",
        "name": "江坂駅前"
      },
      "geometry": {
        "type": "Point",
        "coordinates": [
          135.4969649,
          34.7598385
        ]
      },
      "id": "node/4881036480"
    },
    {
      "type": "Feature",
      "properties": {
        "@id": "node/4881036483",
        "highway": "traffic_signals"
      },
      "geometry": {
        "type": "Point",
        "coordinates": [
          135.4965918,
          34.7546093
        ]
      },
      "id": "node/4881036483"
    },
    {
      "type": "Feature",
      "properties": {
        "@id": "node/4881036484",
        "highway": "traffic_signals",
        "name": "広芝町"
      },
      "geometry": {
        "type": "Point",
        "coordinates": [
          135.4967936,
          34.7575735
        ]
      },
      "id": "node/4881036484"
    },
    {
      "type": "Feature",
      "properties": {
        "@id": "node/4881036497",
        "crossing": "traffic_signals",
        "highway": "traffic_signals"
      },
      "geometry": {
        "type": "Point",
        "coordinates": [
          135.4971339,
          34.7619759
        ]
      },
      "id": "node/4881036497"
    },
    {
      "type": "Feature",
      "properties": {
        "@id": "node/4881036512",
        "highway": "traffic_signals"
      },
      "geometry": {
        "type": "Point",
        "coordinates": [
          135.4967067,
          34.7561069
        ]
      },
      "id": "node/4881036512"
    },
    {
      "type": "Feature",
      "properties": {
        "@id": "node/4889547367",
        "highway": "traffic_signals"
      },
      "geometry": {
        "type": "Point",
        "coordinates": [
          135.5162298,
          34.805538
        ]
      },
      "id": "node/4889547367"
    },
    {
      "type": "Feature",
      "properties": {
        "@id": "node/4908243730",
        "highway": "traffic_signals",
        "name": "新千里東町1丁目",
        "name:ja": "新千里東町1丁目",
        "source": "Bing 2010"
      },
      "geometry": {
        "type": "Point",
        "coordinates": [
          135.493295,
          34.8124286
        ]
      },
      "id": "node/4908243730"
    },
    {
      "type": "Feature",
      "properties": {
        "@id": "node/4948845203",
        "crossing": "traffic_signals",
        "highway": "crossing"
      },
      "geometry": {
        "type": "Point",
        "coordinates": [
          135.463287,
          34.7872367
        ]
      },
      "id": "node/4948845203"
    },
    {
      "type": "Feature",
      "properties": {
        "@id": "node/4975249605",
        "crossing": "traffic_signals",
        "crossing:island": "no",
        "highway": "crossing"
      },
      "geometry": {
        "type": "Point",
        "coordinates": [
          135.418152,
          34.7799456
        ]
      },
      "id": "node/4975249605"
    },
    {
      "type": "Feature",
      "properties": {
        "@id": "node/4975249770",
        "crossing": "traffic_signals",
        "highway": "crossing"
      },
      "geometry": {
        "type": "Point",
        "coordinates": [
          135.4179641,
          34.7798161
        ]
      },
      "id": "node/4975249770"
    },
    {
      "type": "Feature",
      "properties": {
        "@id": "node/4975249772",
        "crossing": "traffic_signals",
        "highway": "crossing"
      },
      "geometry": {
        "type": "Point",
        "coordinates": [
          135.418023,
          34.7800495
        ]
      },
      "id": "node/4975249772"
    },
    {
      "type": "Feature",
      "properties": {
        "@id": "node/4975249773",
        "crossing": "traffic_signals",
        "highway": "crossing"
      },
      "geometry": {
        "type": "Point",
        "coordinates": [
          135.4179229,
          34.7800394
        ]
      },
      "id": "node/4975249773"
    },
    {
      "type": "Feature",
      "properties": {
        "@id": "node/4985195717",
        "crossing": "marked",
        "highway": "crossing"
      },
      "geometry": {
        "type": "Point",
        "coordinates": [
          135.4210077,
          34.7799139
        ]
      },
      "id": "node/4985195717"
    },
    {
      "type": "Feature",
      "properties": {
        "@id": "node/5272106170",
        "button_operated": "no",
        "crossing": "traffic_signals",
        "crossing:island": "no",
        "highway": "crossing",
        "tactile_paving": "no",
        "traffic_signals:sound": "no",
        "traffic_signals:vibration": "no"
      },
      "geometry": {
        "type": "Point",
        "coordinates": [
          135.4472866,
          34.8068382
        ]
      },
      "id": "node/5272106170"
    },
    {
      "type": "Feature",
      "properties": {
        "@id": "node/5272106171",
        "button_operated": "no",
        "crossing": "traffic_signals",
        "crossing:island": "no",
        "highway": "crossing",
        "tactile_paving": "yes",
        "traffic_signals:sound": "no",
        "traffic_signals:vibration": "no"
      },
      "geometry": {
        "type": "Point",
        "coordinates": [
          135.4473891,
          34.806928
        ]
      },
      "id": "node/5272106171"
    },
    {
      "type": "Feature",
      "properties": {
        "@id": "node/5272106172",
        "button_operated": "no",
        "crossing": "traffic_signals",
        "crossing:island": "no",
        "highway": "crossing",
        "tactile_paving": "no",
        "traffic_signals:sound": "no",
        "traffic_signals:vibration": "no"
      },
      "geometry": {
        "type": "Point",
        "coordinates": [
          135.4472497,
          34.8070232
        ]
      },
      "id": "node/5272106172"
    },
    {
      "type": "Feature",
      "properties": {
        "@id": "node/5272106370",
        "highway": "traffic_signals",
        "name": "井口堂",
        "name:en": "Iguchido",
        "name:ja": "井口堂"
      },
      "geometry": {
        "type": "Point",
        "coordinates": [
          135.4443137,
          34.8105377
        ]
      },
      "id": "node/5272106370"
    },
    {
      "type": "Feature",
      "properties": {
        "@id": "node/5274386526",
        "highway": "traffic_signals",
        "name": "井口堂",
        "name:en": "Iguchido",
        "name:ja": "井口堂"
      },
      "geometry": {
        "type": "Point",
        "coordinates": [
          135.444072,
          34.8107139
        ]
      },
      "id": "node/5274386526"
    },
    {
      "type": "Feature",
      "properties": {
        "@id": "node/5296639643",
        "crossing": "traffic_signals",
        "highway": "crossing"
      },
      "geometry": {
        "type": "Point",
        "coordinates": [
          135.4385481,
          34.8108978
        ]
      },
      "id": "node/5296639643"
    },
    {
      "type": "Feature",
      "properties": {
        "@id": "node/5296639644",
        "crossing": "traffic_signals",
        "highway": "crossing"
      },
      "geometry": {
        "type": "Point",
        "coordinates": [
          135.438548,
          34.8109683
        ]
      },
      "id": "node/5296639644"
    },
    {
      "type": "Feature",
      "properties": {
        "@id": "node/5327047644",
        "crossing": "traffic_signals",
        "highway": "crossing"
      },
      "geometry": {
        "type": "Point",
        "coordinates": [
          135.5030932,
          34.8048864
        ]
      },
      "id": "node/5327047644"
    },
    {
      "type": "Feature",
      "properties": {
        "@id": "node/5327047647",
        "crossing": "traffic_signals",
        "highway": "crossing"
      },
      "geometry": {
        "type": "Point",
        "coordinates": [
          135.5038138,
          34.8050534
        ]
      },
      "id": "node/5327047647"
    },
    {
      "type": "Feature",
      "properties": {
        "@id": "node/5365353520",
        "emergency": "phone",
        "highway": "emergency_bay"
      },
      "geometry": {
        "type": "Point",
        "coordinates": [
          135.4140014,
          34.8110613
        ]
      },
      "id": "node/5365353520"
    },
    {
      "type": "Feature",
      "properties": {
        "@id": "node/5369150110",
        "crossing": "traffic_signals",
        "crossing:island": "no",
        "highway": "crossing",
        "tactile_paving": "yes",
        "traffic_signals:vibration": "no"
      },
      "geometry": {
        "type": "Point",
        "coordinates": [
          135.4355067,
          34.8166565
        ]
      },
      "id": "node/5369150110"
    },
    {
      "type": "Feature",
      "properties": {
        "@id": "node/5369150350",
        "crossing": "traffic_signals",
        "highway": "crossing"
      },
      "geometry": {
        "type": "Point",
        "coordinates": [
          135.4403075,
          34.8133679
        ]
      },
      "id": "node/5369150350"
    },
    {
      "type": "Feature",
      "properties": {
        "@id": "node/5369150351",
        "crossing": "traffic_signals",
        "highway": "crossing"
      },
      "geometry": {
        "type": "Point",
        "coordinates": [
          135.4401522,
          34.8134774
        ]
      },
      "id": "node/5369150351"
    },
    {
      "type": "Feature",
      "properties": {
        "@id": "node/5369150352",
        "crossing": "traffic_signals",
        "highway": "crossing"
      },
      "geometry": {
        "type": "Point",
        "coordinates": [
          135.4380318,
          34.8149827
        ]
      },
      "id": "node/5369150352"
    },
    {
      "type": "Feature",
      "properties": {
        "@id": "node/5369150353",
        "crossing": "traffic_signals",
        "highway": "crossing"
      },
      "geometry": {
        "type": "Point",
        "coordinates": [
          135.4378691,
          34.8150987
        ]
      },
      "id": "node/5369150353"
    },
    {
      "type": "Feature",
      "properties": {
        "@id": "node/5369150355",
        "crossing": "traffic_signals",
        "highway": "crossing"
      },
      "geometry": {
        "type": "Point",
        "coordinates": [
          135.4375883,
          34.8152991
        ]
      },
      "id": "node/5369150355"
    },
    {
      "type": "Feature",
      "properties": {
        "@id": "node/5369150356",
        "crossing": "traffic_signals",
        "highway": "crossing"
      },
      "geometry": {
        "type": "Point",
        "coordinates": [
          135.4388278,
          34.814421
        ]
      },
      "id": "node/5369150356"
    },
    {
      "type": "Feature",
      "properties": {
        "@id": "node/5369150357",
        "crossing": "traffic_signals",
        "highway": "crossing"
      },
      "geometry": {
        "type": "Point",
        "coordinates": [
          135.4385436,
          34.8146126
        ]
      },
      "id": "node/5369150357"
    },
    {
      "type": "Feature",
      "properties": {
        "@id": "node/5369150374",
        "crossing": "traffic_signals",
        "highway": "crossing"
      },
      "geometry": {
        "type": "Point",
        "coordinates": [
          135.4373608,
          34.8154607
        ]
      },
      "id": "node/5369150374"
    },
    {
      "type": "Feature",
      "properties": {
        "@id": "node/5397155775",
        "button_operated": "no",
        "crossing": "traffic_signals",
        "crossing:island": "no",
        "highway": "crossing",
        "tactile_paving": "no",
        "traffic_signals:sound": "no",
        "traffic_signals:vibration": "no"
      },
      "geometry": {
        "type": "Point",
        "coordinates": [
          135.4475229,
          34.8045831
        ]
      },
      "id": "node/5397155775"
    },
    {
      "type": "Feature",
      "properties": {
        "@id": "node/5397155943",
        "button_operated": "yes",
        "crossing": "traffic_signals",
        "crossing:island": "no",
        "highway": "crossing",
        "tactile_paving": "no",
        "traffic_signals:sound": "no",
        "traffic_signals:vibration": "yes"
      },
      "geometry": {
        "type": "Point",
        "coordinates": [
          135.4474187,
          34.8055788
        ]
      },
      "id": "node/5397155943"
    },
    {
      "type": "Feature",
      "properties": {
        "@id": "node/5397155946",
        "button_operated": "yes",
        "crossing": "traffic_signals",
        "crossing:island": "no",
        "highway": "crossing",
        "tactile_paving": "no",
        "traffic_signals:sound": "no",
        "traffic_signals:vibration": "yes"
      },
      "geometry": {
        "type": "Point",
        "coordinates": [
          135.4474016,
          34.8056968
        ]
      },
      "id": "node/5397155946"
    },
    {
      "type": "Feature",
      "properties": {
        "@id": "node/5397155960",
        "button_operated": "no",
        "crossing": "traffic_signals",
        "highway": "crossing",
        "tactile_paving": "no",
        "traffic_signals:sound": "no",
        "traffic_signals:vibration": "no"
      },
      "geometry": {
        "type": "Point",
        "coordinates": [
          135.4471471,
          34.8069283
        ]
      },
      "id": "node/5397155960"
    },
    {
      "type": "Feature",
      "properties": {
        "@id": "node/5431034447",
        "highway": "traffic_signals",
        "traffic_signals": "signal"
      },
      "geometry": {
        "type": "Point",
        "coordinates": [
          135.4459305,
          34.7913181
        ]
      },
      "id": "node/5431034447"
    },
    {
      "type": "Feature",
      "properties": {
        "@id": "node/5431034448",
        "highway": "traffic_signals",
        "traffic_signals": "signal"
      },
      "geometry": {
        "type": "Point",
        "coordinates": [
          135.445681,
          34.7913174
        ]
      },
      "id": "node/5431034448"
    },
    {
      "type": "Feature",
      "properties": {
        "@id": "node/5431337652",
        "button_operated": "yes",
        "crossing:island": "no",
        "crossing:signals": "yes",
        "highway": "crossing",
        "tactile_paving": "yes",
        "traffic_signals:sound": "no"
      },
      "geometry": {
        "type": "Point",
        "coordinates": [
          135.4500153,
          34.7929873
        ]
      },
      "id": "node/5431337652"
    },
    {
      "type": "Feature",
      "properties": {
        "@id": "node/5592599418",
        "highway": "speed_camera",
        "maxspeed": "60",
        "type": "enforcement"
      },
      "geometry": {
        "type": "Point",
        "coordinates": [
          135.4972308,
          34.7819822
        ]
      },
      "id": "node/5592599418"
    },
    {
      "type": "Feature",
      "properties": {
        "@id": "node/5592599419",
        "highway": "speed_camera",
        "maxspeed": "60",
        "type": "enforcement"
      },
      "geometry": {
        "type": "Point",
        "coordinates": [
          135.4951977,
          34.7980411
        ]
      },
      "id": "node/5592599419"
    },
    {
      "type": "Feature",
      "properties": {
        "@id": "node/5599344716",
        "highway": "speed_camera",
        "maxspeed": "60",
        "type": "enforcement"
      },
      "geometry": {
        "type": "Point",
        "coordinates": [
          135.4970391,
          34.7818124
        ]
      },
      "id": "node/5599344716"
    },
    {
      "type": "Feature",
      "properties": {
        "@id": "node/5670522434",
        "highway": "traffic_signals",
        "traffic_signals": "signal"
      },
      "geometry": {
        "type": "Point",
        "coordinates": [
          135.4300118,
          34.8003797
        ]
      },
      "id": "node/5670522434"
    },
    {
      "type": "Feature",
      "properties": {
        "@id": "node/5972368515",
        "highway": "crossing"
      },
      "geometry": {
        "type": "Point",
        "coordinates": [
          135.476635,
          34.7639478
        ]
      },
      "id": "node/5972368515"
    },
    {
      "type": "Feature",
      "properties": {
        "@id": "node/6031898722",
        "crossing": "traffic_signals",
        "highway": "crossing"
      },
      "geometry": {
        "type": "Point",
        "coordinates": [
          135.4967858,
          34.7574594
        ]
      },
      "id": "node/6031898722"
    },
    {
      "type": "Feature",
      "properties": {
        "@id": "node/6031898725",
        "crossing": "traffic_signals",
        "highway": "crossing"
      },
      "geometry": {
        "type": "Point",
        "coordinates": [
          135.4968,
          34.7576734
        ]
      },
      "id": "node/6031898725"
    },
    {
      "type": "Feature",
      "properties": {
        "@id": "node/6038142736",
        "crossing": "traffic_signals",
        "highway": "crossing"
      },
      "geometry": {
        "type": "Point",
        "coordinates": [
          135.4972923,
          34.7641839
        ]
      },
      "id": "node/6038142736"
    },
    {
      "type": "Feature",
      "properties": {
        "@id": "node/6038142737",
        "crossing": "traffic_signals",
        "highway": "crossing"
      },
      "geometry": {
        "type": "Point",
        "coordinates": [
          135.4973023,
          34.7643204
        ]
      },
      "id": "node/6038142737"
    },
    {
      "type": "Feature",
      "properties": {
        "@id": "node/6038142738",
        "crossing": "traffic_signals",
        "highway": "crossing"
      },
      "geometry": {
        "type": "Point",
        "coordinates": [
          135.4977308,
          34.7643064
        ]
      },
      "id": "node/6038142738"
    },
    {
      "type": "Feature",
      "properties": {
        "@id": "node/6038142759",
        "crossing": "traffic_signals",
        "highway": "crossing"
      },
      "geometry": {
        "type": "Point",
        "coordinates": [
          135.4971394,
          34.762057
        ]
      },
      "id": "node/6038142759"
    },
    {
      "type": "Feature",
      "properties": {
        "@id": "node/6038142770",
        "crossing": "traffic_signals",
        "highway": "crossing"
      },
      "geometry": {
        "type": "Point",
        "coordinates": [
          135.4969744,
          34.7599248
        ]
      },
      "id": "node/6038142770"
    },
    {
      "type": "Feature",
      "properties": {
        "@id": "node/6038142772",
        "crossing": "traffic_signals",
        "highway": "crossing"
      },
      "geometry": {
        "type": "Point",
        "coordinates": [
          135.4969577,
          34.7597679
        ]
      },
      "id": "node/6038142772"
    },
    {
      "type": "Feature",
      "properties": {
        "@id": "node/6440646540",
        "emergency": "phone"
      },
      "geometry": {
        "type": "Point",
        "coordinates": [
          135.5178112,
          34.806116
        ]
      },
      "id": "node/6440646540"
    },
    {
      "type": "Feature",
      "properties": {
        "@id": "node/6440646541",
        "emergency": "phone"
      },
      "geometry": {
        "type": "Point",
        "coordinates": [
          135.5070909,
          34.8068199
        ]
      },
      "id": "node/6440646541"
    },
    {
      "type": "Feature",
      "properties": {
        "@id": "node/6440646543",
        "name": "吹田市",
        "name:en": "Suita City",
        "traffic_sign": "city_limit"
      },
      "geometry": {
        "type": "Point",
        "coordinates": [
          135.5032798,
          34.8072453
        ]
      },
      "id": "node/6440646543"
    },
    {
      "type": "Feature",
      "properties": {
        "@id": "node/6440646545",
        "name": "豊中市",
        "name:en": "Toyonaka City",
        "traffic_sign": "city_limit"
      },
      "geometry": {
        "type": "Point",
        "coordinates": [
          135.4448322,
          34.8002129
        ]
      },
      "id": "node/6440646545"
    },
    {
      "type": "Feature",
      "properties": {
        "@id": "node/6440646546",
        "highway": "emergency_bay"
      },
      "geometry": {
        "type": "Point",
        "coordinates": [
          135.4405168,
          34.8005997
        ]
      },
      "id": "node/6440646546"
    },
    {
      "type": "Feature",
      "properties": {
        "@id": "node/6440646547",
        "emergency": "phone",
        "highway": "emergency_bay"
      },
      "geometry": {
        "type": "Point",
        "coordinates": [
          135.4375713,
          34.8013999
        ]
      },
      "id": "node/6440646547"
    },
    {
      "type": "Feature",
      "properties": {
        "@id": "node/6440646548",
        "alt_name": "大阪府",
        "alt_name:en": "Osaka Pref.",
        "name": "池田市",
        "name:en": "Ikeda City",
        "traffic_sign": "city_limit"
      },
      "geometry": {
        "type": "Point",
        "coordinates": [
          135.4275477,
          34.809031
        ]
      },
      "id": "node/6440646548"
    },
    {
      "type": "Feature",
      "properties": {
        "@id": "node/6440646549",
        "emergency": "phone",
        "highway": "emergency_bay"
      },
      "geometry": {
        "type": "Point",
        "coordinates": [
          135.4169698,
          34.810889
        ]
      },
      "id": "node/6440646549"
    },
    {
      "type": "Feature",
      "properties": {
        "@id": "node/6440646551",
        "name": "川西市",
        "name:en": "Kawanishi City",
        "traffic_sign": "city_limit"
      },
      "geometry": {
        "type": "Point",
        "coordinates": [
          135.4030057,
          34.8111635
        ]
      },
      "id": "node/6440646551"
    },
    {
      "type": "Feature",
      "properties": {
        "@id": "node/6440646554",
        "emergency": "phone",
        "highway": "emergency_bay"
      },
      "geometry": {
        "type": "Point",
        "coordinates": [
          135.3917659,
          34.8103881
        ]
      },
      "id": "node/6440646554"
    },
    {
      "type": "Feature",
      "properties": {
        "@id": "node/6440646556",
        "emergency": "phone",
        "highway": "emergency_bay"
      },
      "geometry": {
        "type": "Point",
        "coordinates": [
          135.3945277,
          34.8106597
        ]
      },
      "id": "node/6440646556"
    },
    {
      "type": "Feature",
      "properties": {
        "@id": "node/6440646557",
        "emergency": "phone",
        "highway": "emergency_bay"
      },
      "geometry": {
        "type": "Point",
        "coordinates": [
          135.4330353,
          34.8045093
        ]
      },
      "id": "node/6440646557"
    },
    {
      "type": "Feature",
      "properties": {
        "@id": "node/6679827149",
        "crossing": "traffic_signals",
        "highway": "crossing"
      },
      "geometry": {
        "type": "Point",
        "coordinates": [
          135.496736,
          34.7786972
        ]
      },
      "id": "node/6679827149"
    },
    {
      "type": "Feature",
      "properties": {
        "@id": "node/6679827150",
        "crossing": "traffic_signals",
        "highway": "crossing"
      },
      "geometry": {
        "type": "Point",
        "coordinates": [
          135.4963567,
          34.7788148
        ]
      },
      "id": "node/6679827150"
    },
    {
      "type": "Feature",
      "properties": {
        "@id": "node/6679827152",
        "crossing": "traffic_signals",
        "highway": "crossing"
      },
      "geometry": {
        "type": "Point",
        "coordinates": [
          135.4964417,
          34.7791032
        ]
      },
      "id": "node/6679827152"
    },
    {
      "type": "Feature",
      "properties": {
        "@id": "node/6679827153",
        "crossing": "traffic_signals",
        "highway": "crossing"
      },
      "geometry": {
        "type": "Point",
        "coordinates": [
          135.4968235,
          34.7789864
        ]
      },
      "id": "node/6679827153"
    },
    {
      "type": "Feature",
      "properties": {
        "@id": "node/6679827176",
        "crossing": "traffic_signals",
        "highway": "crossing"
      },
      "geometry": {
        "type": "Point",
        "coordinates": [
          135.4961072,
          34.7781662
        ]
      },
      "id": "node/6679827176"
    },
    {
      "type": "Feature",
      "properties": {
        "@id": "node/6679827177",
        "crossing": "traffic_signals",
        "highway": "crossing"
      },
      "geometry": {
        "type": "Point",
        "coordinates": [
          135.4965322,
          34.7781831
        ]
      },
      "id": "node/6679827177"
    },
    {
      "type": "Feature",
      "properties": {
        "@id": "node/6699881391",
        "crossing": "traffic_signals",
        "highway": "crossing"
      },
      "geometry": {
        "type": "Point",
        "coordinates": [
          135.4971074,
          34.7862808
        ]
      },
      "id": "node/6699881391"
    },
    {
      "type": "Feature",
      "properties": {
        "@id": "node/6699881392",
        "crossing": "traffic_signals",
        "highway": "crossing"
      },
      "geometry": {
        "type": "Point",
        "coordinates": [
          135.4970975,
          34.7859409
        ]
      },
      "id": "node/6699881392"
    },
    {
      "type": "Feature",
      "properties": {
        "@id": "node/6699881393",
        "crossing": "traffic_signals",
        "highway": "crossing"
      },
      "geometry": {
        "type": "Point",
        "coordinates": [
          135.4974916,
          34.7859369
        ]
      },
      "id": "node/6699881393"
    },
    {
      "type": "Feature",
      "properties": {
        "@id": "node/6699881394",
        "crossing": "traffic_signals",
        "highway": "crossing"
      },
      "geometry": {
        "type": "Point",
        "coordinates": [
          135.4975039,
          34.7862715
        ]
      },
      "id": "node/6699881394"
    },
    {
      "type": "Feature",
      "properties": {
        "@id": "node/6699978218",
        "highway": "traffic_signals"
      },
      "geometry": {
        "type": "Point",
        "coordinates": [
          135.4971009,
          34.7861549
        ]
      },
      "id": "node/6699978218"
    },
    {
      "type": "Feature",
      "properties": {
        "@id": "node/6699978219",
        "highway": "traffic_signals"
      },
      "geometry": {
        "type": "Point",
        "coordinates": [
          135.4974987,
          34.7861433
        ]
      },
      "id": "node/6699978219"
    },
    {
      "type": "Feature",
      "properties": {
        "@id": "node/6957078019",
        "crossing": "traffic_signals",
        "highway": "crossing"
      },
      "geometry": {
        "type": "Point",
        "coordinates": [
          135.4974798,
          34.7854884
        ]
      },
      "id": "node/6957078019"
    },
    {
      "type": "Feature",
      "properties": {
        "@id": "node/6957078020",
        "crossing": "traffic_signals",
        "highway": "crossing"
      },
      "geometry": {
        "type": "Point",
        "coordinates": [
          135.497086,
          34.7854282
        ]
      },
      "id": "node/6957078020"
    },
    {
      "type": "Feature",
      "properties": {
        "@id": "node/7106478304",
        "crossing": "traffic_signals",
        "highway": "crossing"
      },
      "geometry": {
        "type": "Point",
        "coordinates": [
          135.496218,
          34.7698303
        ]
      },
      "id": "node/7106478304"
    },
    {
      "type": "Feature",
      "properties": {
        "@id": "node/7106478305",
        "crossing": "traffic_signals",
        "highway": "crossing"
      },
      "geometry": {
        "type": "Point",
        "coordinates": [
          135.4962729,
          34.7697181
        ]
      },
      "id": "node/7106478305"
    },
    {
      "type": "Feature",
      "properties": {
        "@id": "node/7106478306",
        "crossing": "traffic_signals",
        "highway": "crossing"
      },
      "geometry": {
        "type": "Point",
        "coordinates": [
          135.4966031,
          34.7699632
        ]
      },
      "id": "node/7106478306"
    },
    {
      "type": "Feature",
      "properties": {
        "@id": "node/7106478307",
        "crossing": "traffic_signals",
        "highway": "crossing"
      },
      "geometry": {
        "type": "Point",
        "coordinates": [
          135.4966515,
          34.7698465
        ]
      },
      "id": "node/7106478307"
    },
    {
      "type": "Feature",
      "properties": {
        "@id": "node/7306259626",
        "highway": "traffic_signals"
      },
      "geometry": {
        "type": "Point",
        "coordinates": [
          135.4962317,
          34.7987325
        ]
      },
      "id": "node/7306259626"
    },
    {
      "type": "Feature",
      "properties": {
        "@id": "node/7475413743",
        "highway": "crossing"
      },
      "geometry": {
        "type": "Point",
        "coordinates": [
          135.4738939,
          34.8116708
        ]
      },
      "id": "node/7475413743"
    },
    {
      "type": "Feature",
      "properties": {
        "@id": "node/7997057417",
        "crossing": "marked",
        "highway": "crossing"
      },
      "geometry": {
        "type": "Point",
        "coordinates": [
          135.4618719,
          34.7579834
        ]
      },
      "id": "node/7997057417"
    },
    {
      "type": "Feature",
      "properties": {
        "@id": "node/7997057418",
        "crossing": "marked",
        "highway": "crossing"
      },
      "geometry": {
        "type": "Point",
        "coordinates": [
          135.4622335,
          34.7579708
        ]
      },
      "id": "node/7997057418"
    },
    {
      "type": "Feature",
      "properties": {
        "@id": "node/8100709193",
        "crossing": "traffic_signals",
        "highway": "crossing"
      },
      "geometry": {
        "type": "Point",
        "coordinates": [
          135.4967176,
          34.7561976
        ]
      },
      "id": "node/8100709193"
    },
    {
      "type": "Feature",
      "properties": {
        "@id": "node/8100709194",
        "crossing": "traffic_signals",
        "highway": "crossing"
      },
      "geometry": {
        "type": "Point",
        "coordinates": [
          135.4966953,
          34.756027
        ]
      },
      "id": "node/8100709194"
    },
    {
      "type": "Feature",
      "properties": {
        "@id": "node/8226279806",
        "crossing": "marked",
        "highway": "crossing"
      },
      "geometry": {
        "type": "Point",
        "coordinates": [
          135.4273649,
          34.7829738
        ]
      },
      "id": "node/8226279806"
    },
    {
      "type": "Feature",
      "properties": {
        "@id": "node/8226279807",
        "crossing": "marked",
        "highway": "crossing"
      },
      "geometry": {
        "type": "Point",
        "coordinates": [
          135.427414,
          34.7828557
        ]
      },
      "id": "node/8226279807"
    },
    {
      "type": "Feature",
      "properties": {
        "@id": "node/8329102313",
        "crossing": "marked",
        "highway": "crossing"
      },
      "geometry": {
        "type": "Point",
        "coordinates": [
          135.4739614,
          34.8118459
        ]
      },
      "id": "node/8329102313"
    },
    {
      "type": "Feature",
      "properties": {
        "@id": "node/8552387664",
        "crossing": "traffic_signals",
        "highway": "crossing"
      },
      "geometry": {
        "type": "Point",
        "coordinates": [
          135.4270078,
          34.7998179
        ]
      },
      "id": "node/8552387664"
    },
    {
      "type": "Feature",
      "properties": {
        "@id": "node/8981811348",
        "highway": "crossing"
      },
      "geometry": {
        "type": "Point",
        "coordinates": [
          135.496599,
          34.7547075
        ]
      },
      "id": "node/8981811348"
    },
    {
      "type": "Feature",
      "properties": {
        "@id": "node/9357480646",
        "bus": "yes",
        "name": "箕輪",
        "name:en": "Minowa",
        "name:ja": "箕輪",
        "operator": "伊丹市交通局",
        "public_transport": "stop_position"
      },
      "geometry": {
        "type": "Point",
        "coordinates": [
          135.450412,
          34.7856105
        ]
      },
      "id": "node/9357480646"
    },
    {
      "type": "Feature",
      "properties": {
        "@id": "node/9359676612",
        "bus": "yes",
        "name": "蛍池南町",
        "name:en": "Hotarugaike-minamimachi",
        "name:ja": "蛍池南町",
        "operator": "伊丹市交通局",
        "public_transport": "stop_position"
      },
      "geometry": {
        "type": "Point",
        "coordinates": [
          135.4480779,
          34.7887105
        ]
      },
      "id": "node/9359676612"
    },
    {
      "type": "Feature",
      "properties": {
        "@id": "node/9359676613",
        "bus": "yes",
        "name": "蛍池南町",
        "name:en": "Hotarugaike-minamimachi",
        "name:ja": "蛍池南町",
        "operator": "伊丹市交通局",
        "public_transport": "stop_position"
      },
      "geometry": {
        "type": "Point",
        "coordinates": [
          135.4482544,
          34.7881596
        ]
      },
      "id": "node/9359676613"
    },
    {
      "type": "Feature",
      "properties": {
        "@id": "node/9365020695",
        "bus": "yes",
        "name": "空港1丁目",
        "name:en": "Kuko 1-chome",
        "name:ja": "空港1丁目",
        "operator": "伊丹市交通局",
        "public_transport": "stop_position"
      },
      "geometry": {
        "type": "Point",
        "coordinates": [
          135.4436614,
          34.7944379
        ]
      },
      "id": "node/9365020695"
    },
    {
      "type": "Feature",
      "properties": {
        "@id": "node/9854559538",
        "highway": "traffic_signals",
        "name": "桃山台駅東",
        "name:en": "Momoyamadaieki-higashi"
      },
      "geometry": {
        "type": "Point",
        "coordinates": [
          135.4976087,
          34.7928596
        ]
      },
      "id": "node/9854559538"
    },
    {
      "type": "Feature",
      "properties": {
        "@id": "node/9854559539",
        "highway": "traffic_signals",
        "name": "桃山台駅西",
        "name:en": "Momoyamadaieki-higashi"
      },
      "geometry": {
        "type": "Point",
        "coordinates": [
          135.4971375,
          34.7928107
        ]
      },
      "id": "node/9854559539"
    },
    {
      "type": "Feature",
      "properties": {
        "@id": "node/10066620688",
        "crossing": "traffic_signals",
        "highway": "crossing"
      },
      "geometry": {
        "type": "Point",
        "coordinates": [
          135.4696177,
          34.7807426
        ]
      },
      "id": "node/10066620688"
    },
    {
      "type": "Feature",
      "properties": {
        "@id": "node/10066620689",
        "crossing": "traffic_signals",
        "highway": "crossing"
      },
      "geometry": {
        "type": "Point",
        "coordinates": [
          135.4696845,
          34.7806031
        ]
      },
      "id": "node/10066620689"
    },
    {
      "type": "Feature",
      "properties": {
        "@id": "node/10750010845",
        "crossing": "traffic_signals",
        "highway": "crossing"
      },
      "geometry": {
        "type": "Point",
        "coordinates": [
          135.475931,
          34.7655335
        ]
      },
      "id": "node/10750010845"
    },
    {
      "type": "Feature",
      "properties": {
        "@id": "node/10750010850",
        "crossing": "traffic_signals",
        "highway": "crossing"
      },
      "geometry": {
        "type": "Point",
        "coordinates": [
          135.475988,
          34.7654085
        ]
      },
      "id": "node/10750010850"
    },
    {
      "type": "Feature",
      "properties": {
        "@id": "node/10750010857",
        "crossing": "traffic_signals",
        "highway": "crossing"
      },
      "geometry": {
        "type": "Point",
        "coordinates": [
          135.4754725,
          34.7665402
        ]
      },
      "id": "node/10750010857"
    },
    {
      "type": "Feature",
      "properties": {
        "@id": "node/10750010866",
        "crossing": "traffic_signals",
        "highway": "crossing"
      },
      "geometry": {
        "type": "Point",
        "coordinates": [
          135.4755532,
          34.7663699
        ]
      },
      "id": "node/10750010866"
    },
    {
      "type": "Feature",
      "properties": {
        "@id": "node/10750010870",
        "crossing": "traffic_signals",
        "highway": "crossing"
      },
      "geometry": {
        "type": "Point",
        "coordinates": [
          135.4735823,
          34.7710505
        ]
      },
      "id": "node/10750010870"
    },
    {
      "type": "Feature",
      "properties": {
        "@id": "node/10750010881",
        "crossing": "traffic_signals",
        "highway": "crossing"
      },
      "geometry": {
        "type": "Point",
        "coordinates": [
          135.473129,
          34.7724374
        ]
      },
      "id": "node/10750010881"
    },
    {
      "type": "Feature",
      "properties": {
        "@id": "node/10750010884",
        "crossing": "traffic_signals",
        "highway": "crossing"
      },
      "geometry": {
        "type": "Point",
        "coordinates": [
          135.4731881,
          34.7722587
        ]
      },
      "id": "node/10750010884"
    },
    {
      "type": "Feature",
      "properties": {
        "@id": "node/10750010894",
        "crossing": "traffic_signals",
        "highway": "crossing"
      },
      "geometry": {
        "type": "Point",
        "coordinates": [
          135.4724579,
          34.7741591
        ]
      },
      "id": "node/10750010894"
    },
    {
      "type": "Feature",
      "properties": {
        "@id": "node/10750010900",
        "crossing": "traffic_signals",
        "highway": "crossing"
      },
      "geometry": {
        "type": "Point",
        "coordinates": [
          135.4725691,
          34.7739607
        ]
      },
      "id": "node/10750010900"
    },
    {
      "type": "Feature",
      "properties": {
        "@id": "node/10750010910",
        "crossing": "traffic_signals",
        "highway": "crossing"
      },
      "geometry": {
        "type": "Point",
        "coordinates": [
          135.4713512,
          34.7755509
        ]
      },
      "id": "node/10750010910"
    },
    {
      "type": "Feature",
      "properties": {
        "@id": "node/10750010916",
        "crossing": "traffic_signals",
        "highway": "crossing"
      },
      "geometry": {
        "type": "Point",
        "coordinates": [
          135.4714303,
          34.7754406
        ]
      },
      "id": "node/10750010916"
    },
    {
      "type": "Feature",
      "properties": {
        "@id": "node/10750010932",
        "crossing": "traffic_signals",
        "highway": "crossing"
      },
      "geometry": {
        "type": "Point",
        "coordinates": [
          135.4709615,
          34.7761025
        ]
      },
      "id": "node/10750010932"
    },
    {
      "type": "Feature",
      "properties": {
        "@id": "node/10750010938",
        "crossing": "traffic_signals",
        "highway": "crossing"
      },
      "geometry": {
        "type": "Point",
        "coordinates": [
          135.4708779,
          34.7763015
        ]
      },
      "id": "node/10750010938"
    },
    {
      "type": "Feature",
      "properties": {
        "@id": "node/10750010946",
        "crossing": "traffic_signals",
        "highway": "crossing"
      },
      "geometry": {
        "type": "Point",
        "coordinates": [
          135.4706499,
          34.7775568
        ]
      },
      "id": "node/10750010946"
    },
    {
      "type": "Feature",
      "properties": {
        "@id": "node/10750010955",
        "crossing": "traffic_signals",
        "highway": "crossing"
      },
      "geometry": {
        "type": "Point",
        "coordinates": [
          135.4706732,
          34.7774258
        ]
      },
      "id": "node/10750010955"
    },
    {
      "type": "Feature",
      "properties": {
        "@id": "node/10750010960",
        "crossing": "traffic_signals",
        "highway": "crossing"
      },
      "geometry": {
        "type": "Point",
        "coordinates": [
          135.4705639,
          34.7780705
        ]
      },
      "id": "node/10750010960"
    },
    {
      "type": "Feature",
      "properties": {
        "@id": "node/10750010969",
        "crossing": "traffic_signals",
        "highway": "crossing"
      },
      "geometry": {
        "type": "Point",
        "coordinates": [
          135.4704181,
          34.778926
        ]
      },
      "id": "node/10750010969"
    },
    {
      "type": "Feature",
      "properties": {
        "@id": "node/10750010978",
        "crossing": "traffic_signals",
        "highway": "crossing"
      },
      "geometry": {
        "type": "Point",
        "coordinates": [
          135.4704399,
          34.7787919
        ]
      },
      "id": "node/10750010978"
    },
    {
      "type": "Feature",
      "properties": {
        "@id": "node/10750010993",
        "crossing": "traffic_signals",
        "highway": "crossing"
      },
      "geometry": {
        "type": "Point",
        "coordinates": [
          135.4692424,
          34.7815011
        ]
      },
      "id": "node/10750010993"
    },
    {
      "type": "Feature",
      "properties": {
        "@id": "node/10750010998",
        "crossing": "traffic_signals",
        "highway": "crossing"
      },
      "geometry": {
        "type": "Point",
        "coordinates": [
          135.4686497,
          34.7826684
        ]
      },
      "id": "node/10750010998"
    },
    {
      "type": "Feature",
      "properties": {
        "@id": "node/10750011001",
        "crossing": "traffic_signals",
        "highway": "crossing"
      },
      "geometry": {
        "type": "Point",
        "coordinates": [
          135.4685799,
          34.7825574
        ]
      },
      "id": "node/10750011001"
    },
    {
      "type": "Feature",
      "properties": {
        "@id": "node/10750011004",
        "crossing": "traffic_signals",
        "highway": "crossing"
      },
      "geometry": {
        "type": "Point",
        "coordinates": [
          135.468813,
          34.7825932
        ]
      },
      "id": "node/10750011004"
    },
    {
      "type": "Feature",
      "properties": {
        "@id": "node/10750011007",
        "crossing": "traffic_signals",
        "highway": "crossing"
      },
      "geometry": {
        "type": "Point",
        "coordinates": [
          135.4687474,
          34.7824656
        ]
      },
      "id": "node/10750011007"
    },
    {
      "type": "Feature",
      "properties": {
        "@id": "node/10750011013",
        "crossing": "traffic_signals",
        "highway": "crossing"
      },
      "geometry": {
        "type": "Point",
        "coordinates": [
          135.4669148,
          34.7844322
        ]
      },
      "id": "node/10750011013"
    },
    {
      "type": "Feature",
      "properties": {
        "@id": "node/10750011016",
        "crossing": "traffic_signals",
        "highway": "crossing"
      },
      "geometry": {
        "type": "Point",
        "coordinates": [
          135.4671039,
          34.7843175
        ]
      },
      "id": "node/10750011016"
    },
    {
      "type": "Feature",
      "properties": {
        "@id": "node/10750011026",
        "crossing": "traffic_signals",
        "highway": "crossing"
      },
      "geometry": {
        "type": "Point",
        "coordinates": [
          135.4654892,
          34.7854976
        ]
      },
      "id": "node/10750011026"
    },
    {
      "type": "Feature",
      "properties": {
        "@id": "node/10750011029",
        "crossing": "traffic_signals",
        "highway": "crossing"
      },
      "geometry": {
        "type": "Point",
        "coordinates": [
          135.4653716,
          34.7856
        ]
      },
      "id": "node/10750011029"
    },
    {
      "type": "Feature",
      "properties": {
        "@id": "node/10750011051",
        "crossing": "traffic_signals",
        "highway": "crossing"
      },
      "geometry": {
        "type": "Point",
        "coordinates": [
          135.4643645,
          34.7864622
        ]
      },
      "id": "node/10750011051"
    },
    {
      "type": "Feature",
      "properties": {
        "@id": "node/10750011057",
        "crossing": "traffic_signals",
        "highway": "crossing"
      },
      "geometry": {
        "type": "Point",
        "coordinates": [
          135.4630549,
          34.7872012
        ]
      },
      "id": "node/10750011057"
    },
    {
      "type": "Feature",
      "properties": {
        "@id": "node/10750011062",
        "crossing": "traffic_signals",
        "highway": "crossing"
      },
      "geometry": {
        "type": "Point",
        "coordinates": [
          135.4633895,
          34.7870196
        ]
      },
      "id": "node/10750011062"
    },
    {
      "type": "Feature",
      "properties": {
        "@id": "node/11152971953",
        "highway": "crossing"
      },
      "geometry": {
        "type": "Point",
        "coordinates": [
          135.4622697,
          34.7820431
        ]
      },
      "id": "node/11152971953"
    },
    {
      "type": "Feature",
      "properties": {
        "@id": "node/11152971954",
        "highway": "crossing"
      },
      "geometry": {
        "type": "Point",
        "coordinates": [
          135.4623662,
          34.7820496
        ]
      },
      "id": "node/11152971954"
    },
    {
      "type": "Feature",
      "properties": {
        "@id": "node/11152971968",
        "highway": "crossing"
      },
      "geometry": {
        "type": "Point",
        "coordinates": [
          135.4637768,
          34.7821326
        ]
      },
      "id": "node/11152971968"
    },
    {
      "type": "Feature",
      "properties": {
        "@id": "node/11152971971",
        "highway": "crossing"
      },
      "geometry": {
        "type": "Point",
        "coordinates": [
          135.4642536,
          34.7821564
        ]
      },
      "id": "node/11152971971"
    },
    {
      "type": "Feature",
      "properties": {
        "@id": "node/11152981048",
        "crossing": "traffic_signals",
        "highway": "crossing"
      },
      "geometry": {
        "type": "Point",
        "coordinates": [
          135.460087,
          34.7820052
        ]
      },
      "id": "node/11152981048"
    },
    {
      "type": "Feature",
      "properties": {
        "@id": "node/11152981050",
        "crossing": "traffic_signals",
        "highway": "crossing"
      },
      "geometry": {
        "type": "Point",
        "coordinates": [
          135.4598435,
          34.7820088
        ]
      },
      "id": "node/11152981050"
    },
    {
      "type": "Feature",
      "properties": {
        "@id": "node/11197114651",
        "highway": "traffic_signals"
      },
      "geometry": {
        "type": "Point",
        "coordinates": [
          135.5052986,
          34.8053045
        ]
      },
      "id": "node/11197114651"
    },
    {
      "type": "Feature",
      "properties": {
        "@id": "node/11197114652",
        "highway": "traffic_signals"
      },
      "geometry": {
        "type": "Point",
        "coordinates": [
          135.5056356,
          34.8053209
        ]
      },
      "id": "node/11197114652"
    },
    {
      "type": "Feature",
      "properties": {
        "@id": "node/11228376642",
        "crossing": "traffic_signals",
        "crossing:island": "no",
        "highway": "crossing",
        "tactile_paving": "yes"
      },
      "geometry": {
        "type": "Point",
        "coordinates": [
          135.4492919,
          34.7940233
        ]
      },
      "id": "node/11228376642"
    },
    {
      "type": "Feature",
      "properties": {
        "@id": "node/11228376644",
        "crossing": "traffic_signals",
        "crossing:island": "no",
        "highway": "crossing",
        "tactile_paving": "yes",
        "traffic_signals:sound": "yes"
      },
      "geometry": {
        "type": "Point",
        "coordinates": [
          135.4493949,
          34.7938581
        ]
      },
      "id": "node/11228376644"
    },
    {
      "type": "Feature",
      "properties": {
        "@id": "node/11228376738",
        "crossing": "traffic_signals",
        "highway": "crossing"
      },
      "geometry": {
        "type": "Point",
        "coordinates": [
          135.44936,
          34.7954825
        ]
      },
      "id": "node/11228376738"
    },
    {
      "type": "Feature",
      "properties": {
        "@id": "node/11228376740",
        "crossing": "traffic_signals",
        "highway": "crossing"
      },
      "geometry": {
        "type": "Point",
        "coordinates": [
          135.4493836,
          34.7953628
        ]
      },
      "id": "node/11228376740"
    },
    {
      "type": "Feature",
      "properties": {
        "@id": "node/11252401746",
        "highway": "traffic_signals",
        "name": "軍行橋東詰"
      },
      "geometry": {
        "type": "Point",
        "coordinates": [
          135.4258815,
          34.7995339
        ]
      },
      "id": "node/11252401746"
    },
    {
      "type": "Feature",
      "properties": {
        "@id": "node/11347640466",
        "crossing": "traffic_signals",
        "highway": "crossing"
      },
      "geometry": {
        "type": "Point",
        "coordinates": [
          135.4127321,
          34.8016366
        ]
      },
      "id": "node/11347640466"
    },
    {
      "type": "Feature",
      "properties": {
        "@id": "node/11510269078",
        "highway": "traffic_signals",
        "name": "柴原体育館北",
        "name:en": "Shibahara taiikukan kita",
        "name:ja": "柴原体育館北",
        "traffic_signals:direction": "forward"
      },
      "geometry": {
        "type": "Point",
        "coordinates": [
          135.4592223,
          34.8001876
        ]
      },
      "id": "node/11510269078"
    },
    {
      "type": "Feature",
      "properties": {
        "@id": "node/11510269142",
        "highway": "traffic_signals",
        "name": "刀根山元町北",
        "name:en": "Toneyama motomachi kita",
        "name:ja": "刀根山元町北"
      },
      "geometry": {
        "type": "Point",
        "coordinates": [
          135.458853,
          34.8002925
        ]
      },
      "id": "node/11510269142"
    },
    {
      "type": "Feature",
      "properties": {
        "@id": "node/12027894828",
        "button_operated": "no",
        "crossing": "traffic_signals",
        "crossing:island": "no",
        "highway": "crossing",
        "tactile_paving": "yes",
        "traffic_signals:sound": "yes"
      },
      "geometry": {
        "type": "Point",
        "coordinates": [
          135.3994153,
          34.7842143
        ]
      },
      "id": "node/12027894828"
    },
    {
      "type": "Feature",
      "properties": {
        "@id": "node/12027894830",
        "button_operated": "no",
        "crossing": "traffic_signals",
        "crossing:island": "no",
        "highway": "crossing",
        "tactile_paving": "yes",
        "traffic_signals:sound": "yes"
      },
      "geometry": {
        "type": "Point",
        "coordinates": [
          135.3996488,
          34.7843992
        ]
      },
      "id": "node/12027894830"
    },
    {
      "type": "Feature",
      "properties": {
        "@id": "node/12027894841",
        "button_operated": "no",
        "crossing": "traffic_signals",
        "crossing:island": "no",
        "highway": "crossing",
        "tactile_paving": "yes",
        "traffic_signals:sound": "no"
      },
      "geometry": {
        "type": "Point",
        "coordinates": [
          135.396534,
          34.781941
        ]
      },
      "id": "node/12027894841"
    },
    {
      "type": "Feature",
      "properties": {
        "@id": "node/12027894843",
        "button_operated": "no",
        "crossing": "traffic_signals",
        "crossing:island": "no",
        "highway": "crossing",
        "tactile_paving": "yes",
        "traffic_signals:sound": "no"
      },
      "geometry": {
        "type": "Point",
        "coordinates": [
          135.3971351,
          34.782418
        ]
      },
      "id": "node/12027894843"
    },
    {
      "type": "Feature",
      "properties": {
        "@id": "node/12027894881",
        "button_operated": "no",
        "crossing": "traffic_signals",
        "crossing:island": "no",
        "highway": "crossing",
        "tactile_paving": "no",
        "traffic_signals:sound": "no",
        "traffic_signals:vibration": "no"
      },
      "geometry": {
        "type": "Point",
        "coordinates": [
          135.4059127,
          34.7896134
        ]
      },
      "id": "node/12027894881"
    },
    {
      "type": "Feature",
      "properties": {
        "@id": "node/12027894883",
        "button_operated": "no",
        "crossing": "traffic_signals",
        "crossing:island": "no",
        "highway": "crossing",
        "tactile_paving": "no",
        "traffic_signals:sound": "no",
        "traffic_signals:vibration": "no"
      },
      "geometry": {
        "type": "Point",
        "coordinates": [
          135.4057054,
          34.7894226
        ]
      },
      "id": "node/12027894883"
    },
    {
      "type": "Feature",
      "properties": {
        "@id": "node/12029209636",
        "crossing": "traffic_signals",
        "highway": "crossing"
      },
      "geometry": {
        "type": "Point",
        "coordinates": [
          135.4101129,
          34.7933932
        ]
      },
      "id": "node/12029209636"
    },
    {
      "type": "Feature",
      "properties": {
        "@id": "node/12029209655",
        "button_operated": "no",
        "crossing": "traffic_signals",
        "crossing:island": "no",
        "highway": "crossing",
        "tactile_paving": "no",
        "traffic_signals:sound": "no",
        "traffic_signals:vibration": "no"
      },
      "geometry": {
        "type": "Point",
        "coordinates": [
          135.4078879,
          34.7912482
        ]
      },
      "id": "node/12029209655"
    },
    {
      "type": "Feature",
      "properties": {
        "@id": "node/12029209657",
        "button_operated": "no",
        "crossing": "traffic_signals",
        "crossing:island": "no",
        "highway": "crossing",
        "tactile_paving": "no",
        "traffic_signals:sound": "no",
        "traffic_signals:vibration": "no"
      },
      "geometry": {
        "type": "Point",
        "coordinates": [
          135.4081602,
          34.7914888
        ]
      },
      "id": "node/12029209657"
    },
    {
      "type": "Feature",
      "properties": {
        "@id": "node/12031414762",
        "highway": "traffic_signals",
        "name": "伊丹下河原",
        "name:en": "Itami Shimogawara",
        "name:ja": "伊丹下河原"
      },
      "geometry": {
        "type": "Point",
        "coordinates": [
          135.4269322,
          34.7998605
        ]
      },
      "id": "node/12031414762"
    },
    {
      "type": "Feature",
      "properties": {
        "@id": "node/12031414763",
        "highway": "traffic_signals",
        "name": "伊丹下河原",
        "name:en": "Itami Shimogawara",
        "name:ja": "伊丹下河原"
      },
      "geometry": {
        "type": "Point",
        "coordinates": [
          135.4269458,
          34.7998083
        ]
      },
      "id": "node/12031414763"
    },
    {
      "type": "Feature",
      "properties": {
        "@id": "node/12031414764",
        "highway": "traffic_signals",
        "name": "伊丹下河原",
        "name:en": "Itami Shimogawara",
        "name:ja": "伊丹下河原"
      },
      "geometry": {
        "type": "Point",
        "coordinates": [
          135.4270868,
          34.7997466
        ]
      },
      "id": "node/12031414764"
    },
    {
      "type": "Feature",
      "properties": {
        "@id": "node/12043533693",
        "button_operated": "yes",
        "crossing": "traffic_signals",
        "crossing:island": "yes",
        "crossing:markings": "zebra",
        "highway": "crossing",
        "kerb": "lowered",
        "tactile_paving": "no",
        "traffic_signals:sound": "yes",
        "traffic_signals:vibration": "no"
      },
      "geometry": {
        "type": "Point",
        "coordinates": [
          135.4198282,
          34.7693859
        ]
      },
      "id": "node/12043533693"
    },
    {
      "type": "Feature",
      "properties": {
        "@id": "node/12043533694",
        "button_operated": "no",
        "crossing": "traffic_signals",
        "crossing:island": "no",
        "crossing:markings": "zebra",
        "highway": "crossing",
        "kerb": "lowered",
        "tactile_paving": "no",
        "traffic_signals:sound": "yes",
        "traffic_signals:vibration": "no"
      },
      "geometry": {
        "type": "Point",
        "coordinates": [
          135.4196995,
          34.7695631
        ]
      },
      "id": "node/12043533694"
    },
    {
      "type": "Feature",
      "properties": {
        "@id": "node/12246045329",
        "button_operated": "yes",
        "crossing": "traffic_signals",
        "crossing:island": "yes",
        "crossing:markings": "zebra",
        "highway": "crossing",
        "tactile_paving": "no",
        "traffic_signals:sound": "no",
        "traffic_signals:vibration": "no"
      },
      "geometry": {
        "type": "Point",
        "coordinates": [
          135.4168896,
          34.7905088
        ]
      },
      "id": "node/12246045329"
    },
    {
      "type": "Feature",
      "properties": {
        "@id": "node/12246045339",
        "button_operated": "no",
        "crossing": "traffic_signals",
        "crossing:island": "no",
        "crossing:markings": "zebra",
        "highway": "crossing",
        "tactile_paving": "no",
        "traffic_signals:sound": "no",
        "traffic_signals:vibration": "no"
      },
      "geometry": {
        "type": "Point",
        "coordinates": [
          135.4171174,
          34.7880015
        ]
      },
      "id": "node/12246045339"
    },
    {
      "type": "Feature",
      "properties": {
        "@id": "node/12246045340",
        "button_operated": "no",
        "crossing": "traffic_signals",
        "crossing:island": "no",
        "crossing:markings": "zebra",
        "highway": "crossing",
        "tactile_paving": "no",
        "traffic_signals:sound": "no",
        "traffic_signals:vibration": "no"
      },
      "geometry": {
        "type": "Point",
        "coordinates": [
          135.4171202,
          34.7879262
        ]
      },
      "id": "node/12246045340"
    },
    {
      "type": "Feature",
      "properties": {
        "@id": "node/12246045344",
        "button_operated": "no",
        "crossing": "traffic_signals",
        "crossing:island": "no",
        "crossing:markings": "zebra",
        "highway": "crossing",
        "tactile_paving": "no",
        "traffic_signals:sound": "no",
        "traffic_signals:vibration": "no"
      },
      "geometry": {
        "type": "Point",
        "coordinates": [
          135.4177427,
          34.7828402
        ]
      },
      "id": "node/12246045344"
    },
    {
      "type": "Feature",
      "properties": {
        "@id": "node/12246045346",
        "button_operated": "no",
        "crossing": "traffic_signals",
        "crossing:island": "no",
        "crossing:markings": "zebra",
        "highway": "crossing",
        "tactile_paving": "no",
        "traffic_signals:sound": "no",
        "traffic_signals:vibration": "no"
      },
      "geometry": {
        "type": "Point",
        "coordinates": [
          135.4176146,
          34.7827067
        ]
      },
      "id": "node/12246045346"
    },
    {
      "type": "Feature",
      "properties": {
        "@id": "node/12246064398",
        "crossing": "traffic_signals",
        "crossing:island": "no",
        "crossing:markings": "zebra",
        "highway": "crossing",
        "tactile_paving": "no",
        "traffic_signals:vibration": "no"
      },
      "geometry": {
        "type": "Point",
        "coordinates": [
          135.417017,
          34.7879114
        ]
      },
      "id": "node/12246064398"
    },
    {
      "type": "Feature",
      "properties": {
        "@id": "node/12249405212",
        "highway": "traffic_signals",
        "name": "伊丹1"
      },
      "geometry": {
        "type": "Point",
        "coordinates": [
          135.4175733,
          34.7828899
        ]
      },
      "id": "node/12249405212"
    },
    {
      "type": "Feature",
      "properties": {
        "@id": "node/12539243138",
        "bench": "no",
        "bus": "yes",
        "highway": "bus_stop",
        "lit": "no",
        "name": "関西大倉バス停 千里中央",
        "operator": "阪急バス",
        "public_transport": "platform",
        "shelter": "no"
      },
      "geometry": {
        "type": "Point",
        "coordinates": [
          135.4937165,
          34.8116757
        ]
      },
      "id": "node/12539243138"
    },
    {
      "type": "Feature",
      "properties": {
        "@id": "node/13238158744",
        "highway": "traffic_signals",
        "traffic_signals": "signal"
      },
      "geometry": {
        "type": "Point",
        "coordinates": [
          135.4720684,
          34.816707
        ]
      },
      "id": "node/13238158744"
    },
    {
      "type": "Feature",
      "properties": {
        "@id": "node/13388062944",
        "highway": "crossing"
      },
      "geometry": {
        "type": "Point",
        "coordinates": [
          135.4715359,
          34.8023262
        ]
      },
      "id": "node/13388062944"
    },
    {
      "type": "Feature",
      "properties": {
        "@id": "node/13388062945",
        "highway": "crossing"
      },
      "geometry": {
        "type": "Point",
        "coordinates": [
          135.4715986,
          34.8019489
        ]
      },
      "id": "node/13388062945"
    },
    {
      "type": "Feature",
      "properties": {
        "@id": "node/13566937150",
        "crossing:markings": "zebra",
        "highway": "crossing"
      },
      "geometry": {
        "type": "Point",
        "coordinates": [
          135.4610754,
          34.7879633
        ]
      },
      "id": "node/13566937150"
    },
    {
      "type": "Feature",
      "properties": {
        "@id": "node/13566937360",
        "junction": "yes",
        "name": "豊中本町",
        "name:en": "Toyonakahonmachi",
        "name:ja": "豊中本町"
      },
      "geometry": {
        "type": "Point",
        "coordinates": [
          135.4625635,
          34.7874357
        ]
      },
      "id": "node/13566937360"
    },
    {
      "type": "Feature",
      "properties": {
        "@id": "node/13566937361",
        "junction": "yes",
        "name": "豊中本町",
        "name:en": "Toyonakahonmachi",
        "name:ja": "豊中本町"
      },
      "geometry": {
        "type": "Point",
        "coordinates": [
          135.4623669,
          34.7875069
        ]
      },
      "id": "node/13566937361"
    },
    {
      "type": "Feature",
      "properties": {
        "@id": "node/13566937362",
        "highway": "traffic_signals",
        "traffic_signals:direction": "backward"
      },
      "geometry": {
        "type": "Point",
        "coordinates": [
          135.4627497,
          34.7873583
        ]
      },
      "id": "node/13566937362"
    },
    {
      "type": "Feature",
      "properties": {
        "@id": "node/13566937363",
        "highway": "traffic_signals",
        "traffic_signals:direction": "forward"
      },
      "geometry": {
        "type": "Point",
        "coordinates": [
          135.462213,
          34.7875614
        ]
      },
      "id": "node/13566937363"
    },
    {
      "type": "Feature",
      "properties": {
        "@id": "node/13717660480",
        "crossing": "traffic_signals",
        "highway": "crossing"
      },
      "geometry": {
        "type": "Point",
        "coordinates": [
          135.4142978,
          34.7978314
        ]
      },
      "id": "node/13717660480"
    },
    {
      "type": "Feature",
      "properties": {
        "@id": "node/13717660481",
        "crossing": "traffic_signals",
        "highway": "crossing"
      },
      "geometry": {
        "type": "Point",
        "coordinates": [
          135.4143944,
          34.7978885
        ]
      },
      "id": "node/13717660481"
    },
    {
      "type": "Feature",
      "properties": {
        "@id": "node/13717660486",
        "crossing": "traffic_signals",
        "highway": "crossing"
      },
      "geometry": {
        "type": "Point",
        "coordinates": [
          135.4132199,
          34.8004542
        ]
      },
      "id": "node/13717660486"
    },
    {
      "type": "Feature",
      "properties": {
        "@id": "node/13717660487",
        "crossing": "traffic_signals",
        "highway": "crossing"
      },
      "geometry": {
        "type": "Point",
        "coordinates": [
          135.4133168,
          34.8004812
        ]
      },
      "id": "node/13717660487"
    },
    {
      "type": "Feature",
      "properties": {
        "@id": "node/13717660492",
        "crossing": "traffic_signals",
        "highway": "crossing"
      },
      "geometry": {
        "type": "Point",
        "coordinates": [
          135.413126,
          34.8006802
        ]
      },
      "id": "node/13717660492"
    },
    {
      "type": "Feature",
      "properties": {
        "@id": "node/13717660493",
        "crossing": "traffic_signals",
        "highway": "crossing"
      },
      "geometry": {
        "type": "Point",
        "coordinates": [
          135.4132252,
          34.8007067
        ]
      },
      "id": "node/13717660493"
    },
    {
      "type": "Feature",
      "properties": {
        "@id": "node/13717660498",
        "crossing": "traffic_signals",
        "highway": "crossing"
      },
      "geometry": {
        "type": "Point",
        "coordinates": [
          135.4128321,
          34.8016645
        ]
      },
      "id": "node/13717660498"
    }
  ]
}